# This file uses inches as units for non-parametric coordinates.

mtllib guitar.mtl
g default
v 186.946571 96.254356 17.926844
v 186.654914 96.852440 17.926844
v 186.256507 97.071358 17.926844
v 185.439521 96.852440 17.926844
v 184.841437 96.254356 17.926844
v 184.622535 95.437363 17.926844
v 184.841437 94.620361 17.926844
v 185.439521 94.022278 17.926844
v 186.256507 93.803360 17.926844
v 186.654914 94.022278 17.926844
v 186.946571 94.620361 17.926844
v 187.053321 95.437363 17.926844
v 186.946571 96.254356 18.927349
v 186.654914 96.852440 18.927349
v 186.256507 97.071358 18.927349
v 185.439521 96.852440 18.927349
v 184.841437 96.254356 18.927349
v 184.622535 95.437363 18.927349
v 184.841437 94.620361 18.927349
v 185.439521 94.022278 18.927349
v 186.256507 93.803360 18.927349
v 186.654914 94.022278 18.927349
v 186.946571 94.620361 18.927349
v 187.053321 95.437363 18.927349
v 186.256507 95.437363 17.926844
v 186.256507 95.437363 18.927349
v 188.375068 95.766502 18.097958
v 188.375068 95.437363 17.961624
v 188.375068 95.108223 18.097958
v 188.375068 94.971886 18.427097
v 188.375068 95.108223 18.756235
v 188.375068 95.437363 18.892569
v 188.375068 95.766502 18.756235
v 188.375068 95.902832 18.427097
v 186.739783 95.766502 18.097958
v 186.739783 95.437363 17.961624
v 186.739783 95.108223 18.097958
v 186.739783 94.971886 18.427097
v 186.739783 95.108223 18.756235
v 186.739783 95.437363 18.892569
v 186.739783 95.766502 18.756235
v 186.739783 95.902832 18.427097
v 188.375068 95.437363 18.427097
v 186.739783 95.437363 18.427097
v 186.946571 96.254356 18.427097
v 187.053321 95.437363 18.427097
v 186.946571 94.620361 18.427097
v 186.654914 94.022278 18.427097
v 186.256507 93.803360 18.427097
v 185.439521 94.022278 18.427097
v 184.841437 94.620361 18.427097
v 184.622535 95.437363 18.427097
v 184.841437 96.254356 18.427097
v 185.439521 96.852440 18.427097
v 186.256507 97.071358 18.427097
v 186.654914 96.852440 18.427097
v 185.875617 100.127129 17.926844
v 185.583961 100.725212 17.926844
v 185.185554 100.944122 17.926844
v 184.368568 100.725212 17.926844
v 183.770484 100.127129 17.926844
v 183.551551 99.310135 17.926844
v 183.770484 98.493134 17.926844
v 184.368568 97.895050 17.926844
v 185.185554 97.676132 17.926844
v 185.583961 97.895050 17.926844
v 185.875617 98.493134 17.926844
v 185.982368 99.310135 17.926844
v 185.875617 100.127129 18.927349
v 185.583961 100.725212 18.927349
v 185.185554 100.944122 18.927349
v 184.368568 100.725212 18.927349
v 183.770484 100.127129 18.927349
v 183.551551 99.310135 18.927349
v 183.770484 98.493134 18.927349
v 184.368568 97.895050 18.927349
v 185.185554 97.676132 18.927349
v 185.583961 97.895050 18.927349
v 185.875617 98.493134 18.927349
v 185.982368 99.310135 18.927349
v 185.185554 99.310135 17.926844
v 185.185554 99.310135 18.927349
v 187.304114 99.639267 18.097958
v 187.304114 99.310135 17.961624
v 187.304114 98.980988 18.097958
v 187.304114 98.844658 18.427097
v 187.304114 98.980988 18.756235
v 187.304114 99.310135 18.892569
v 187.304114 99.639267 18.756235
v 187.304114 99.775604 18.427097
v 185.668830 99.639267 18.097958
v 185.668830 99.310135 17.961624
v 185.668830 98.980988 18.097958
v 185.668830 98.844658 18.427097
v 185.668830 98.980988 18.756235
v 185.668830 99.310135 18.892569
v 185.668830 99.639267 18.756235
v 185.668830 99.775604 18.427097
v 187.304114 99.310135 18.427097
v 185.668830 99.310135 18.427097
v 185.875617 100.127129 18.427097
v 185.982368 99.310135 18.427097
v 185.875617 98.493134 18.427097
v 185.583961 97.895050 18.427097
v 185.185554 97.676132 18.427097
v 184.368568 97.895050 18.427097
v 183.770484 98.493134 18.427097
v 183.551551 99.310135 18.427097
v 183.770484 100.127129 18.427097
v 184.368568 100.725212 18.427097
v 185.185554 100.944122 18.427097
v 185.583961 100.725212 18.427097
v 188.138221 92.381592 17.926844
v 187.846534 92.979675 17.926844
v 187.448157 93.198586 17.926844
v 186.631141 92.979675 17.926844
v 186.033057 92.381592 17.926844
v 185.814155 91.564590 17.926844
v 186.033057 90.747589 17.926844
v 186.631141 90.149506 17.926844
v 187.448157 89.930595 17.926844
v 187.846534 90.149506 17.926844
v 188.138221 90.747589 17.926844
v 188.244971 91.564590 17.926844
v 188.138221 92.381592 18.927349
v 187.846534 92.979675 18.927349
v 187.448157 93.198586 18.927349
v 186.631141 92.979675 18.927349
v 186.033057 92.381592 18.927349
v 185.814155 91.564590 18.927349
v 186.033057 90.747589 18.927349
v 186.631141 90.149506 18.927349
v 187.448157 89.930595 18.927349
v 187.846534 90.149506 18.927349
v 188.138221 90.747589 18.927349
v 188.244971 91.564590 18.927349
v 187.448157 91.564590 17.926844
v 187.448157 91.564590 18.927349
v 189.566688 91.893730 18.097958
v 189.566688 91.564590 17.961624
v 189.566688 91.235451 18.097958
v 189.566688 91.099121 18.427097
v 189.566688 91.235451 18.756235
v 189.566688 91.564590 18.892569
v 189.566688 91.893730 18.756235
v 189.566688 92.030060 18.427097
v 187.931434 91.893730 18.097958
v 187.931434 91.564590 17.961624
v 187.931434 91.235451 18.097958
v 187.931434 91.099121 18.427097
v 187.931434 91.235451 18.756235
v 187.931434 91.564590 18.892569
v 187.931434 91.893730 18.756235
v 187.931434 92.030060 18.427097
v 189.566688 91.564590 18.427097
v 187.931434 91.564590 18.427097
v 188.138221 92.381592 18.427097
v 188.244971 91.564590 18.427097
v 188.138221 90.747589 18.427097
v 187.846534 90.149506 18.427097
v 187.448157 89.930595 18.427097
v 186.631141 90.149506 18.427097
v 186.033057 90.747589 18.427097
v 185.814155 91.564590 18.427097
v 186.033057 92.381592 18.427097
v 186.631141 92.979675 18.427097
v 187.448157 93.198586 18.427097
v 187.846534 92.979675 18.427097
v 191.941016 86.805923 20.687435
v 189.586921 90.427177 20.687435
v 183.638953 110.746246 20.687435
v 188.850440 105.629120 20.687435
v 189.688453 106.208374 20.687435
v 194.387916 86.805923 20.687435
v 194.387916 86.805923 18.659832
v 191.941016 86.805923 18.659832
v 189.586921 90.427177 18.659832
v 188.850440 105.629120 18.659832
v 183.638953 110.746246 18.659832
v 189.688453 106.208374 18.659832
v 192.532661 87.612122 21.364582
v 190.430396 90.964363 21.364582
v 184.900520 108.606583 21.364582
v 188.764808 104.632790 21.364582
v 189.574195 105.214920 21.364582
v 194.387916 87.612122 21.364582
v 190.557838 89.573288 20.687435
v 191.158607 88.878845 20.687435
v 191.550422 88.048355 20.687435
v 191.550422 88.048355 18.659832
v 191.158607 88.878845 18.659832
v 190.557838 89.573288 18.659832
v 193.478156 102.032837 20.687435
v 194.387916 101.629944 20.687435
v 193.478156 102.032837 18.659832
v 194.387916 101.629944 18.659832
v 191.392005 90.120705 21.364582
v 191.977210 89.414108 21.364582
v 192.318915 88.553650 21.364582
v 194.387916 100.577065 21.364582
v 193.478156 100.975998 21.364582
v 194.387916 90.964363 21.364582
v 194.387916 90.120712 21.364582
v 194.387916 89.414108 21.364582
v 194.387916 88.553650 21.364582
v 192.073463 93.774048 21.364582
v 194.387916 93.562424 21.364582
v 196.834815 86.805923 20.687435
v 199.188911 90.427177 20.687435
v 205.136878 110.746246 20.687435
v 199.925391 105.629120 20.687435
v 199.087379 106.208374 20.687435
v 196.834815 86.805923 18.659832
v 199.188911 90.427177 18.659832
v 199.925391 105.629120 18.659832
v 205.136878 110.746246 18.659832
v 199.087379 106.208374 18.659832
v 196.243171 87.612122 21.364582
v 198.345435 90.964363 21.364582
v 203.875312 108.606583 21.364582
v 200.011024 104.632790 21.364582
v 199.201636 105.214920 21.364582
v 198.217994 89.573288 20.687435
v 197.617225 88.878845 20.687435
v 197.225410 88.048355 20.687435
v 197.225410 88.048355 18.659832
v 197.617225 88.878845 18.659832
v 198.217994 89.573288 18.659832
v 195.297675 102.032837 20.687435
v 195.297675 102.032837 18.659832
v 197.383826 90.120705 21.364582
v 196.798621 89.414108 21.364582
v 196.456916 88.553650 21.364582
v 195.297675 100.975998 21.364582
v 196.702369 93.774048 21.364582
v 191.941016 86.805923 16.632229
v 189.586921 90.427177 16.632229
v 183.638953 110.746246 16.632229
v 188.850440 105.629120 16.632229
v 189.688453 106.208374 16.632229
v 194.387916 86.805923 16.632229
v 192.532661 87.612122 15.955082
v 190.430396 90.964363 15.955082
v 184.900520 108.606583 15.955082
v 188.764808 104.632790 15.955082
v 189.574195 105.214920 15.955082
v 194.387916 87.612122 15.955082
v 190.557838 89.573288 16.632229
v 191.158607 88.878845 16.632229
v 191.550422 88.048355 16.632229
v 193.478156 102.032837 16.632229
v 194.387916 101.629944 16.632229
v 191.392005 90.120705 15.955082
v 191.977210 89.414108 15.955082
v 192.318915 88.553650 15.955082
v 194.387916 100.577065 15.955082
v 193.478156 100.975998 15.955082
v 194.387916 90.964363 15.955082
v 194.387916 90.120712 15.955082
v 194.387916 89.414108 15.955082
v 194.387916 88.553650 15.955082
v 192.073463 93.774048 15.955082
v 194.387916 93.562424 15.955082
v 196.834815 86.805923 16.632229
v 199.188911 90.427177 16.632229
v 205.136878 110.746246 16.632229
v 199.925391 105.629120 16.632229
v 199.087379 106.208374 16.632229
v 196.243171 87.612122 15.955082
v 198.345435 90.964363 15.955082
v 203.875312 108.606583 15.955082
v 200.011024 104.632790 15.955082
v 199.201636 105.214920 15.955082
v 198.217994 89.573288 16.632229
v 197.617225 88.878845 16.632229
v 197.225410 88.048355 16.632229
v 195.297675 102.032837 16.632229
v 197.383826 90.120705 15.955082
v 196.798621 89.414108 15.955082
v 196.456916 88.553650 15.955082
v 195.297675 100.975998 15.955082
v 196.702369 93.774048 15.955082
v 201.829261 96.254356 17.926844
v 202.120917 96.852440 17.926844
v 202.519324 97.071358 17.926844
v 203.336311 96.852440 17.926844
v 203.934394 96.254356 17.926844
v 204.153297 95.437363 17.926844
v 203.934394 94.620361 17.926844
v 203.336311 94.022278 17.926844
v 202.519324 93.803360 17.926844
v 202.120917 94.022278 17.926844
v 201.829261 94.620361 17.926844
v 201.722510 95.437363 17.926844
v 201.829261 96.254356 18.927349
v 202.120917 96.852440 18.927349
v 202.519324 97.071358 18.927349
v 203.336311 96.852440 18.927349
v 203.934394 96.254356 18.927349
v 204.153297 95.437363 18.927349
v 203.934394 94.620361 18.927349
v 203.336311 94.022278 18.927349
v 202.519324 93.803360 18.927349
v 202.120917 94.022278 18.927349
v 201.829261 94.620361 18.927349
v 201.722510 95.437363 18.927349
v 202.519324 95.437363 17.926844
v 202.519324 95.437363 18.927349
v 200.400764 95.766502 18.097958
v 200.400764 95.437363 17.961624
v 200.400764 95.108223 18.097958
v 200.400764 94.971886 18.427097
v 200.400764 95.108223 18.756235
v 200.400764 95.437363 18.892569
v 200.400764 95.766502 18.756235
v 200.400764 95.902832 18.427097
v 202.036048 95.766502 18.097958
v 202.036048 95.437363 17.961624
v 202.036048 95.108223 18.097958
v 202.036048 94.971886 18.427097
v 202.036048 95.108223 18.756235
v 202.036048 95.437363 18.892569
v 202.036048 95.766502 18.756235
v 202.036048 95.902832 18.427097
v 200.400764 95.437363 18.427097
v 202.036048 95.437363 18.427097
v 201.829261 96.254356 18.427097
v 201.722510 95.437363 18.427097
v 201.829261 94.620361 18.427097
v 202.120917 94.022278 18.427097
v 202.519324 93.803360 18.427097
v 203.336311 94.022278 18.427097
v 203.934394 94.620361 18.427097
v 204.153297 95.437363 18.427097
v 203.934394 96.254356 18.427097
v 203.336311 96.852440 18.427097
v 202.519324 97.071358 18.427097
v 202.120917 96.852440 18.427097
v 202.900214 100.127129 17.926844
v 203.191871 100.725212 17.926844
v 203.590278 100.944122 17.926844
v 204.407264 100.725212 17.926844
v 205.005347 100.127129 17.926844
v 205.224280 99.310135 17.926844
v 205.005347 98.493134 17.926844
v 204.407264 97.895050 17.926844
v 203.590278 97.676132 17.926844
v 203.191871 97.895050 17.926844
v 202.900214 98.493134 17.926844
v 202.793464 99.310135 17.926844
v 202.900214 100.127129 18.927349
v 203.191871 100.725212 18.927349
v 203.590278 100.944122 18.927349
v 204.407264 100.725212 18.927349
v 205.005347 100.127129 18.927349
v 205.224280 99.310135 18.927349
v 205.005347 98.493134 18.927349
v 204.407264 97.895050 18.927349
v 203.590278 97.676132 18.927349
v 203.191871 97.895050 18.927349
v 202.900214 98.493134 18.927349
v 202.793464 99.310135 18.927349
v 203.590278 99.310135 17.926844
v 203.590278 99.310135 18.927349
v 201.471717 99.639267 18.097958
v 201.471717 99.310135 17.961624
v 201.471717 98.980988 18.097958
v 201.471717 98.844658 18.427097
v 201.471717 98.980988 18.756235
v 201.471717 99.310135 18.892569
v 201.471717 99.639267 18.756235
v 201.471717 99.775604 18.427097
v 203.107001 99.639267 18.097958
v 203.107001 99.310135 17.961624
v 203.107001 98.980988 18.097958
v 203.107001 98.844658 18.427097
v 203.107001 98.980988 18.756235
v 203.107001 99.310135 18.892569
v 203.107001 99.639267 18.756235
v 203.107001 99.775604 18.427097
v 201.471717 99.310135 18.427097
v 203.107001 99.310135 18.427097
v 202.900214 100.127129 18.427097
v 202.793464 99.310135 18.427097
v 202.900214 98.493134 18.427097
v 203.191871 97.895050 18.427097
v 203.590278 97.676132 18.427097
v 204.407264 97.895050 18.427097
v 205.005347 98.493134 18.427097
v 205.224280 99.310135 18.427097
v 205.005347 100.127129 18.427097
v 204.407264 100.725212 18.427097
v 203.590278 100.944122 18.427097
v 203.191871 100.725212 18.427097
v 200.637611 92.381592 17.926844
v 200.929298 92.979675 17.926844
v 201.327674 93.198586 17.926844
v 202.144691 92.979675 17.926844
v 202.742774 92.381592 17.926844
v 202.961677 91.564590 17.926844
v 202.742774 90.747589 17.926844
v 202.144691 90.149506 17.926844
v 201.327674 89.930595 17.926844
v 200.929298 90.149506 17.926844
v 200.637611 90.747589 17.926844
v 200.530860 91.564590 17.926844
v 200.637611 92.381592 18.927349
v 200.929298 92.979675 18.927349
v 201.327674 93.198586 18.927349
v 202.144691 92.979675 18.927349
v 202.742774 92.381592 18.927349
v 202.961677 91.564590 18.927349
v 202.742774 90.747589 18.927349
v 202.144691 90.149506 18.927349
v 201.327674 89.930595 18.927349
v 200.929298 90.149506 18.927349
v 200.637611 90.747589 18.927349
v 200.530860 91.564590 18.927349
v 201.327674 91.564590 17.926844
v 201.327674 91.564590 18.927349
v 199.209144 91.893730 18.097958
v 199.209144 91.564590 17.961624
v 199.209144 91.235451 18.097958
v 199.209144 91.099121 18.427097
v 199.209144 91.235451 18.756235
v 199.209144 91.564590 18.892569
v 199.209144 91.893730 18.756235
v 199.209144 92.030060 18.427097
v 200.844398 91.893730 18.097958
v 200.844398 91.564590 17.961624
v 200.844398 91.235451 18.097958
v 200.844398 91.099121 18.427097
v 200.844398 91.235451 18.756235
v 200.844398 91.564590 18.892569
v 200.844398 91.893730 18.756235
v 200.844398 92.030060 18.427097
v 199.209144 91.564590 18.427097
v 200.844398 91.564590 18.427097
v 200.637611 92.381592 18.427097
v 200.530860 91.564590 18.427097
v 200.637611 90.747589 18.427097
v 200.929298 90.149506 18.427097
v 201.327674 89.930595 18.427097
v 202.144691 90.149506 18.427097
v 202.742774 90.747589 18.427097
v 202.961677 91.564590 18.427097
v 202.742774 92.381592 18.427097
v 202.144691 92.979675 18.427097
v 201.327674 93.198586 18.427097
v 200.929298 92.979675 18.427097
v 191.259650 29.691296 20.687443
v 197.516181 29.691296 20.687443
v 191.941016 86.805923 20.687435
v 196.834815 86.805923 20.687435
v 194.387916 86.805923 20.687435
v 194.387916 29.691296 20.687443
v 191.259650 29.691296 16.632236
v 194.387916 29.691296 16.632236
v 194.387916 86.805923 16.632229
v 191.941016 86.805923 16.632229
v 197.516181 29.691296 16.632236
v 196.834815 86.805923 16.632229
v 191.941016 86.805923 18.659832
v 191.259650 29.691296 18.659840
v 194.387916 29.691296 18.659840
v 197.516181 29.691296 18.659840
v 196.834815 86.805923 18.659832
v 194.387916 86.805923 18.659832
v 179.132728 13.237095 19.832495
v 211.493384 -25.670868 19.832495
v 220.092506 -32.214119 19.832495
v 215.887977 43.622826 19.832495
v 207.692390 36.488274 19.832495
v 195.955543 36.039642 19.832495
v 191.929298 39.325043 19.832495
v 185.176063 30.665005 19.832495
v 194.638740 -8.045128 19.832495
v 195.566505 -8.232910 19.832495
v 196.324042 -8.781433 19.832495
v 188.741309 33.191395 19.832495
v 187.083045 31.817142 19.832495
v 189.924720 34.990852 19.832495
v 202.680640 32.590027 19.832495
v 201.227302 32.369530 19.832495
v 199.792121 32.687546 19.832495
v 198.567969 33.501347 19.832495
v 203.956947 33.319416 19.832495
v 184.594703 17.103271 19.832495
v 184.988380 16.839005 19.832495
v 185.046210 16.368412 19.832495
v 184.137244 16.978592 19.832495
v 211.897620 -24.036224 19.832495
v 212.311927 -24.136253 19.832495
v 211.631873 -24.369446 19.832495
v 208.406898 35.394009 19.832495
v 208.180335 35.389328 19.832495
v 207.984199 35.502811 19.832495
v 207.875343 35.701561 19.832495
v 208.598182 35.515503 19.832495
v 205.413367 12.690853 19.832495
v 177.784095 -25.670868 19.832495
v 169.184974 -32.214119 19.832495
v 193.710975 -8.232910 19.832495
v 192.953437 -8.781433 19.832495
v 177.379859 -24.036224 19.832495
v 176.965552 -24.136253 19.832495
v 177.645606 -24.369446 19.832495
v 183.864112 12.690853 19.832495
v 179.132728 13.237095 17.155504
v 184.137244 16.978592 17.155504
v 184.594703 17.103271 17.155504
v 184.988380 16.839005 17.155504
v 185.046210 16.368412 17.155504
v 183.864112 12.690853 17.155504
v 169.184974 -32.214119 17.155504
v 176.965552 -24.136253 17.155504
v 177.379859 -24.036224 17.155504
v 177.645606 -24.369446 17.155504
v 177.784095 -25.670868 17.155504
v 192.953437 -8.781433 17.155504
v 193.710975 -8.232910 17.155504
v 194.638740 -8.045128 17.155504
v 195.566505 -8.232910 17.155504
v 196.324042 -8.781433 17.155504
v 211.493384 -25.670868 17.155504
v 211.631873 -24.369446 17.155504
v 211.897620 -24.036224 17.155504
v 212.311927 -24.136253 17.155504
v 220.092506 -32.214119 17.155504
v 205.413367 12.690853 17.155504
v 215.887977 43.622826 17.155504
v 208.598182 35.515503 17.155504
v 208.406898 35.394009 17.155504
v 208.180335 35.389328 17.155504
v 207.984199 35.502811 17.155504
v 207.875343 35.701561 17.155504
v 207.692390 36.488274 17.155504
v 203.956947 33.319416 17.155504
v 202.680640 32.590027 17.155504
v 201.227302 32.369530 17.155504
v 199.792121 32.687546 17.155504
v 198.567969 33.501347 17.155504
v 195.955543 36.039642 17.155504
v 191.929298 39.325043 17.155504
v 189.924720 34.990852 17.155504
v 188.741309 33.191395 17.155504
v 187.083045 31.817142 17.155504
v 185.176063 30.665005 17.155504
v 181.668189 16.666977 20.687439
v 183.260078 18.775959 20.687439
v 210.583106 -22.972496 20.687439
v 210.832557 -22.627716 20.687439
v 217.960273 -28.616402 20.687439
v 203.413398 12.701424 20.687439
v 213.567084 39.507061 20.687439
v 209.889930 33.988583 20.687439
v 206.869636 34.086220 20.687439
v 205.104896 31.681679 20.687439
v 194.625220 34.546249 20.687439
v 192.616187 36.980171 20.687439
v 191.672675 34.018921 20.687439
v 186.508338 29.470028 20.687439
v 197.662025 -7.294907 20.687439
v 196.369605 -6.401237 20.687439
v 194.638740 -6.045128 20.687439
v 188.241431 30.186768 20.687439
v 190.231330 31.857269 20.687439
v 197.312171 31.944759 20.687439
v 199.008887 30.847282 20.687439
v 201.159827 30.370670 20.687439
v 203.337989 30.701130 20.687439
v 187.037299 16.179981 20.687439
v 186.692420 17.885983 20.687439
v 184.918403 19.076904 20.687439
v 213.306556 -22.401131 20.687439
v 211.248878 -22.144356 20.687439
v 207.013343 33.949188 20.687439
v 207.202796 33.764378 20.687439
v 207.681800 33.452457 20.687439
v 208.985053 33.479393 20.687439
v 178.570502 -22.893051 20.687439
v 178.294593 -22.534058 20.687439
v 171.411842 -28.466179 20.687439
v 185.766639 12.074123 20.687439
v 191.615455 -7.294907 20.687439
v 192.907874 -6.401237 20.687439
v 175.970893 -22.401138 20.687439
v 177.409888 -22.073647 20.687439
v 187.994483 12.153316 20.687439
v 188.590156 15.879513 20.687439
v 188.877143 18.216255 20.687439
v 193.241187 32.892048 20.687439
v 189.914283 12.221561 20.687439
v 191.922950 12.292965 20.687439
v 196.083350 31.112419 20.687439
v 190.805335 17.882458 20.687439
v 190.336768 15.229420 20.687439
v 192.270148 14.835155 20.687439
v 193.002998 17.329151 20.687439
v 197.717567 29.478310 20.687439
v 194.424873 12.381901 20.687439
v 196.790015 12.465981 20.687439
v 197.912665 12.505886 20.687439
v 199.028907 12.545567 20.687439
v 199.879829 12.575813 20.687439
v 200.729865 12.606030 20.687439
v 201.507789 12.633686 20.687439
v 202.710975 12.676453 20.687439
v 200.649665 29.008057 20.687439
v 202.863441 29.379581 20.687439
v 204.416602 29.846573 20.687439
v 192.746497 12.322235 20.687439
v 193.526649 12.349968 20.687439
v 192.915870 14.586800 20.687439
v 194.309760 16.803467 20.687439
v 205.967506 31.873749 20.687439
v 206.054511 30.441841 20.687439
v 206.608680 32.045326 20.687439
v 207.266883 32.208214 20.687439
v 206.798835 30.804733 20.687439
v 208.359534 31.735523 20.687439
v 205.267615 30.137348 20.687439
v 208.120093 32.434761 20.687439
v 179.132728 13.237095 14.478514
v 211.493384 -25.670868 14.478514
v 220.092506 -32.214119 14.478514
v 215.887977 43.622826 14.478514
v 207.692390 36.488274 14.478514
v 195.955543 36.039642 14.478514
v 191.929298 39.325043 14.478514
v 185.176063 30.665005 14.478514
v 194.638740 -8.045128 14.478514
v 195.566505 -8.232910 14.478514
v 196.324042 -8.781433 14.478514
v 188.741309 33.191395 14.478514
v 187.083045 31.817142 14.478514
v 189.924720 34.990852 14.478514
v 202.680640 32.590027 14.478514
v 201.227302 32.369530 14.478514
v 199.792121 32.687546 14.478514
v 198.567969 33.501347 14.478514
v 203.956947 33.319416 14.478514
v 184.594703 17.103271 14.478514
v 184.988380 16.839005 14.478514
v 185.046210 16.368412 14.478514
v 184.137244 16.978592 14.478514
v 211.897620 -24.036224 14.478514
v 212.311927 -24.136253 14.478514
v 211.631873 -24.369446 14.478514
v 208.406898 35.394009 14.478514
v 208.180335 35.389328 14.478514
v 207.984199 35.502811 14.478514
v 207.875343 35.701561 14.478514
v 208.598182 35.515503 14.478514
v 205.413367 12.690853 14.478514
v 177.784095 -25.670868 14.478514
v 169.184974 -32.214119 14.478514
v 193.710975 -8.232910 14.478514
v 192.953437 -8.781433 14.478514
v 177.379859 -24.036224 14.478514
v 176.965552 -24.136253 14.478514
v 177.645606 -24.369446 14.478514
v 183.864112 12.690853 14.478514
v 181.668189 16.666977 13.623569
v 183.260078 18.775959 13.623569
v 210.583106 -22.972496 13.623569
v 210.832557 -22.627716 13.623569
v 217.960273 -28.616402 13.623569
v 203.413398 12.701424 13.623569
v 213.567084 39.507061 13.623569
v 209.889930 33.988583 13.623569
v 206.869636 34.086220 13.623569
v 205.104896 31.681679 13.623569
v 194.625220 34.546249 13.623569
v 192.616187 36.980171 13.623569
v 191.672675 34.018921 13.623569
v 186.508338 29.470028 13.623569
v 197.662025 -7.294907 13.623569
v 196.369605 -6.401237 13.623569
v 194.638740 -6.045128 13.623569
v 188.241431 30.186768 13.623569
v 190.231330 31.857269 13.623569
v 197.312171 31.944759 13.623569
v 199.008887 30.847282 13.623569
v 201.159827 30.370670 13.623569
v 203.337989 30.701130 13.623569
v 187.037299 16.179981 13.623569
v 186.692420 17.885983 13.623569
v 184.918403 19.076904 13.623569
v 213.306556 -22.401131 13.623569
v 211.248878 -22.144356 13.623569
v 207.013343 33.949188 13.623569
v 207.202796 33.764378 13.623569
v 207.681800 33.452457 13.623569
v 208.985053 33.479393 13.623569
v 178.570502 -22.893051 13.623569
v 178.294593 -22.534058 13.623569
v 171.411842 -28.466179 13.623569
v 185.766639 12.074123 13.623569
v 191.615455 -7.294907 13.623569
v 192.907874 -6.401237 13.623569
v 175.970893 -22.401138 13.623569
v 177.409888 -22.073647 13.623569
v 187.994483 12.153316 13.623569
v 188.590156 15.879513 13.623569
v 188.877143 18.216255 13.623569
v 193.241187 32.892048 13.623569
v 189.914283 12.221561 13.623569
v 191.922950 12.292965 13.623569
v 196.083350 31.112419 13.623569
v 190.805335 17.882458 13.623569
v 190.336768 15.229420 13.623569
v 192.270148 14.835155 13.623569
v 193.002998 17.329151 13.623569
v 197.717567 29.478310 13.623569
v 194.424873 12.381901 13.623569
v 196.790015 12.465981 13.623569
v 197.912665 12.505886 13.623569
v 199.028907 12.545567 13.623569
v 199.879829 12.575813 13.623569
v 200.729865 12.606030 13.623569
v 201.507789 12.633686 13.623569
v 202.710975 12.676453 13.623569
v 200.649665 29.008057 13.623569
v 202.863441 29.379581 13.623569
v 204.416602 29.846573 13.623569
v 192.746497 12.322235 13.623569
v 193.526649 12.349968 13.623569
v 192.915870 14.586800 13.623569
v 194.309760 16.803467 13.623569
v 205.967506 31.873749 13.623569
v 206.054511 30.441841 13.623569
v 206.608680 32.045326 13.623569
v 207.266883 32.208214 13.623569
v 206.798835 30.804733 13.623569
v 208.359534 31.735523 13.623569
v 205.267615 30.137348 13.623569
v 208.120093 32.434761 13.623569
vt 0.658416 0.889869
vt 0.656421 0.893961
vt 0.274488 0.893961
vt 0.276483 0.889869
vt 0.656421 0.893961
vt 0.271762 0.895458
vt 0.658416 0.889869
vt 0.266173 0.893961
vt 0.653695 0.895458
vt 0.262082 0.889869
vt 0.653695 0.895458
vt 0.260584 0.884280
vt 0.648106 0.893961
vt 0.262082 0.878690
vt 0.648106 0.893961
vt 0.266173 0.874599
vt 0.644014 0.889869
vt 0.271762 0.873101
vt 0.644014 0.889869
vt 0.274488 0.874599
vt 0.642517 0.884280
vt 0.276483 0.878690
vt 0.642517 0.884280
vt 0.277214 0.884280
vt 0.644014 0.878690
vt 0.276483 0.889869
vt 0.274488 0.893961
vt 0.271762 0.884280
vt 0.271762 0.895458
vt 0.266173 0.893961
vt 0.262082 0.889869
vt 0.260584 0.884280
vt 0.262082 0.878690
vt 0.266173 0.874599
vt 0.271762 0.873101
vt 0.274488 0.874599
vt 0.276483 0.878690
vt 0.277214 0.884280
vt 0.286256 0.886531
vt 0.286256 0.884280
vt 0.275069 0.884280
vt 0.275069 0.886531
vt 0.286256 0.882028
vt 0.275069 0.882028
vt 0.286256 0.881095
vt 0.275069 0.881095
vt 0.286256 0.882028
vt 0.275069 0.882028
vt 0.286256 0.884280
vt 0.275069 0.884280
vt 0.286256 0.886531
vt 0.275069 0.886531
vt 0.286256 0.887464
vt 0.275069 0.887464
vt 0.286256 0.884280
vt 0.275069 0.884280
vt 0.644014 0.878690
vt 0.648106 0.874599
vt 0.267161 0.920455
vt 0.269156 0.916363
vt 0.648106 0.874599
vt 0.264436 0.921953
vt 0.653695 0.873101
vt 0.258847 0.920455
vt 0.653695 0.873101
vt 0.254755 0.916363
vt 0.656421 0.874599
vt 0.253257 0.910774
vt 0.656421 0.874599
vt 0.254755 0.905185
vt 0.658416 0.878690
vt 0.258847 0.901093
vt 0.658416 0.878690
vt 0.264436 0.899596
vt 0.659146 0.884280
vt 0.267161 0.901093
vt 0.659146 0.884280
vt 0.269156 0.905185
vt 0.653695 0.884280
vt 0.269887 0.910774
vt 0.651089 0.916363
vt 0.269156 0.916363
vt 0.267161 0.920455
vt 0.264436 0.910774
vt 0.264436 0.921953
vt 0.258847 0.920455
vt 0.254755 0.916363
vt 0.253257 0.910774
vt 0.254755 0.905185
vt 0.258847 0.901093
vt 0.264436 0.899596
vt 0.267161 0.901093
vt 0.269156 0.905185
vt 0.269887 0.910774
vt 0.278929 0.913026
vt 0.278929 0.910774
vt 0.267742 0.910774
vt 0.267742 0.913026
vt 0.278929 0.908522
vt 0.267742 0.908522
vt 0.278929 0.907590
vt 0.267742 0.907590
vt 0.278929 0.908522
vt 0.267742 0.908522
vt 0.278929 0.910774
vt 0.267742 0.910774
vt 0.278929 0.913026
vt 0.267742 0.913026
vt 0.278929 0.913959
vt 0.267742 0.913959
vt 0.278929 0.910774
vt 0.267742 0.910774
vt 0.649094 0.920455
vt 0.649094 0.920455
vt 0.282640 0.867466
vt 0.284636 0.863375
vt 0.651089 0.916363
vt 0.279915 0.868964
vt 0.646369 0.921953
vt 0.274325 0.867466
vt 0.646369 0.921953
vt 0.270234 0.863375
vt 0.640779 0.920455
vt 0.268736 0.857785
vt 0.640779 0.920455
vt 0.270234 0.852196
vt 0.636688 0.916363
vt 0.274325 0.848104
vt 0.636688 0.916363
vt 0.279915 0.846607
vt 0.635190 0.910774
vt 0.282640 0.848104
vt 0.635190 0.910774
vt 0.284636 0.852196
vt 0.636688 0.905185
vt 0.285366 0.857785
vt 0.636688 0.905185
vt 0.284636 0.863375
vt 0.282640 0.867466
vt 0.279915 0.857785
vt 0.279915 0.868964
vt 0.274325 0.867466
vt 0.270234 0.863375
vt 0.268736 0.857785
vt 0.270234 0.852196
vt 0.274325 0.848104
vt 0.279915 0.846607
vt 0.282640 0.848104
vt 0.284636 0.852196
vt 0.285366 0.857785
vt 0.294408 0.860037
vt 0.294408 0.857785
vt 0.283221 0.857785
vt 0.283221 0.860037
vt 0.294408 0.855534
vt 0.283221 0.855534
vt 0.294408 0.854601
vt 0.283221 0.854601
vt 0.294408 0.855534
vt 0.283221 0.855534
vt 0.294408 0.857785
vt 0.283221 0.857785
vt 0.294408 0.860037
vt 0.283221 0.860037
vt 0.294408 0.860970
vt 0.283221 0.860970
vt 0.294408 0.857785
vt 0.283221 0.857785
vt 0.310651 0.825230
vt 0.310651 0.825230
vt 0.327391 0.825230
vt 0.327391 0.825230
vt 0.289508 0.954004
vt 0.289508 0.954004
vt 0.253855 0.989011
vt 0.253855 0.989011
vt 0.294546 0.850004
vt 0.294546 0.850004
vt 0.295241 0.957967
vt 0.295241 0.957967
vt 0.300317 0.853679
vt 0.262486 0.974373
vt 0.288922 0.947188
vt 0.294459 0.951170
vt 0.327391 0.830746
vt 0.314699 0.830746
vt 0.307979 0.833730
vt 0.305299 0.839411
vt 0.305299 0.839411
vt 0.307979 0.833730
vt 0.301189 0.844162
vt 0.301189 0.844162
vt 0.327391 0.926645
vt 0.321167 0.929401
vt 0.321167 0.922171
vt 0.327391 0.919441
vt 0.321167 0.929401
vt 0.313237 0.837187
vt 0.306895 0.847907
vt 0.310899 0.843073
vt 0.327391 0.926645
vt 0.311557 0.872901
vt 0.327391 0.871453
vt 0.327391 0.843073
vt 0.327391 0.847907
vt 0.327391 0.853679
vt 0.327391 0.837187
vt 0.344131 0.825230
vt 0.344131 0.825230
vt 0.365274 0.954004
vt 0.400927 0.989011
vt 0.400927 0.989011
vt 0.365274 0.954004
vt 0.360236 0.850004
vt 0.360236 0.850004
vt 0.359541 0.957967
vt 0.359541 0.957967
vt 0.392296 0.974373
vt 0.354465 0.853679
vt 0.365860 0.947188
vt 0.360323 0.951170
vt 0.340083 0.830746
vt 0.346803 0.833730
vt 0.346803 0.833730
vt 0.349483 0.839411
vt 0.349483 0.839411
vt 0.353593 0.844162
vt 0.353593 0.844162
vt 0.333615 0.922171
vt 0.333615 0.929401
vt 0.333615 0.929401
vt 0.341545 0.837187
vt 0.347887 0.847907
vt 0.343883 0.843073
vt 0.343225 0.872901
vt 0.640779 0.901093
vt 0.640779 0.901093
vt 0.646369 0.899596
vt 0.646369 0.899596
vt 0.649094 0.901093
vt 0.649094 0.901093
vt 0.651089 0.905185
vt 0.651089 0.905185
vt 0.651820 0.910774
vt 0.651820 0.910774
vt 0.646369 0.910774
vt 0.666568 0.863375
vt 0.664573 0.867466
vt 0.664573 0.867466
vt 0.666568 0.863375
vt 0.661847 0.868964
vt 0.661847 0.868964
vt 0.656258 0.867466
vt 0.656258 0.867466
vt 0.652166 0.863375
vt 0.652166 0.863375
vt 0.650669 0.857785
vt 0.650669 0.857785
vt 0.652166 0.852196
vt 0.652166 0.852196
vt 0.656258 0.848104
vt 0.656258 0.848104
vt 0.661847 0.846607
vt 0.661847 0.846607
vt 0.664573 0.848104
vt 0.664573 0.848104
vt 0.666568 0.852196
vt 0.666568 0.852196
vt 0.667299 0.857785
vt 0.667299 0.857785
vt 0.661847 0.857785
vt 0.692584 0.825230
vt 0.709324 0.825230
vt 0.709324 0.825230
vt 0.692584 0.825230
vt 0.671441 0.954004
vt 0.635788 0.989011
vt 0.635788 0.989011
vt 0.671441 0.954004
vt 0.676479 0.850004
vt 0.676479 0.850004
vt 0.677174 0.957967
vt 0.677174 0.957967
vt 0.378299 0.889869
vt 0.380294 0.893961
vt 0.644418 0.974373
vt 0.383020 0.895458
vt 0.682250 0.853679
vt 0.388609 0.893961
vt 0.670855 0.947188
vt 0.392700 0.889869
vt 0.676392 0.951170
vt 0.394198 0.884280
vt 0.696632 0.830746
vt 0.392700 0.878690
vt 0.709324 0.830746
vt 0.388609 0.874599
vt 0.689912 0.833730
vt 0.383020 0.873101
vt 0.689912 0.833730
vt 0.380294 0.874599
vt 0.687232 0.839411
vt 0.378299 0.878690
vt 0.687232 0.839411
vt 0.377568 0.884280
vt 0.683121 0.844162
vt 0.683121 0.844162
vt 0.378299 0.889869
vt 0.383020 0.884280
vt 0.380294 0.893961
vt 0.383020 0.895458
vt 0.388609 0.893961
vt 0.392700 0.889869
vt 0.394198 0.884280
vt 0.392700 0.878690
vt 0.388609 0.874599
vt 0.383020 0.873101
vt 0.380294 0.874599
vt 0.378299 0.878690
vt 0.377568 0.884280
vt 0.368526 0.886531
vt 0.379713 0.886531
vt 0.379713 0.884280
vt 0.368526 0.884280
vt 0.379713 0.882028
vt 0.368526 0.882028
vt 0.379713 0.881095
vt 0.368526 0.881095
vt 0.379713 0.882028
vt 0.368526 0.882028
vt 0.379713 0.884280
vt 0.368526 0.884280
vt 0.379713 0.886531
vt 0.368526 0.886531
vt 0.379713 0.887464
vt 0.368526 0.887464
vt 0.368526 0.884280
vt 0.379713 0.884280
vt 0.709324 0.926645
vt 0.385625 0.916363
vt 0.387621 0.920455
vt 0.709324 0.919441
vt 0.390346 0.921953
vt 0.703100 0.922171
vt 0.395935 0.920455
vt 0.703100 0.929401
vt 0.400027 0.916363
vt 0.703100 0.929401
vt 0.401525 0.910774
vt 0.695169 0.837187
vt 0.400027 0.905185
vt 0.688828 0.847907
vt 0.395935 0.901093
vt 0.692832 0.843073
vt 0.390346 0.899596
vt 0.709324 0.926645
vt 0.387621 0.901093
vt 0.693490 0.872901
vt 0.385625 0.905185
vt 0.709324 0.871453
vt 0.384895 0.910774
vt 0.709324 0.847907
vt 0.709324 0.843073
vt 0.385625 0.916363
vt 0.390346 0.910774
vt 0.387621 0.920455
vt 0.390346 0.921953
vt 0.395935 0.920455
vt 0.400027 0.916363
vt 0.401525 0.910774
vt 0.400027 0.905185
vt 0.395935 0.901093
vt 0.390346 0.899596
vt 0.387621 0.901093
vt 0.385625 0.905185
vt 0.384895 0.910774
vt 0.375853 0.913026
vt 0.387040 0.913026
vt 0.387040 0.910774
vt 0.375853 0.910774
vt 0.387040 0.908522
vt 0.375853 0.908522
vt 0.387040 0.907590
vt 0.375853 0.907590
vt 0.387040 0.908522
vt 0.375853 0.908522
vt 0.387040 0.910774
vt 0.375853 0.910774
vt 0.387040 0.913026
vt 0.375853 0.913026
vt 0.387040 0.913959
vt 0.375853 0.913959
vt 0.375853 0.910774
vt 0.387040 0.910774
vt 0.709324 0.853679
vt 0.370146 0.863375
vt 0.372142 0.867466
vt 0.709324 0.837187
vt 0.374867 0.868964
vt 0.726063 0.825230
vt 0.380457 0.867466
vt 0.726063 0.825230
vt 0.384548 0.863375
vt 0.747207 0.954004
vt 0.386046 0.857785
vt 0.747207 0.954004
vt 0.384548 0.852196
vt 0.782860 0.989011
vt 0.380457 0.848104
vt 0.782860 0.989011
vt 0.374867 0.846607
vt 0.742168 0.850004
vt 0.372142 0.848104
vt 0.742168 0.850004
vt 0.370146 0.852196
vt 0.741474 0.957967
vt 0.369416 0.857785
vt 0.741474 0.957967
vt 0.736398 0.853679
vt 0.370146 0.863375
vt 0.374867 0.857785
vt 0.372142 0.867466
vt 0.374867 0.868964
vt 0.380457 0.867466
vt 0.384548 0.863375
vt 0.386046 0.857785
vt 0.384548 0.852196
vt 0.380457 0.848104
vt 0.374867 0.846607
vt 0.372142 0.848104
vt 0.370146 0.852196
vt 0.369416 0.857785
vt 0.360374 0.860037
vt 0.371561 0.860037
vt 0.371561 0.857785
vt 0.360374 0.857785
vt 0.371561 0.855534
vt 0.360374 0.855534
vt 0.371561 0.854601
vt 0.360374 0.854601
vt 0.371561 0.855534
vt 0.360374 0.855534
vt 0.371561 0.857785
vt 0.360374 0.857785
vt 0.371561 0.860037
vt 0.360374 0.860037
vt 0.371561 0.860970
vt 0.360374 0.860970
vt 0.360374 0.857785
vt 0.371561 0.857785
vt 0.774229 0.974373
vt 0.747793 0.947188
vt 0.742255 0.951170
vt 0.722016 0.830746
vt 0.728736 0.833730
vt 0.731416 0.839411
vt 0.305990 0.434497
vt 0.327391 0.434497
vt 0.327391 0.825230
vt 0.310651 0.825230
vt 0.348792 0.434497
vt 0.344131 0.825230
vt 0.305990 0.434497
vt 0.327391 0.434497
vt 0.327391 0.825230
vt 0.310651 0.825230
vt 0.348792 0.434497
vt 0.344131 0.825230
vt 0.223027 0.321930
vt 0.223027 0.321930
vt 0.257264 0.347527
vt 0.257264 0.347527
vt 0.277417 0.449040
vt 0.277417 0.449040
vt 0.264371 0.441158
vt 0.264371 0.441158
vt 0.340636 0.171297
vt 0.340636 0.171297
vt 0.444413 0.055753
vt 0.444413 0.055753
vt 0.445360 0.064656
vt 0.445360 0.064656
vt 0.474478 0.529806
vt 0.474478 0.529806
vt 0.402818 0.318193
vt 0.402818 0.318193
vt 0.424606 0.474342
vt 0.424606 0.474342
vt 0.338115 0.477927
vt 0.338115 0.477927
vt 0.310571 0.500404
vt 0.310571 0.500404
vt 0.296857 0.470752
vt 0.296857 0.470752
vt 0.355988 0.460562
vt 0.355988 0.460562
vt 0.419661 0.475615
vt 0.419661 0.475615
vt 0.418410 0.480997
vt 0.418410 0.480997
vt 0.392855 0.459318
vt 0.392855 0.459318
vt 0.450013 0.066251
vt 0.450013 0.066251
vt 0.503241 0.010989
vt 0.503241 0.010989
vt 0.335454 0.175050
vt 0.335454 0.175050
vt 0.329107 0.176334
vt 0.329107 0.176334
vt 0.288761 0.458442
vt 0.288761 0.458442
vt 0.364362 0.454995
vt 0.364362 0.454995
vt 0.374181 0.452819
vt 0.374181 0.452819
vt 0.384123 0.454328
vt 0.384123 0.454328
vt 0.263482 0.343352
vt 0.263087 0.346572
vt 0.263087 0.346572
vt 0.263482 0.343352
vt 0.260394 0.348380
vt 0.260394 0.348380
vt 0.447179 0.066936
vt 0.447179 0.066936
vt 0.420406 0.474255
vt 0.420406 0.474255
vt 0.421748 0.473478
vt 0.421748 0.473478
vt 0.423298 0.473510
vt 0.423298 0.473510
vt 0.317577 0.171297
vt 0.213801 0.055753
vt 0.213801 0.055753
vt 0.317577 0.171297
vt 0.212853 0.064656
vt 0.212853 0.064656
vt 0.208201 0.066251
vt 0.154972 0.010989
vt 0.154972 0.010989
vt 0.208201 0.066251
vt 0.255395 0.318193
vt 0.255395 0.318193
vt 0.322760 0.175050
vt 0.322760 0.175050
vt 0.211035 0.066936
vt 0.211035 0.066936
vt 0.251263 0.359823
vt 0.240373 0.345395
vt 0.439892 0.076572
vt 0.438186 0.074213
vt 0.389136 0.318266
vt 0.488655 0.035602
vt 0.433444 0.463896
vt 0.458600 0.501649
vt 0.400708 0.448114
vt 0.412781 0.464564
vt 0.315270 0.484362
vt 0.329014 0.467711
vt 0.308815 0.464103
vt 0.273485 0.432983
vt 0.349790 0.181467
vt 0.340948 0.187580
vt 0.329107 0.190017
vt 0.285342 0.437887
vt 0.298955 0.449315
vt 0.347397 0.449913
vt 0.359004 0.442405
vt 0.373719 0.439145
vt 0.388620 0.441405
vt 0.277104 0.342063
vt 0.274744 0.353734
vt 0.262608 0.361882
vt 0.456818 0.078122
vt 0.442740 0.079878
vt 0.413764 0.463626
vt 0.415060 0.462362
vt 0.418337 0.460228
vt 0.427253 0.460412
vt 0.219181 0.074756
vt 0.217293 0.077212
vt 0.170207 0.036629
vt 0.268411 0.313974
vt 0.308424 0.181467
vt 0.317266 0.187580
vt 0.201396 0.078122
vt 0.211241 0.080362
vt 0.283652 0.314516
vt 0.289691 0.355994
vt 0.319546 0.456394
vt 0.310528 0.315471
vt 0.296786 0.314983
vt 0.287727 0.340008
vt 0.338990 0.444219
vt 0.350170 0.433040
vt 0.316162 0.315672
vt 0.384331 0.318095
vt 0.302882 0.353710
vt 0.317917 0.349925
vt 0.299676 0.335560
vt 0.312903 0.332863
vt 0.415499 0.451716
vt 0.421336 0.453266
vt 0.376099 0.317802
vt 0.370778 0.317613
vt 0.406609 0.449428
vt 0.410996 0.450601
vt 0.364962 0.317406
vt 0.359141 0.317199
vt 0.385374 0.432364
vt 0.395999 0.435559
vt 0.351504 0.316928
vt 0.343824 0.316655
vt 0.401821 0.437549
vt 0.370229 0.429823
vt 0.327644 0.316080
vt 0.317320 0.331164
vt 0.321499 0.315861
vt 0.326856 0.346329
vt 0.407205 0.439632
vt 0.412297 0.442114
vt 0.422974 0.448482
vt 0.731416 0.839411
vt 0.728736 0.833730
vt 0.735526 0.844162
vt 0.735526 0.844162
vt 0.715547 0.929401
vt 0.715547 0.922171
vt 0.715547 0.929401
vt 0.723478 0.837187
vt 0.729819 0.847907
vt 0.725816 0.843073
vt 0.725157 0.872901
vt 0.760231 0.889869
vt 0.760231 0.889869
vt 0.762227 0.893961
vt 0.762227 0.893961
vt 0.764952 0.895458
vt 0.764952 0.895458
vt 0.770542 0.893961
vt 0.770542 0.893961
vt 0.774633 0.889869
vt 0.774633 0.889869
vt 0.776131 0.884280
vt 0.776131 0.884280
vt 0.774633 0.878690
vt 0.774633 0.878690
vt 0.770542 0.874599
vt 0.770542 0.874599
vt 0.764952 0.873101
vt 0.764952 0.873101
vt 0.762227 0.874599
vt 0.762227 0.874599
vt 0.760231 0.878690
vt 0.760231 0.878690
vt 0.759501 0.884280
vt 0.759501 0.884280
vt 0.764952 0.884280
vt 0.767558 0.916363
vt 0.767558 0.916363
vt 0.769554 0.920455
vt 0.769554 0.920455
vt 0.772279 0.921953
vt 0.772279 0.921953
vt 0.777868 0.920455
vt 0.777868 0.920455
vt 0.781960 0.916363
vt 0.781960 0.916363
vt 0.783458 0.910774
vt 0.783458 0.910774
vt 0.781960 0.905185
vt 0.781960 0.905185
vt 0.777868 0.901093
vt 0.777868 0.901093
vt 0.772279 0.899596
vt 0.772279 0.899596
vt 0.769554 0.901093
vt 0.769554 0.901093
vt 0.767558 0.905185
vt 0.767558 0.905185
vt 0.766828 0.910774
vt 0.766828 0.910774
vt 0.772279 0.910774
vt 0.752079 0.863375
vt 0.752079 0.863375
vt 0.754075 0.867466
vt 0.754075 0.867466
vt 0.756800 0.868964
vt 0.756800 0.868964
vt 0.762389 0.867466
vt 0.762389 0.867466
vt 0.766481 0.863375
vt 0.766481 0.863375
vt 0.767979 0.857785
vt 0.767979 0.857785
vt 0.766481 0.852196
vt 0.766481 0.852196
vt 0.762389 0.848104
vt 0.762389 0.848104
vt 0.756800 0.846607
vt 0.756800 0.846607
vt 0.754075 0.848104
vt 0.754075 0.848104
vt 0.752079 0.852196
vt 0.752079 0.852196
vt 0.751349 0.857785
vt 0.751349 0.857785
vt 0.756800 0.857785
vt 0.687923 0.434497
vt 0.692584 0.825230
vt 0.709324 0.825230
vt 0.709324 0.434497
vt 0.726063 0.825230
vt 0.730725 0.434497
vt 0.692584 0.825230
vt 0.687923 0.434497
vt 0.709324 0.434497
vt 0.730725 0.434497
vt 0.726063 0.825230
vt 0.709324 0.825230
vt 0.604960 0.321930
vt 0.639197 0.347527
vt 0.639197 0.347527
vt 0.604960 0.321930
vt 0.659350 0.449040
vt 0.646303 0.441158
vt 0.646303 0.441158
vt 0.659350 0.449040
vt 0.722569 0.171297
vt 0.826346 0.055753
vt 0.826346 0.055753
vt 0.722569 0.171297
vt 0.827293 0.064656
vt 0.827293 0.064656
vt 0.856410 0.529806
vt 0.784751 0.318193
vt 0.784751 0.318193
vt 0.856410 0.529806
vt 0.806539 0.474342
vt 0.806539 0.474342
vt 0.720048 0.477927
vt 0.692504 0.500404
vt 0.692504 0.500404
vt 0.720048 0.477927
vt 0.678790 0.470752
vt 0.678790 0.470752
vt 0.737920 0.460562
vt 0.737920 0.460562
vt 0.801594 0.475615
vt 0.800342 0.480997
vt 0.800342 0.480997
vt 0.801594 0.475615
vt 0.774787 0.459318
vt 0.774787 0.459318
vt 0.831946 0.066251
vt 0.885174 0.010989
vt 0.885174 0.010989
vt 0.831946 0.066251
vt 0.717387 0.175050
vt 0.717387 0.175050
vt 0.711040 0.176334
vt 0.711040 0.176334
vt 0.670694 0.458442
vt 0.670694 0.458442
vt 0.746295 0.454995
vt 0.746295 0.454995
vt 0.756113 0.452819
vt 0.756113 0.452819
vt 0.766056 0.454328
vt 0.766056 0.454328
vt 0.645415 0.343352
vt 0.645415 0.343352
vt 0.645020 0.346572
vt 0.645020 0.346572
vt 0.642326 0.348380
vt 0.642326 0.348380
vt 0.829111 0.066936
vt 0.829111 0.066936
vt 0.802339 0.474255
vt 0.802339 0.474255
vt 0.803681 0.473478
vt 0.803681 0.473478
vt 0.805231 0.473510
vt 0.805231 0.473510
vt 0.699510 0.171297
vt 0.699510 0.171297
vt 0.595734 0.055753
vt 0.595734 0.055753
vt 0.594786 0.064656
vt 0.594786 0.064656
vt 0.590134 0.066251
vt 0.590134 0.066251
vt 0.536905 0.010989
vt 0.536905 0.010989
vt 0.637328 0.318193
vt 0.637328 0.318193
vt 0.704693 0.175050
vt 0.704693 0.175050
vt 0.592968 0.066936
vt 0.592968 0.066936
vt 0.622305 0.345395
vt 0.633196 0.359823
vt 0.820119 0.074213
vt 0.821825 0.076572
vt 0.870587 0.035602
vt 0.771069 0.318266
vt 0.840532 0.501649
vt 0.815376 0.463896
vt 0.794714 0.464564
vt 0.782641 0.448114
vt 0.710947 0.467711
vt 0.697203 0.484362
vt 0.690748 0.464103
vt 0.655418 0.432983
vt 0.731723 0.181467
vt 0.722881 0.187580
vt 0.711040 0.190017
vt 0.667274 0.437887
vt 0.680888 0.449315
vt 0.729329 0.449913
vt 0.740937 0.442405
vt 0.755652 0.439145
vt 0.770553 0.441405
vt 0.656677 0.353734
vt 0.659037 0.342063
vt 0.644541 0.361882
vt 0.838750 0.078122
vt 0.824673 0.079878
vt 0.795697 0.463626
vt 0.796993 0.462362
vt 0.800270 0.460228
vt 0.809186 0.460412
vt 0.599226 0.077212
vt 0.601113 0.074756
vt 0.650344 0.313974
vt 0.552140 0.036629
vt 0.690357 0.181467
vt 0.699198 0.187580
vt 0.583329 0.078122
vt 0.593174 0.080362
vt 0.665585 0.314516
vt 0.701479 0.456394
vt 0.671623 0.355994
vt 0.678719 0.314983
vt 0.692461 0.315471
vt 0.669660 0.340008
vt 0.732103 0.433040
vt 0.720923 0.444219
vt 0.698095 0.315672
vt 0.766264 0.318095
vt 0.684815 0.353710
vt 0.699849 0.349925
vt 0.681609 0.335560
vt 0.694836 0.332863
vt 0.803268 0.453266
vt 0.797431 0.451716
vt 0.752710 0.317613
vt 0.758032 0.317802
vt 0.792929 0.450601
vt 0.788542 0.449428
vt 0.741074 0.317199
vt 0.746895 0.317406
vt 0.777932 0.435559
vt 0.767307 0.432364
vt 0.725757 0.316655
vt 0.733437 0.316928
vt 0.783754 0.437549
vt 0.752162 0.429823
vt 0.709576 0.316080
vt 0.699253 0.331164
vt 0.703432 0.315861
vt 0.708789 0.346329
vt 0.789137 0.439632
vt 0.794230 0.442114
vt 0.804906 0.448482
vt 0.698703 0.820795
vt 0.710080 0.820795
vt 0.710080 0.500316
vt 0.698703 0.500316
vt 0.698703 0.500316
vt 0.710080 0.500316
vt 0.710080 0.820795
vt 0.698703 0.820795
vt 0.721457 0.820795
vt 0.721457 0.500316
vt 0.721457 0.500316
vt 0.721457 0.820795
vn 0.898820 0.438318 0.000000
vn 0.898820 0.438318 0.000000
vn 0.898820 0.438319 0.000000
vn 0.898820 0.438319 0.000000
vn 0.481560 0.876413 0.000000
vn 0.481560 0.876413 0.000000
vn 0.481560 0.876413 0.000000
vn 0.481560 0.876413 0.000000
vn -0.258823 0.965925 0.000000
vn -0.258823 0.965925 0.000000
vn -0.258827 0.965924 0.000000
vn -0.258827 0.965924 0.000000
vn -0.707124 0.707090 0.000000
vn -0.707124 0.707090 0.000000
vn -0.707114 0.707099 0.000000
vn -0.707114 0.707099 0.000000
vn -0.965926 0.258820 0.000000
vn -0.965926 0.258820 0.000000
vn -0.965925 0.258820 0.000000
vn -0.965925 0.258820 0.000000
vn -0.965926 -0.258818 0.000000
vn -0.965926 -0.258818 0.000000
vn -0.965926 -0.258818 0.000000
vn -0.965926 -0.258818 0.000000
vn -0.707124 -0.707090 0.000000
vn -0.707124 -0.707090 0.000000
vn -0.707114 -0.707099 0.000000
vn -0.707114 -0.707099 0.000000
vn -0.258823 -0.965925 0.000000
vn -0.258823 -0.965925 0.000000
vn -0.258827 -0.965924 0.000000
vn -0.258827 -0.965924 0.000000
vn 0.481560 -0.876413 0.000000
vn 0.481560 -0.876413 0.000000
vn 0.481560 -0.876413 0.000000
vn 0.481560 -0.876413 0.000000
vn 0.898820 -0.438318 0.000000
vn 0.898820 -0.438318 0.000000
vn 0.898820 -0.438319 0.000000
vn 0.898820 -0.438319 0.000000
vn 0.991575 -0.129532 0.000000
vn 0.991575 -0.129532 0.000000
vn 0.991575 -0.129532 0.000000
vn 0.991575 -0.129532 0.000000
vn 0.991575 0.129533 0.000000
vn 0.991575 0.129533 0.000000
vn 0.991575 0.129533 0.000000
vn 0.991575 0.129533 0.000000
vn -0.000002 0.000000 -1.000000
vn -0.000004 0.000000 -1.000000
vn 0.000000 0.000000 -1.000000
vn 0.000000 0.000000 -1.000000
vn 0.000001 0.000000 -1.000000
vn 0.000001 0.000000 -1.000000
vn 0.000000 0.000000 -1.000000
vn 0.000000 0.000000 -1.000000
vn 0.000001 0.000000 -1.000000
vn 0.000000 0.000000 -1.000000
vn -0.000003 0.000000 -1.000000
vn 0.000002 0.000000 -1.000000
vn 0.000000 0.000000 -1.000000
vn 0.000002 0.000000 1.000000
vn 0.000001 0.000000 1.000000
vn 0.000000 0.000000 1.000000
vn 0.000002 0.000000 1.000000
vn 0.000001 0.000000 1.000000
vn 0.000000 0.000000 1.000000
vn 0.000000 0.000000 1.000000
vn 0.000001 0.000000 1.000000
vn -0.000001 0.000000 1.000000
vn -0.000000 0.000000 1.000000
vn 0.000002 0.000000 1.000000
vn -0.000004 0.000000 1.000000
vn 0.000000 0.000000 1.000000
vn 0.000000 0.382684 -0.923879
vn 0.000000 0.382684 -0.923879
vn 0.000000 0.382684 -0.923879
vn 0.000000 0.382684 -0.923879
vn 0.000000 -0.382684 -0.923879
vn 0.000000 -0.382684 -0.923879
vn 0.000000 -0.382684 -0.923879
vn 0.000000 -0.382684 -0.923879
vn 0.000000 -0.923877 -0.382689
vn 0.000000 -0.923877 -0.382689
vn 0.000000 -0.923877 -0.382689
vn 0.000000 -0.923877 -0.382689
vn 0.000000 -0.923877 0.382689
vn 0.000000 -0.923877 0.382689
vn 0.000000 -0.923877 0.382689
vn 0.000000 -0.923877 0.382689
vn 0.000000 -0.382684 0.923879
vn 0.000000 -0.382684 0.923879
vn 0.000000 -0.382684 0.923879
vn 0.000000 -0.382684 0.923879
vn 0.000000 0.382684 0.923879
vn 0.000000 0.382684 0.923879
vn 0.000000 0.382684 0.923879
vn 0.000000 0.382684 0.923879
vn 0.000000 0.923877 0.382689
vn 0.000000 0.923877 0.382689
vn 0.000000 0.923877 0.382689
vn 0.000000 0.923877 0.382689
vn 0.000000 0.923877 -0.382689
vn 0.000000 0.923877 -0.382689
vn 0.000000 0.923877 -0.382689
vn 0.000000 0.923877 -0.382689
vn 1.000000 0.000050 0.000000
vn 1.000000 0.000000 0.000000
vn 1.000000 -0.000000 0.000000
vn 1.000000 0.000050 0.000000
vn 1.000000 0.000000 0.000000
vn 1.000000 0.000000 0.000000
vn 1.000000 -0.000050 0.000000
vn 1.000000 -0.000050 0.000000
vn 1.000000 0.000000 0.000000
vn -1.000000 0.000000 0.000000
vn -1.000000 0.000000 0.000000
vn -1.000000 0.000000 0.000000
vn -1.000000 0.000000 0.000000
vn -1.000000 0.000000 0.000000
vn -1.000000 0.000000 0.000000
vn -1.000000 0.000000 0.000000
vn -1.000000 0.000000 0.000000
vn -1.000000 0.000000 0.000000
vn 0.991575 0.129534 0.000000
vn 0.991575 0.129534 0.000000
vn 0.991575 -0.129532 0.000000
vn 0.991575 -0.129532 0.000000
vn 0.898819 -0.438319 0.000000
vn 0.898819 -0.438319 0.000000
vn 0.481559 -0.876414 0.000000
vn 0.481559 -0.876414 0.000000
vn -0.258832 -0.965923 0.000000
vn -0.258832 -0.965923 0.000000
vn -0.707105 -0.707109 0.000000
vn -0.707105 -0.707109 0.000000
vn -0.965926 -0.258818 0.000000
vn -0.965926 -0.258818 0.000000
vn -0.965925 0.258821 0.000000
vn -0.965925 0.258821 0.000000
vn -0.707105 0.707109 0.000000
vn -0.707105 0.707109 0.000000
vn -0.258832 0.965923 0.000000
vn -0.258832 0.965923 0.000000
vn 0.481559 0.876414 0.000000
vn 0.481559 0.876414 0.000000
vn 0.898819 0.438319 0.000000
vn 0.898819 0.438319 0.000000
vn 0.898820 0.438318 0.000000
vn 0.898820 0.438318 0.000000
vn 0.898820 0.438319 0.000000
vn 0.898820 0.438319 0.000000
vn 0.481546 0.876421 0.000000
vn 0.481546 0.876421 0.000000
vn 0.481561 0.876413 0.000000
vn 0.481561 0.876413 0.000000
vn -0.258823 0.965925 0.000000
vn -0.258823 0.965925 0.000000
vn -0.258819 0.965926 0.000000
vn -0.258819 0.965926 0.000000
vn -0.707106 0.707108 0.000000
vn -0.707106 0.707108 0.000000
vn -0.707105 0.707108 0.000000
vn -0.707105 0.707108 0.000000
vn -0.965917 0.258853 0.000000
vn -0.965917 0.258853 0.000000
vn -0.965921 0.258837 0.000000
vn -0.965921 0.258837 0.000000
vn -0.965917 -0.258852 0.000000
vn -0.965917 -0.258852 0.000000
vn -0.965922 -0.258835 0.000000
vn -0.965922 -0.258835 0.000000
vn -0.707106 -0.707108 0.000000
vn -0.707106 -0.707108 0.000000
vn -0.707105 -0.707108 0.000000
vn -0.707105 -0.707108 0.000000
vn -0.258832 -0.965922 0.000000
vn -0.258832 -0.965922 0.000000
vn -0.258827 -0.965924 0.000000
vn -0.258827 -0.965924 0.000000
vn 0.481560 -0.876413 0.000000
vn 0.481560 -0.876413 0.000000
vn 0.481574 -0.876405 0.000000
vn 0.481574 -0.876405 0.000000
vn 0.898820 -0.438318 0.000000
vn 0.898820 -0.438318 0.000000
vn 0.898820 -0.438319 0.000000
vn 0.898820 -0.438319 0.000000
vn 0.991575 -0.129532 0.000000
vn 0.991575 -0.129532 0.000000
vn 0.991573 -0.129550 0.000000
vn 0.991573 -0.129550 0.000000
vn 0.991575 0.129533 0.000000
vn 0.991575 0.129533 0.000000
vn 0.991573 0.129552 0.000000
vn 0.991573 0.129552 0.000000
vn 0.000002 0.000000 -1.000000
vn -0.000004 0.000000 -1.000000
vn 0.000000 0.000000 -1.000000
vn -0.000000 0.000000 -1.000000
vn -0.000001 0.000000 -1.000000
vn 0.000001 0.000000 -1.000000
vn 0.000000 0.000000 -1.000000
vn 0.000000 0.000000 -1.000000
vn 0.000001 0.000000 -1.000000
vn 0.000000 0.000000 -1.000000
vn -0.000003 0.000000 -1.000000
vn 0.000002 0.000000 -1.000000
vn 0.000000 0.000000 -1.000000
vn 0.000002 0.000000 1.000000
vn -0.000003 0.000000 1.000000
vn 0.000000 0.000000 1.000000
vn 0.000000 0.000000 1.000000
vn 0.000001 0.000000 1.000000
vn 0.000000 0.000000 1.000000
vn 0.000000 0.000000 1.000000
vn 0.000001 0.000000 1.000000
vn -0.000001 0.000000 1.000000
vn -0.000000 0.000000 1.000000
vn 0.000002 0.000000 1.000000
vn -0.000004 0.000000 1.000000
vn 0.000000 0.000000 1.000000
vn 0.000000 0.382688 -0.923878
vn 0.000000 0.382688 -0.923878
vn 0.000000 0.382688 -0.923878
vn 0.000000 0.382688 -0.923878
vn 0.000000 -0.382669 -0.923885
vn 0.000000 -0.382669 -0.923885
vn 0.000000 -0.382669 -0.923885
vn 0.000000 -0.382669 -0.923885
vn 0.000000 -0.923887 -0.382666
vn 0.000000 -0.923887 -0.382666
vn 0.000000 -0.923887 -0.382666
vn 0.000000 -0.923887 -0.382666
vn 0.000000 -0.923887 0.382666
vn 0.000000 -0.923887 0.382666
vn 0.000000 -0.923887 0.382666
vn 0.000000 -0.923887 0.382666
vn 0.000000 -0.382669 0.923885
vn 0.000000 -0.382669 0.923885
vn 0.000000 -0.382669 0.923885
vn 0.000000 -0.382669 0.923885
vn 0.000000 0.382688 0.923878
vn 0.000000 0.382688 0.923878
vn 0.000000 0.382688 0.923878
vn 0.000000 0.382688 0.923878
vn 0.000000 0.923868 0.382711
vn 0.000000 0.923868 0.382711
vn 0.000000 0.923868 0.382711
vn 0.000000 0.923868 0.382711
vn 0.000000 0.923868 -0.382711
vn 0.000000 0.923868 -0.382711
vn 0.000000 0.923868 -0.382711
vn 0.000000 0.923868 -0.382711
vn 1.000000 0.000050 0.000000
vn 1.000000 0.000100 0.000000
vn 1.000000 0.000025 0.000000
vn 1.000000 -0.000050 0.000000
vn 1.000000 0.000000 0.000000
vn 1.000000 0.000000 0.000000
vn 1.000000 0.000050 0.000000
vn 1.000000 0.000050 0.000000
vn 1.000000 0.000000 0.000000
vn -1.000000 0.000000 0.000000
vn -1.000000 0.000000 0.000000
vn -1.000000 0.000000 0.000000
vn -1.000000 0.000000 0.000000
vn -1.000000 0.000000 0.000000
vn -1.000000 0.000000 0.000000
vn -1.000000 0.000000 0.000000
vn -1.000000 0.000000 0.000000
vn -1.000000 0.000000 0.000000
vn 0.991570 0.129570 0.000000
vn 0.991570 0.129570 0.000000
vn 0.991571 -0.129569 0.000000
vn 0.991571 -0.129569 0.000000
vn 0.898819 -0.438319 0.000000
vn 0.898819 -0.438319 0.000000
vn 0.481588 -0.876398 0.000000
vn 0.481588 -0.876398 0.000000
vn -0.258823 -0.965925 0.000000
vn -0.258823 -0.965925 0.000000
vn -0.707105 -0.707109 0.000000
vn -0.707105 -0.707109 0.000000
vn -0.965926 -0.258818 0.000000
vn -0.965926 -0.258818 0.000000
vn -0.965925 0.258821 0.000000
vn -0.965925 0.258821 0.000000
vn -0.707105 0.707109 0.000000
vn -0.707105 0.707109 0.000000
vn -0.258814 0.965927 0.000000
vn -0.258814 0.965927 0.000000
vn 0.481575 0.876405 0.000000
vn 0.481575 0.876405 0.000000
vn 0.898819 0.438319 0.000000
vn 0.898819 0.438319 0.000000
vn 0.898802 0.438355 0.000000
vn 0.898802 0.438355 0.000000
vn 0.898802 0.438356 0.000000
vn 0.898802 0.438356 0.000000
vn 0.481603 0.876389 0.000000
vn 0.481603 0.876389 0.000000
vn 0.481603 0.876389 0.000000
vn 0.481603 0.876389 0.000000
vn -0.258805 0.965930 0.000000
vn -0.258805 0.965930 0.000000
vn -0.258805 0.965930 0.000000
vn -0.258805 0.965930 0.000000
vn -0.707106 0.707108 0.000000
vn -0.707106 0.707108 0.000000
vn -0.707114 0.707099 0.000000
vn -0.707114 0.707099 0.000000
vn -0.965935 0.258784 0.000000
vn -0.965935 0.258784 0.000000
vn -0.965931 0.258801 0.000000
vn -0.965931 0.258801 0.000000
vn -0.965935 -0.258784 0.000000
vn -0.965935 -0.258784 0.000000
vn -0.965931 -0.258801 0.000000
vn -0.965931 -0.258801 0.000000
vn -0.707106 -0.707108 0.000000
vn -0.707106 -0.707108 0.000000
vn -0.707114 -0.707099 0.000000
vn -0.707114 -0.707099 0.000000
vn -0.258805 -0.965930 0.000000
vn -0.258805 -0.965930 0.000000
vn -0.258805 -0.965930 0.000000
vn -0.258805 -0.965930 0.000000
vn 0.481603 -0.876389 0.000000
vn 0.481603 -0.876389 0.000000
vn 0.481603 -0.876389 0.000000
vn 0.481603 -0.876389 0.000000
vn 0.898802 -0.438355 0.000000
vn 0.898802 -0.438355 0.000000
vn 0.898802 -0.438356 0.000000
vn 0.898802 -0.438356 0.000000
vn 0.991571 -0.129568 0.000000
vn 0.991571 -0.129568 0.000000
vn 0.991570 -0.129569 0.000000
vn 0.991570 -0.129569 0.000000
vn 0.991571 0.129568 0.000000
vn 0.991571 0.129568 0.000000
vn 0.991570 0.129569 0.000000
vn 0.991570 0.129569 0.000000
vn 0.000000 0.000000 -1.000000
vn 0.000000 0.000000 -1.000000
vn -0.000000 0.000000 -1.000000
vn 0.000000 0.000000 -1.000000
vn -0.000001 0.000000 -1.000000
vn -0.000001 0.000000 -1.000000
vn 0.000000 0.000000 -1.000000
vn 0.000000 0.000000 -1.000000
vn 0.000000 0.000000 -1.000000
vn 0.000000 0.000000 -1.000000
vn 0.000001 0.000000 -1.000000
vn 0.000002 0.000000 -1.000000
vn 0.000000 0.000000 -1.000000
vn -0.000002 0.000000 1.000000
vn -0.000001 0.000000 1.000000
vn 0.000000 0.000000 1.000000
vn 0.000000 0.000000 1.000000
vn 0.000001 0.000000 1.000000
vn 0.000001 0.000000 1.000000
vn 0.000000 0.000000 1.000000
vn 0.000001 0.000000 1.000000
vn 0.000001 0.000000 1.000000
vn 0.000000 0.000000 1.000000
vn -0.000002 0.000000 1.000000
vn -0.000004 0.000000 1.000000
vn 0.000000 0.000000 1.000000
vn 0.000000 0.382682 -0.923880
vn 0.000000 0.382682 -0.923880
vn 0.000000 0.382682 -0.923880
vn 0.000000 0.382682 -0.923880
vn 0.000000 -0.382682 -0.923880
vn 0.000000 -0.382682 -0.923880
vn 0.000000 -0.382682 -0.923880
vn 0.000000 -0.382682 -0.923880
vn 0.000000 -0.923885 -0.382671
vn 0.000000 -0.923885 -0.382671
vn 0.000000 -0.923885 -0.382671
vn 0.000000 -0.923885 -0.382671
vn 0.000000 -0.923885 0.382671
vn 0.000000 -0.923885 0.382671
vn 0.000000 -0.923885 0.382671
vn 0.000000 -0.923885 0.382671
vn 0.000000 -0.382682 0.923880
vn 0.000000 -0.382682 0.923880
vn 0.000000 -0.382682 0.923880
vn 0.000000 -0.382682 0.923880
vn 0.000000 0.382682 0.923880
vn 0.000000 0.382682 0.923880
vn 0.000000 0.382682 0.923880
vn 0.000000 0.382682 0.923880
vn 0.000000 0.923885 0.382671
vn 0.000000 0.923885 0.382671
vn 0.000000 0.923885 0.382671
vn 0.000000 0.923885 0.382671
vn 0.000000 0.923885 -0.382671
vn 0.000000 0.923885 -0.382671
vn 0.000000 0.923885 -0.382671
vn 0.000000 0.923885 -0.382671
vn 1.000000 0.000000 0.000000
vn 1.000000 0.000000 0.000000
vn 1.000000 0.000012 0.000000
vn 1.000000 0.000000 0.000000
vn 1.000000 0.000000 0.000000
vn 1.000000 0.000000 0.000000
vn 1.000000 0.000050 0.000000
vn 1.000000 0.000050 0.000000
vn 1.000000 0.000000 0.000000
vn -1.000000 0.000050 0.000000
vn -1.000000 -0.000050 0.000000
vn -1.000000 -0.000012 0.000000
vn -1.000000 -0.000100 0.000000
vn -1.000000 0.000000 0.000000
vn -1.000000 0.000000 0.000000
vn -1.000000 0.000000 0.000000
vn -1.000000 0.000000 0.000000
vn -1.000000 0.000000 0.000000
vn 0.991571 0.129569 0.000000
vn 0.991571 0.129569 0.000000
vn 0.991571 -0.129569 0.000000
vn 0.991571 -0.129569 0.000000
vn 0.898801 -0.438356 0.000000
vn 0.898801 -0.438356 0.000000
vn 0.481603 -0.876389 0.000000
vn 0.481603 -0.876389 0.000000
vn -0.258805 -0.965930 0.000000
vn -0.258805 -0.965930 0.000000
vn -0.707123 -0.707091 0.000000
vn -0.707123 -0.707091 0.000000
vn -0.965926 -0.258818 0.000000
vn -0.965926 -0.258818 0.000000
vn -0.965926 0.258818 0.000000
vn -0.965926 0.258818 0.000000
vn -0.707123 0.707091 0.000000
vn -0.707123 0.707091 0.000000
vn -0.258805 0.965930 0.000000
vn -0.258805 0.965930 0.000000
vn 0.481603 0.876389 0.000000
vn 0.481603 0.876389 0.000000
vn 0.898801 0.438356 0.000000
vn 0.898801 0.438356 0.000000
vn 0.000000 -1.000000 0.000000
vn 0.000000 -1.000000 0.000000
vn 0.000000 -1.000000 0.000000
vn 0.000000 -1.000000 0.000000
vn 0.700617 0.713537 0.000000
vn 0.700617 0.713537 0.000000
vn 0.700617 0.713537 0.000000
vn 0.700617 0.713537 0.000000
vn -0.959726 -0.280939 0.000000
vn -0.959726 -0.280939 0.000000
vn -0.959726 -0.280939 0.000000
vn -0.959726 -0.280939 0.000000
vn -0.568607 0.822609 0.000000
vn -0.568607 0.822609 0.000000
vn -0.568607 0.822609 0.000000
vn -0.568607 0.822609 0.000000
vn -0.614812 -0.207895 0.760780
vn -0.614683 -0.208046 0.760843
vn -0.442398 -0.037094 0.896051
vn -0.437068 -0.033072 0.898820
vn 0.389336 0.527016 0.755428
vn 0.389654 0.526931 0.755323
vn -0.384557 0.545489 0.744686
vn -0.384557 0.545489 0.744686
vn 0.000000 -0.643158 0.765734
vn 0.000000 -0.643158 0.765734
vn 0.000000 -0.643158 0.765734
vn 0.000000 -0.643158 0.765734
vn -0.935575 -0.353128 0.000000
vn -0.838097 -0.545522 0.000000
vn -0.838097 -0.545522 0.000000
vn -0.935575 -0.353128 0.000000
vn -0.701800 -0.712374 0.000000
vn -0.701800 -0.712374 0.000000
vn 0.000000 0.540209 0.841531
vn 0.475135 0.466215 0.746251
vn 0.422465 0.482544 0.767251
vn 0.000000 0.540209 0.841531
vn -0.953973 -0.299894 0.000000
vn -0.953973 -0.299894 0.000000
vn -0.660404 -0.750911 0.000000
vn -0.660404 -0.750911 0.000000
vn 0.697824 0.716269 0.000000
vn 0.697824 0.716269 0.000000
vn 0.740491 0.672067 0.000000
vn 0.740491 0.672067 0.000000
vn -0.609112 -0.168558 0.774965
vn -0.609112 -0.168558 0.774965
vn -0.571358 -0.203979 0.794948
vn -0.580299 -0.195794 0.790517
vn -0.400348 -0.408758 0.820145
vn -0.405761 -0.402185 0.820735
vn 0.500451 0.457583 0.734961
vn 0.500451 0.457583 0.734961
vn -0.487008 -0.302231 0.819439
vn -0.485638 -0.303982 0.819604
vn 0.404931 0.914347 0.000000
vn 0.404931 0.914347 0.000000
vn 0.000000 0.000000 1.000000
vn -0.000000 0.000000 1.000000
vn -0.000000 0.000000 1.000000
vn 0.000001 0.000000 1.000000
vn 0.000000 0.000000 1.000000
vn 0.000000 0.000000 1.000000
vn 0.000000 0.000000 1.000000
vn 0.000001 0.000000 1.000000
vn 0.000000 0.000000 1.000000
vn 0.000000 0.000000 1.000000
vn 0.000000 0.000000 1.000000
vn 0.000000 0.000000 1.000000
vn 0.000000 0.000000 1.000000
vn 0.000000 0.000000 1.000000
vn 0.000000 0.000000 1.000000
vn 0.000000 0.000000 1.000000
vn 0.000001 0.000000 1.000000
vn 0.000000 -1.000000 0.000000
vn 0.000000 -1.000000 0.000000
vn 0.000000 -1.000000 0.000000
vn 0.000000 -1.000000 0.000000
vn -0.700617 0.713537 0.000000
vn -0.700617 0.713537 0.000000
vn -0.700617 0.713537 0.000000
vn -0.700617 0.713537 0.000000
vn 0.959726 -0.280939 0.000000
vn 0.959726 -0.280939 0.000000
vn 0.959726 -0.280939 0.000000
vn 0.959726 -0.280939 0.000000
vn 0.568607 0.822609 0.000000
vn 0.568607 0.822609 0.000000
vn 0.568607 0.822609 0.000000
vn 0.568607 0.822609 0.000000
vn 0.614813 -0.207895 0.760779
vn 0.437069 -0.033071 0.898820
vn 0.442398 -0.037094 0.896051
vn 0.614684 -0.208046 0.760842
vn -0.389653 0.526932 0.755323
vn -0.389335 0.527017 0.755428
vn 0.384558 0.545490 0.744685
vn 0.384558 0.545490 0.744685
vn 0.000000 -0.643154 0.765737
vn 0.000000 -0.643154 0.765737
vn 0.000000 -0.643154 0.765737
vn 0.000000 -0.643154 0.765737
vn 0.935579 -0.353116 0.000000
vn 0.935579 -0.353116 0.000000
vn 0.838097 -0.545522 0.000000
vn 0.838097 -0.545522 0.000000
vn 0.701793 -0.712381 0.000000
vn 0.701793 -0.712381 0.000000
vn -0.422465 0.482543 0.767252
vn -0.475135 0.466213 0.746252
vn 0.953973 -0.299894 0.000000
vn 0.953973 -0.299894 0.000000
vn 0.660404 -0.750911 0.000000
vn 0.660404 -0.750911 0.000000
vn -0.697824 0.716269 0.000000
vn -0.740491 0.672067 0.000000
vn -0.740491 0.672067 0.000000
vn -0.697824 0.716269 0.000000
vn 0.609113 -0.168571 0.774962
vn 0.580299 -0.195801 0.790516
vn 0.571357 -0.203985 0.794947
vn 0.609113 -0.168571 0.774962
vn 0.400348 -0.408757 0.820146
vn 0.405761 -0.402185 0.820735
vn -0.500450 0.457580 0.734963
vn -0.500450 0.457580 0.734963
vn 0.485637 -0.303981 0.819605
vn 0.487007 -0.302230 0.819440
vn -0.404931 0.914347 0.000000
vn -0.404931 0.914347 0.000000
vn 0.000000 0.000000 1.000000
vn 0.000000 0.000000 1.000000
vn 0.000000 0.000000 1.000000
vn -0.000000 0.000000 1.000000
vn 0.000000 0.000000 1.000000
vn 0.000000 0.000000 1.000000
vn 0.000000 0.000000 1.000000
vn 0.000000 0.000000 1.000000
vn 0.000000 0.000000 1.000000
vn 0.000001 0.000000 1.000000
vn 0.000000 -1.000000 0.000000
vn 0.000000 -1.000000 0.000000
vn 0.000000 -1.000000 0.000000
vn 0.000000 -1.000000 0.000000
vn 0.700617 0.713537 0.000000
vn 0.700617 0.713537 0.000000
vn 0.700617 0.713537 0.000000
vn 0.700617 0.713537 0.000000
vn -0.959726 -0.280939 0.000000
vn -0.959726 -0.280939 0.000000
vn -0.959726 -0.280939 0.000000
vn -0.959726 -0.280939 0.000000
vn -0.568607 0.822609 0.000000
vn -0.568607 0.822609 0.000000
vn -0.568607 0.822609 0.000000
vn -0.568607 0.822609 0.000000
vn -0.614814 -0.207894 -0.760779
vn -0.437070 -0.033072 -0.898820
vn -0.442399 -0.037095 -0.896051
vn -0.614685 -0.208046 -0.760842
vn 0.389653 0.526930 -0.755325
vn 0.389334 0.527016 -0.755429
vn -0.384557 0.545490 -0.744686
vn -0.384557 0.545490 -0.744686
vn 0.000000 -0.643158 -0.765734
vn 0.000000 -0.643158 -0.765734
vn 0.000000 -0.643158 -0.765734
vn 0.000000 -0.643158 -0.765734
vn -0.935575 -0.353128 0.000000
vn -0.935575 -0.353128 0.000000
vn -0.838097 -0.545522 0.000000
vn -0.838097 -0.545522 0.000000
vn -0.701800 -0.712374 0.000000
vn -0.701800 -0.712374 0.000000
vn 0.000000 0.540209 -0.841531
vn 0.000000 0.540209 -0.841531
vn 0.422465 0.482544 -0.767251
vn 0.475135 0.466214 -0.746251
vn -0.953973 -0.299894 0.000000
vn -0.953973 -0.299894 0.000000
vn -0.660404 -0.750911 0.000000
vn -0.660404 -0.750911 0.000000
vn 0.697824 0.716269 0.000000
vn 0.740490 0.672067 0.000000
vn 0.740490 0.672067 0.000000
vn 0.697824 0.716269 0.000000
vn -0.609114 -0.168558 -0.774963
vn -0.580300 -0.195794 -0.790517
vn -0.571358 -0.203979 -0.794948
vn -0.609114 -0.168558 -0.774963
vn -0.400349 -0.408757 -0.820145
vn -0.405761 -0.402185 -0.820735
vn 0.500451 0.457582 -0.734961
vn 0.500451 0.457582 -0.734961
vn -0.485638 -0.303980 -0.819605
vn -0.487008 -0.302230 -0.819440
vn 0.404931 0.914347 0.000000
vn 0.404931 0.914347 0.000000
vn -0.000000 0.000000 -1.000000
vn -0.000000 0.000000 -1.000000
vn -0.000000 0.000000 -1.000000
vn -0.000000 0.000000 -1.000000
vn 0.000000 0.000000 -1.000000
vn -0.000000 0.000000 -1.000000
vn -0.000000 0.000000 -1.000000
vn 0.000000 0.000000 -1.000000
vn -0.000000 0.000000 -1.000000
vn -0.000000 0.000000 -1.000000
vn 0.000000 0.000000 -1.000000
vn 0.000000 0.000000 -1.000000
vn 0.000000 0.000000 -1.000000
vn 0.000000 0.000000 -1.000000
vn 0.000000 0.000000 -1.000000
vn 0.000000 0.000000 -1.000000
vn 0.000000 0.000000 -1.000000
vn 0.000000 -1.000000 0.000000
vn 0.000000 -1.000000 0.000000
vn 0.000000 -1.000000 0.000000
vn 0.000000 -1.000000 0.000000
vn -0.700617 0.713537 0.000000
vn -0.700617 0.713537 0.000000
vn -0.700617 0.713537 0.000000
vn -0.700617 0.713537 0.000000
vn 0.959726 -0.280939 0.000000
vn 0.959726 -0.280939 0.000000
vn 0.959726 -0.280939 0.000000
vn 0.959726 -0.280939 0.000000
vn 0.568607 0.822609 0.000000
vn 0.568607 0.822609 0.000000
vn 0.568607 0.822609 0.000000
vn 0.568607 0.822609 0.000000
vn 0.614813 -0.207894 -0.760779
vn 0.614684 -0.208046 -0.760842
vn 0.442399 -0.037094 -0.896051
vn 0.437070 -0.033071 -0.898820
vn -0.389334 0.527018 -0.755427
vn -0.389653 0.526933 -0.755323
vn 0.384557 0.545489 -0.744686
vn 0.384557 0.545489 -0.744686
vn 0.000000 -0.643154 -0.765737
vn 0.000000 -0.643154 -0.765737
vn 0.000000 -0.643154 -0.765737
vn 0.000000 -0.643154 -0.765737
vn 0.935579 -0.353116 0.000000
vn 0.838097 -0.545522 0.000000
vn 0.838097 -0.545522 0.000000
vn 0.935579 -0.353116 0.000000
vn 0.701793 -0.712381 0.000000
vn 0.701793 -0.712381 0.000000
vn -0.475137 0.466213 -0.746251
vn -0.422466 0.482543 -0.767251
vn 0.953973 -0.299894 0.000000
vn 0.953973 -0.299894 0.000000
vn 0.660404 -0.750911 0.000000
vn 0.660404 -0.750911 0.000000
vn -0.697824 0.716269 0.000000
vn -0.697824 0.716269 0.000000
vn -0.740490 0.672067 0.000000
vn -0.740490 0.672067 0.000000
vn 0.609111 -0.168570 -0.774963
vn 0.609111 -0.168570 -0.774963
vn 0.571357 -0.203985 -0.794947
vn 0.580299 -0.195801 -0.790516
vn 0.400349 -0.408758 -0.820145
vn 0.405762 -0.402185 -0.820734
vn -0.500452 0.457580 -0.734961
vn -0.500452 0.457580 -0.734961
vn 0.487009 -0.302230 -0.819438
vn 0.485639 -0.303981 -0.819604
vn -0.404931 0.914347 0.000000
vn -0.404931 0.914347 0.000000
vn 0.000000 0.000000 -1.000000
vn 0.000000 0.000000 -1.000000
vn 0.000000 0.000000 -1.000000
vn 0.000000 0.000000 -1.000000
vn 0.000000 0.000000 -1.000000
vn 0.000000 0.000000 -1.000000
vn 0.000000 0.000000 -1.000000
vn 0.000000 0.000000 -1.000000
vn 0.000000 0.000000 -1.000000
vn 0.000000 0.000000 -1.000000
vn -0.898820 0.438318 0.000000
vn -0.898820 0.438319 0.000000
vn -0.898820 0.438319 0.000000
vn -0.898820 0.438318 0.000000
vn -0.481589 0.876397 0.000000
vn -0.481574 0.876405 0.000000
vn -0.481574 0.876405 0.000000
vn -0.481589 0.876397 0.000000
vn 0.258823 0.965925 0.000000
vn 0.258827 0.965924 0.000000
vn 0.258827 0.965924 0.000000
vn 0.258823 0.965925 0.000000
vn 0.707106 0.707108 0.000000
vn 0.707105 0.707108 0.000000
vn 0.707105 0.707108 0.000000
vn 0.707106 0.707108 0.000000
vn 0.965926 0.258820 0.000000
vn 0.965930 0.258804 0.000000
vn 0.965930 0.258804 0.000000
vn 0.965926 0.258820 0.000000
vn 0.965926 -0.258818 0.000000
vn 0.965931 -0.258801 0.000000
vn 0.965931 -0.258801 0.000000
vn 0.965926 -0.258818 0.000000
vn 0.707106 -0.707108 0.000000
vn 0.707105 -0.707108 0.000000
vn 0.707105 -0.707108 0.000000
vn 0.707106 -0.707108 0.000000
vn 0.258823 -0.965925 0.000000
vn 0.258827 -0.965924 0.000000
vn 0.258827 -0.965924 0.000000
vn 0.258823 -0.965925 0.000000
vn -0.481589 -0.876397 0.000000
vn -0.481574 -0.876405 0.000000
vn -0.481574 -0.876405 0.000000
vn -0.481589 -0.876397 0.000000
vn -0.898820 -0.438318 0.000000
vn -0.898820 -0.438319 0.000000
vn -0.898820 -0.438319 0.000000
vn -0.898820 -0.438318 0.000000
vn -0.991571 -0.129568 0.000000
vn -0.991570 -0.129569 0.000000
vn -0.991570 -0.129569 0.000000
vn -0.991571 -0.129568 0.000000
vn -0.991570 0.129569 0.000000
vn -0.991570 0.129570 0.000000
vn -0.991570 0.129570 0.000000
vn -0.991570 0.129569 0.000000
vn -0.000001 0.000000 -1.000000
vn -0.000000 0.000000 -1.000000
vn 0.000002 0.000000 -1.000000
vn 0.000000 0.000000 -1.000000
vn -0.000000 0.000000 -1.000000
vn -0.000001 0.000000 -1.000000
vn 0.000000 0.000000 -1.000000
vn 0.000001 0.000000 -1.000000
vn -0.000000 0.000000 -1.000000
vn -0.000000 0.000000 -1.000000
vn 0.000002 0.000000 -1.000000
vn -0.000002 0.000000 -1.000000
vn 0.000000 0.000000 -1.000000
vn -0.000002 0.000000 1.000000
vn 0.000000 0.000000 1.000000
vn 0.000001 0.000000 1.000000
vn -0.000000 0.000000 1.000000
vn -0.000000 0.000000 1.000000
vn 0.000001 0.000000 1.000000
vn 0.000000 0.000000 1.000000
vn -0.000001 0.000000 1.000000
vn 0.000000 0.000000 1.000000
vn 0.000000 0.000000 1.000000
vn -0.000001 0.000000 1.000000
vn 0.000002 0.000000 1.000000
vn 0.000000 0.000000 1.000000
vn 0.000000 0.382684 -0.923879
vn 0.000000 0.382684 -0.923879
vn 0.000000 0.382684 -0.923879
vn 0.000000 0.382684 -0.923879
vn 0.000000 -0.382684 -0.923879
vn 0.000000 -0.382684 -0.923879
vn 0.000000 -0.382684 -0.923879
vn 0.000000 -0.382684 -0.923879
vn 0.000000 -0.923879 -0.382684
vn 0.000000 -0.923879 -0.382684
vn 0.000000 -0.923879 -0.382684
vn 0.000000 -0.923879 -0.382684
vn 0.000000 -0.923877 0.382689
vn 0.000000 -0.923877 0.382689
vn 0.000000 -0.923877 0.382689
vn 0.000000 -0.923877 0.382689
vn 0.000000 -0.382684 0.923879
vn 0.000000 -0.382684 0.923879
vn 0.000000 -0.382684 0.923879
vn 0.000000 -0.382684 0.923879
vn 0.000000 0.382684 0.923879
vn 0.000000 0.382684 0.923879
vn 0.000000 0.382684 0.923879
vn 0.000000 0.382684 0.923879
vn 0.000000 0.923877 0.382689
vn 0.000000 0.923877 0.382689
vn 0.000000 0.923877 0.382689
vn 0.000000 0.923877 0.382689
vn 0.000000 0.923879 -0.382684
vn 0.000000 0.923879 -0.382684
vn 0.000000 0.923879 -0.382684
vn 0.000000 0.923879 -0.382684
vn -1.000000 0.000000 0.000000
vn -1.000000 0.000000 0.000000
vn -1.000000 0.000025 0.000000
vn -1.000000 -0.000025 0.000000
vn -1.000000 0.000000 0.000000
vn -1.000000 0.000025 0.000000
vn -1.000000 0.000000 0.000000
vn -1.000000 -0.000025 0.000000
vn -1.000000 0.000000 0.000000
vn 1.000000 -0.000025 0.000000
vn 1.000000 0.000000 0.000000
vn 1.000000 0.000000 0.000000
vn 1.000000 0.000025 0.000000
vn 1.000000 0.000000 0.000000
vn 1.000000 0.000025 0.000000
vn 1.000000 0.000000 0.000000
vn 1.000000 -0.000025 0.000000
vn 1.000000 0.000000 0.000000
vn -0.991570 0.129570 0.000000
vn -0.991570 0.129570 0.000000
vn -0.991571 -0.129569 0.000000
vn -0.991571 -0.129569 0.000000
vn -0.898819 -0.438319 0.000000
vn -0.898819 -0.438319 0.000000
vn -0.481559 -0.876414 0.000000
vn -0.481559 -0.876414 0.000000
vn 0.258832 -0.965923 0.000000
vn 0.258832 -0.965923 0.000000
vn 0.707105 -0.707109 0.000000
vn 0.707105 -0.707109 0.000000
vn 0.965935 -0.258785 0.000000
vn 0.965935 -0.258785 0.000000
vn 0.965934 0.258788 0.000000
vn 0.965934 0.258788 0.000000
vn 0.707105 0.707109 0.000000
vn 0.707105 0.707109 0.000000
vn 0.258832 0.965923 0.000000
vn 0.258832 0.965923 0.000000
vn -0.481559 0.876414 0.000000
vn -0.481559 0.876414 0.000000
vn -0.898819 0.438319 0.000000
vn -0.898819 0.438319 0.000000
vn -0.898820 0.438318 0.000000
vn -0.898820 0.438319 0.000000
vn -0.898820 0.438319 0.000000
vn -0.898820 0.438318 0.000000
vn -0.481575 0.876405 0.000000
vn -0.481575 0.876405 0.000000
vn -0.481575 0.876405 0.000000
vn -0.481575 0.876405 0.000000
vn 0.258814 0.965927 0.000000
vn 0.258814 0.965927 0.000000
vn 0.258814 0.965927 0.000000
vn 0.258814 0.965927 0.000000
vn 0.707106 0.707108 0.000000
vn 0.707105 0.707108 0.000000
vn 0.707105 0.707108 0.000000
vn 0.707106 0.707108 0.000000
vn 0.965926 0.258820 0.000000
vn 0.965925 0.258820 0.000000
vn 0.965925 0.258820 0.000000
vn 0.965926 0.258820 0.000000
vn 0.965926 -0.258818 0.000000
vn 0.965926 -0.258818 0.000000
vn 0.965926 -0.258818 0.000000
vn 0.965926 -0.258818 0.000000
vn 0.707106 -0.707108 0.000000
vn 0.707105 -0.707108 0.000000
vn 0.707105 -0.707108 0.000000
vn 0.707106 -0.707108 0.000000
vn 0.258823 -0.965925 0.000000
vn 0.258823 -0.965925 0.000000
vn 0.258823 -0.965925 0.000000
vn 0.258823 -0.965925 0.000000
vn -0.481589 -0.876397 0.000000
vn -0.481588 -0.876398 0.000000
vn -0.481588 -0.876398 0.000000
vn -0.481589 -0.876397 0.000000
vn -0.898820 -0.438318 0.000000
vn -0.898820 -0.438319 0.000000
vn -0.898820 -0.438319 0.000000
vn -0.898820 -0.438318 0.000000
vn -0.991571 -0.129568 0.000000
vn -0.991570 -0.129569 0.000000
vn -0.991570 -0.129569 0.000000
vn -0.991571 -0.129568 0.000000
vn -0.991570 0.129569 0.000000
vn -0.991570 0.129570 0.000000
vn -0.991570 0.129570 0.000000
vn -0.991570 0.129569 0.000000
vn -0.000002 0.000000 -1.000000
vn 0.000000 0.000000 -1.000000
vn 0.000002 0.000000 -1.000000
vn 0.000000 0.000000 -1.000000
vn 0.000000 0.000000 -1.000000
vn -0.000001 0.000000 -1.000000
vn 0.000000 0.000000 -1.000000
vn 0.000001 0.000000 -1.000000
vn -0.000000 0.000000 -1.000000
vn -0.000000 0.000000 -1.000000
vn 0.000002 0.000000 -1.000000
vn -0.000002 0.000000 -1.000000
vn 0.000000 0.000000 -1.000000
vn -0.000002 0.000000 1.000000
vn -0.000000 0.000000 1.000000
vn 0.000002 0.000000 1.000000
vn -0.000000 0.000000 1.000000
vn -0.000000 0.000000 1.000000
vn 0.000001 0.000000 1.000000
vn 0.000000 0.000000 1.000000
vn -0.000001 0.000000 1.000000
vn 0.000000 0.000000 1.000000
vn 0.000000 0.000000 1.000000
vn -0.000001 0.000000 1.000000
vn 0.000002 0.000000 1.000000
vn 0.000000 0.000000 1.000000
vn 0.000000 0.382688 -0.923878
vn 0.000000 0.382688 -0.923878
vn 0.000000 0.382688 -0.923878
vn 0.000000 0.382688 -0.923878
vn 0.000000 -0.382669 -0.923885
vn 0.000000 -0.382669 -0.923885
vn 0.000000 -0.382669 -0.923885
vn 0.000000 -0.382669 -0.923885
vn 0.000000 -0.923889 -0.382662
vn 0.000000 -0.923889 -0.382662
vn 0.000000 -0.923889 -0.382662
vn 0.000000 -0.923889 -0.382662
vn 0.000000 -0.923889 0.382662
vn 0.000000 -0.923889 0.382662
vn 0.000000 -0.923889 0.382662
vn 0.000000 -0.923889 0.382662
vn 0.000000 -0.382669 0.923885
vn 0.000000 -0.382669 0.923885
vn 0.000000 -0.382669 0.923885
vn 0.000000 -0.382669 0.923885
vn 0.000000 0.382688 0.923878
vn 0.000000 0.382688 0.923878
vn 0.000000 0.382688 0.923878
vn 0.000000 0.382688 0.923878
vn 0.000000 0.923870 0.382706
vn 0.000000 0.923870 0.382706
vn 0.000000 0.923870 0.382706
vn 0.000000 0.923870 0.382706
vn 0.000000 0.923870 -0.382706
vn 0.000000 0.923870 -0.382706
vn 0.000000 0.923870 -0.382706
vn 0.000000 0.923870 -0.382706
vn -1.000000 0.000000 0.000000
vn -1.000000 0.000000 0.000000
vn -1.000000 0.000000 0.000000
vn -1.000000 0.000000 0.000000
vn -1.000000 0.000000 0.000000
vn -1.000000 0.000000 0.000000
vn -1.000000 0.000000 0.000000
vn -1.000000 0.000000 0.000000
vn -1.000000 0.000000 0.000000
vn 1.000000 0.000025 0.000000
vn 1.000000 -0.000000 0.000000
vn 1.000000 -0.000000 0.000000
vn 1.000000 -0.000025 0.000000
vn 1.000000 0.000000 0.000000
vn 1.000000 -0.000025 0.000000
vn 1.000000 -0.000000 0.000000
vn 1.000000 0.000025 0.000000
vn 1.000000 0.000000 0.000000
vn -0.991570 0.129570 0.000000
vn -0.991570 0.129570 0.000000
vn -0.991571 -0.129569 0.000000
vn -0.991571 -0.129569 0.000000
vn -0.898819 -0.438319 0.000000
vn -0.898819 -0.438319 0.000000
vn -0.481588 -0.876398 0.000000
vn -0.481588 -0.876398 0.000000
vn 0.258823 -0.965925 0.000000
vn 0.258823 -0.965925 0.000000
vn 0.707105 -0.707109 0.000000
vn 0.707105 -0.707109 0.000000
vn 0.965926 -0.258818 0.000000
vn 0.965926 -0.258818 0.000000
vn 0.965925 0.258821 0.000000
vn 0.965925 0.258821 0.000000
vn 0.707105 0.707109 0.000000
vn 0.707105 0.707109 0.000000
vn 0.258814 0.965927 0.000000
vn 0.258814 0.965927 0.000000
vn -0.481575 0.876405 0.000000
vn -0.481575 0.876405 0.000000
vn -0.898819 0.438319 0.000000
vn -0.898819 0.438319 0.000000
vn -0.898802 0.438355 0.000000
vn -0.898802 0.438356 0.000000
vn -0.898802 0.438356 0.000000
vn -0.898802 0.438355 0.000000
vn -0.481575 0.876405 0.000000
vn -0.481575 0.876405 0.000000
vn -0.481575 0.876405 0.000000
vn -0.481575 0.876405 0.000000
vn 0.258814 0.965927 0.000000
vn 0.258814 0.965927 0.000000
vn 0.258814 0.965927 0.000000
vn 0.258814 0.965927 0.000000
vn 0.707106 0.707108 0.000000
vn 0.707105 0.707108 0.000000
vn 0.707105 0.707108 0.000000
vn 0.707106 0.707108 0.000000
vn 0.965926 0.258818 0.000000
vn 0.965926 0.258818 0.000000
vn 0.965926 0.258818 0.000000
vn 0.965926 0.258818 0.000000
vn 0.965926 -0.258818 0.000000
vn 0.965926 -0.258818 0.000000
vn 0.965926 -0.258818 0.000000
vn 0.965926 -0.258818 0.000000
vn 0.707106 -0.707108 0.000000
vn 0.707105 -0.707108 0.000000
vn 0.707105 -0.707108 0.000000
vn 0.707106 -0.707108 0.000000
vn 0.258814 -0.965927 0.000000
vn 0.258814 -0.965927 0.000000
vn 0.258814 -0.965927 0.000000
vn 0.258814 -0.965927 0.000000
vn -0.481575 -0.876405 0.000000
vn -0.481575 -0.876405 0.000000
vn -0.481575 -0.876405 0.000000
vn -0.481575 -0.876405 0.000000
vn -0.898802 -0.438355 0.000000
vn -0.898802 -0.438356 0.000000
vn -0.898802 -0.438356 0.000000
vn -0.898802 -0.438355 0.000000
vn -0.991571 -0.129568 0.000000
vn -0.991573 -0.129550 0.000000
vn -0.991573 -0.129550 0.000000
vn -0.991571 -0.129568 0.000000
vn -0.991571 0.129568 0.000000
vn -0.991573 0.129550 0.000000
vn -0.991573 0.129550 0.000000
vn -0.991571 0.129568 0.000000
vn 0.000000 0.000000 -1.000000
vn -0.000000 0.000000 -1.000000
vn -0.000002 0.000000 -1.000000
vn -0.000000 0.000000 -1.000000
vn 0.000000 0.000000 -1.000000
vn 0.000001 0.000000 -1.000000
vn 0.000000 0.000000 -1.000000
vn 0.000001 0.000000 -1.000000
vn 0.000000 0.000000 -1.000000
vn -0.000000 0.000000 -1.000000
vn 0.000000 0.000000 -1.000000
vn -0.000002 0.000000 -1.000000
vn 0.000000 0.000000 -1.000000
vn 0.000002 0.000000 1.000000
vn 0.000000 0.000000 1.000000
vn -0.000000 0.000000 1.000000
vn 0.000000 0.000000 1.000000
vn -0.000000 0.000000 1.000000
vn -0.000001 0.000000 1.000000
vn 0.000000 0.000000 1.000000
vn -0.000001 0.000000 1.000000
vn -0.000000 0.000000 1.000000
vn 0.000000 0.000000 1.000000
vn -0.000000 0.000000 1.000000
vn 0.000002 0.000000 1.000000
vn 0.000000 0.000000 1.000000
vn 0.000000 0.382682 -0.923880
vn 0.000000 0.382682 -0.923880
vn 0.000000 0.382682 -0.923880
vn 0.000000 0.382682 -0.923880
vn 0.000000 -0.382682 -0.923880
vn 0.000000 -0.382682 -0.923880
vn 0.000000 -0.382682 -0.923880
vn 0.000000 -0.382682 -0.923880
vn 0.000000 -0.923887 -0.382666
vn 0.000000 -0.923887 -0.382666
vn 0.000000 -0.923887 -0.382666
vn 0.000000 -0.923887 -0.382666
vn 0.000000 -0.923885 0.382671
vn 0.000000 -0.923885 0.382671
vn 0.000000 -0.923885 0.382671
vn 0.000000 -0.923885 0.382671
vn 0.000000 -0.382682 0.923880
vn 0.000000 -0.382682 0.923880
vn 0.000000 -0.382682 0.923880
vn 0.000000 -0.382682 0.923880
vn 0.000000 0.382682 0.923880
vn 0.000000 0.382682 0.923880
vn 0.000000 0.382682 0.923880
vn 0.000000 0.382682 0.923880
vn 0.000000 0.923885 0.382671
vn 0.000000 0.923885 0.382671
vn 0.000000 0.923885 0.382671
vn 0.000000 0.923885 0.382671
vn 0.000000 0.923887 -0.382666
vn 0.000000 0.923887 -0.382666
vn 0.000000 0.923887 -0.382666
vn 0.000000 0.923887 -0.382666
vn -1.000000 0.000000 0.000000
vn -1.000000 0.000000 0.000000
vn -1.000000 -0.000050 0.000000
vn -1.000000 0.000050 0.000000
vn -1.000000 0.000000 0.000000
vn -1.000000 0.000000 0.000000
vn -1.000000 0.000000 0.000000
vn -1.000000 0.000000 0.000000
vn -1.000000 0.000000 0.000000
vn 1.000000 -0.000050 0.000000
vn 1.000000 0.000000 0.000000
vn 1.000000 0.000000 0.000000
vn 1.000000 0.000050 0.000000
vn 1.000000 0.000000 0.000000
vn 1.000000 -0.000050 0.000000
vn 1.000000 0.000000 0.000000
vn 1.000000 0.000050 0.000000
vn 1.000000 0.000000 0.000000
vn -0.991575 0.129532 0.000000
vn -0.991575 0.129532 0.000000
vn -0.991575 -0.129532 0.000000
vn -0.991575 -0.129532 0.000000
vn -0.898801 -0.438356 0.000000
vn -0.898801 -0.438356 0.000000
vn -0.481575 -0.876405 0.000000
vn -0.481575 -0.876405 0.000000
vn 0.258814 -0.965927 0.000000
vn 0.258814 -0.965927 0.000000
vn 0.707105 -0.707109 0.000000
vn 0.707105 -0.707109 0.000000
vn 0.965926 -0.258818 0.000000
vn 0.965926 -0.258818 0.000000
vn 0.965926 0.258818 0.000000
vn 0.965926 0.258818 0.000000
vn 0.707105 0.707109 0.000000
vn 0.707105 0.707109 0.000000
vn 0.258814 0.965927 0.000000
vn 0.258814 0.965927 0.000000
vn -0.481575 0.876405 0.000000
vn -0.481575 0.876405 0.000000
vn -0.898801 0.438356 0.000000
vn -0.898801 0.438356 0.000000
vn 0.000000 -0.000000 -1.000000
vn 0.000000 -0.000000 -1.000000
vn 0.000000 -0.000000 -1.000000
vn 0.000000 -0.000000 -1.000000
vn 0.000000 -0.000000 -1.000000
vn 0.000000 -0.000000 -1.000000
vn 0.000000 0.000000 1.000000
vn 0.000000 0.000000 1.000000
vn 0.000000 0.000000 1.000000
vn 0.000000 0.000000 1.000000
vn 0.000000 0.000000 1.000000
vn 0.000000 0.000000 1.000000
vn 0.000000 -1.000000 0.000000
vn 0.000000 -1.000000 0.000000
vn 0.000000 -1.000000 0.000000
vn 0.000000 -1.000000 0.000000
vn 0.000000 1.000000 0.000000
vn 0.000000 1.000000 0.000000
vn 0.000000 1.000000 0.000000
vn 0.000000 1.000000 0.000000
vn -0.999929 0.011929 0.000000
vn -0.999929 0.011929 0.000000
vn -0.999929 0.011929 0.000000
vn -0.999929 0.011929 0.000000
vn 0.000000 -1.000000 0.000000
vn 0.000000 -1.000000 0.000000
vn 0.000000 -1.000000 0.000000
vn 0.000000 -1.000000 0.000000
vn 0.999929 0.011929 0.000000
vn 0.999929 0.011929 0.000000
vn 0.999929 0.011929 0.000000
vn 0.999929 0.011929 0.000000
vn 0.000000 1.000000 0.000000
vn 0.000000 1.000000 0.000000
vn 0.000000 1.000000 0.000000
vn 0.000000 1.000000 0.000000
vn -0.999929 0.011929 0.000000
vn -0.999929 0.011929 0.000000
vn 0.000000 -1.000000 0.000000
vn 0.000000 -1.000000 0.000000
vn 0.000000 -1.000000 0.000000
vn 0.000000 -1.000000 0.000000
vn 0.999929 0.011929 0.000000
vn 0.999929 0.011929 0.000000
vn 0.000000 1.000000 0.000000
vn 0.000000 1.000000 0.000000
vn 0.000000 1.000000 0.000000
vn 0.000000 1.000000 0.000000
vn 0.598781 -0.800912 0.000000
vn 0.598781 -0.800912 0.000000
vn 0.577746 -0.816216 0.000000
vn 0.577746 -0.816216 0.000000
vn -0.578171 0.815916 0.000000
vn -0.578171 0.815916 0.000000
vn -0.517116 0.855915 0.000000
vn -0.517116 0.855915 0.000000
vn -0.944808 0.327624 0.000000
vn -0.944808 0.327624 0.000000
vn -0.944808 0.327624 0.000000
vn -0.944808 0.327624 0.000000
vn -0.738374 -0.674391 0.000000
vn -0.738374 -0.674391 0.000000
vn -0.743976 -0.668206 0.000000
vn -0.743976 -0.668206 0.000000
vn 0.994384 -0.105832 0.000000
vn 0.994384 -0.105832 0.000000
vn 0.994384 -0.105832 0.000000
vn 0.994384 -0.105832 0.000000
vn 0.947167 -0.320742 0.000000
vn 0.947167 -0.320742 0.000000
vn 0.998467 0.055357 0.000000
vn 0.998467 0.055357 0.000000
vn -0.743604 0.668620 0.000000
vn -0.743604 0.668620 0.000000
vn -0.739926 0.672688 0.000000
vn -0.739926 0.672688 0.000000
vn 0.632221 0.774788 0.000000
vn 0.632221 0.774788 0.000000
vn 0.632221 0.774788 0.000000
vn 0.632221 0.774788 0.000000
vn -0.907627 0.419779 0.000000
vn -0.907627 0.419779 0.000000
vn -0.887307 0.461179 0.000000
vn -0.887307 0.461179 0.000000
vn 0.657960 0.753053 0.000000
vn 0.657960 0.753053 0.000000
vn 0.696859 0.717208 0.000000
vn 0.696859 0.717208 0.000000
vn 0.958844 0.283934 0.000000
vn 0.958844 0.283934 0.000000
vn 0.974005 0.226529 0.000000
vn 0.974005 0.226529 0.000000
vn -0.646907 0.762569 0.000000
vn -0.646907 0.762569 0.000000
vn -0.613963 0.789335 0.000000
vn -0.613963 0.789335 0.000000
vn -0.720236 -0.693729 0.000000
vn -0.720236 -0.693729 0.000000
vn -0.720236 -0.693729 0.000000
vn -0.720236 -0.693729 0.000000
vn 0.950504 0.310713 0.000000
vn 0.950504 0.310713 0.000000
vn -0.400356 -0.916360 0.000000
vn -0.400356 -0.916360 0.000000
vn -0.198383 -0.980125 0.000000
vn -0.198383 -0.980125 0.000000
vn -0.745004 0.667060 0.000000
vn -0.745004 0.667060 0.000000
vn 0.391609 0.920132 0.000000
vn 0.391609 0.920132 0.000000
vn 0.033742 0.999431 0.000000
vn 0.033742 0.999431 0.000000
vn -0.328657 0.944449 0.000000
vn -0.328657 0.944449 0.000000
vn -0.992536 -0.121951 0.000000
vn -0.992536 -0.121951 0.000000
vn -0.992536 -0.121951 0.000000
vn -0.992536 -0.121951 0.000000
vn -0.557339 -0.830285 0.000000
vn -0.557339 -0.830285 0.000000
vn -0.557339 -0.830285 0.000000
vn -0.557339 -0.830285 0.000000
vn 0.262957 -0.964808 0.000000
vn 0.262957 -0.964808 0.000000
vn -0.234686 -0.972071 0.000000
vn -0.234686 -0.972071 0.000000
vn -0.234686 -0.972071 0.000000
vn -0.234686 -0.972071 0.000000
vn 0.781834 -0.623487 0.000000
vn 0.781834 -0.623487 0.000000
vn 0.781834 -0.623487 0.000000
vn 0.781834 -0.623487 0.000000
vn 0.877082 0.480341 0.000000
vn 0.877082 0.480341 0.000000
vn 0.500786 0.865571 0.000000
vn 0.500786 0.865571 0.000000
vn 0.500786 0.865571 0.000000
vn 0.500786 0.865571 0.000000
vn -0.020655 0.999787 0.000000
vn -0.020655 0.999787 0.000000
vn -0.020655 0.999787 0.000000
vn -0.020655 0.999787 0.000000
vn -0.536178 0.844105 0.000000
vn -0.536178 0.844105 0.000000
vn 0.738374 -0.674391 0.000000
vn 0.743976 -0.668207 0.000000
vn 0.743976 -0.668207 0.000000
vn 0.738374 -0.674391 0.000000
vn -0.994386 -0.105814 0.000000
vn -0.994386 -0.105814 0.000000
vn -0.994386 -0.105814 0.000000
vn -0.994386 -0.105814 0.000000
vn 0.720235 -0.693730 0.000000
vn 0.720235 -0.693730 0.000000
vn 0.720235 -0.693730 0.000000
vn 0.720235 -0.693730 0.000000
vn -0.950504 0.310714 0.000000
vn -0.950504 0.310714 0.000000
vn -0.950504 0.310714 0.000000
vn -0.950504 0.310714 0.000000
vn 0.400356 -0.916360 0.000000
vn 0.400356 -0.916360 0.000000
vn 0.198378 -0.980126 0.000000
vn 0.198378 -0.980126 0.000000
vn 0.234686 -0.972071 0.000000
vn 0.234686 -0.972071 0.000000
vn 0.234686 -0.972071 0.000000
vn 0.234686 -0.972071 0.000000
vn -0.781834 -0.623487 0.000000
vn -0.781834 -0.623487 0.000000
vn -0.781834 -0.623487 0.000000
vn -0.781834 -0.623487 0.000000
vn -0.952028 0.306012 0.000000
vn -0.952028 0.306012 0.000000
vn -0.952028 0.306012 0.000000
vn -0.952028 0.306012 0.000000
vn -0.337288 0.061160 0.939413
vn 0.284220 -0.394540 0.873818
vn 0.277138 -0.395092 0.875841
vn -0.327580 0.053841 0.943288
vn -0.342630 -0.316422 0.884580
vn 0.478736 -0.166490 0.862028
vn 0.422105 -0.217968 0.879953
vn -0.348633 -0.316977 0.882032
vn 0.373305 0.085660 0.923745
vn 0.509350 0.030420 0.860022
vn 0.509321 0.031224 0.860010
vn 0.374800 0.086625 0.923050
vn 0.319207 -0.064440 0.945492
vn -0.394991 0.334221 0.855733
vn -0.393954 0.334330 0.856168
vn 0.331241 -0.071716 0.940817
vn -0.346415 0.341862 0.873572
vn -0.293437 0.344204 0.891862
vn -0.288200 0.344375 0.893503
vn -0.346415 0.341862 0.873572
vn 0.297703 0.310739 0.902671
vn -0.074889 0.264813 0.961387
vn -0.035934 0.274291 0.960975
vn 0.296300 0.309064 0.903707
vn -0.376309 0.186301 0.907570
vn -0.374901 0.187289 0.907950
vn -0.443006 0.203290 0.873166
vn -0.444163 0.202361 0.872794
vn -0.360473 -0.319466 0.876356
vn -0.360360 -0.319474 0.876400
vn -0.152305 -0.361081 0.920013
vn -0.152761 -0.360876 0.920018
vn 0.000000 -0.393405 0.919365
vn 0.000000 -0.393405 0.919365
vn -0.227029 0.336745 0.913817
vn -0.228390 0.335051 0.914100
vn -0.291901 0.261362 0.920046
vn -0.291901 0.261361 0.920046
vn 0.256142 0.298614 0.919359
vn 0.256251 0.298518 0.919360
vn 0.150591 0.362138 0.919880
vn 0.150860 0.362020 0.919882
vn 0.013262 0.392841 0.919511
vn 0.013262 0.392841 0.919511
vn -0.125824 0.371465 0.919881
vn -0.126102 0.371365 0.919884
vn -0.319478 -0.226107 0.920222
vn -0.385043 0.079253 0.919489
vn -0.384748 0.081133 0.919449
vn -0.321931 -0.222057 0.920354
vn -0.091459 -0.380526 0.920237
vn -0.086286 -0.381337 0.920400
vn -0.362522 -0.368866 0.855871
vn -0.362171 -0.368953 0.855983
vn 0.056696 -0.388940 0.919517
vn 0.051668 -0.390433 0.919181
vn 0.469988 0.166211 0.866882
vn 0.469988 0.166211 0.866882
vn 0.469988 0.166211 0.866882
vn 0.469988 0.166211 0.866882
vn 0.279485 0.315109 0.906970
vn 0.351319 0.273208 0.895507
vn 0.351319 0.273208 0.895507
vn 0.258287 0.326844 0.909099
vn 0.069360 0.388363 0.918892
vn 0.067460 0.388815 0.918843
vn -0.096024 0.380726 0.919688
vn -0.097756 0.380200 0.919724
vn -0.462459 -0.207967 0.861906
vn 0.332875 -0.306784 0.891671
vn 0.334363 -0.306877 0.891082
vn -0.364976 -0.282189 0.887221
vn -0.470347 0.158853 0.868066
vn -0.359543 0.082960 0.929433
vn -0.360452 0.083549 0.929028
vn -0.470273 0.158821 0.868112
vn 0.346808 -0.309341 0.885456
vn 0.346743 -0.309351 0.885478
vn 0.152305 -0.361081 0.920013
vn 0.152761 -0.360876 0.920018
vn 0.370752 -0.361146 0.855638
vn 0.368193 -0.361647 0.856531
vn -0.070202 -0.385933 0.919852
vn -0.033882 -0.389563 0.920376
vn -0.000000 0.000000 1.000000
vn -0.000001 0.000000 1.000000
vn 0.000000 0.000000 1.000000
vn 0.000000 0.000000 1.000000
vn -0.000000 0.000000 1.000000
vn -0.000000 0.000000 1.000000
vn 0.000000 0.000000 1.000000
vn 0.000000 0.000000 1.000000
vn 0.000000 0.000000 1.000000
vn -0.000000 0.000000 1.000000
vn 0.000001 0.000000 1.000000
vn 0.000001 0.000000 1.000000
vn 0.000000 0.000000 1.000000
vn 0.000000 0.000000 1.000000
vn -0.000000 0.000000 1.000000
vn -0.000000 0.000000 1.000000
vn 0.000000 0.000000 1.000000
vn 0.000000 0.000000 1.000000
vn 0.000001 0.000000 1.000000
vn 0.000001 0.000000 1.000000
vn 0.000000 0.000000 1.000000
vn 0.000000 0.000000 1.000000
vn 0.000000 0.000000 1.000000
vn 0.000000 0.000000 1.000000
vn 0.000000 0.000000 1.000000
vn -0.000000 0.000000 1.000000
vn 0.000000 0.000000 1.000000
vn 0.000000 0.000000 1.000000
vn 0.000001 0.000000 1.000000
vn -0.000000 0.000000 1.000000
vn 0.000000 0.000000 1.000000
vn 0.000001 0.000000 1.000000
vn 0.000000 0.000000 1.000000
vn 0.000000 0.000000 1.000000
vn 0.000000 0.000000 1.000000
vn -0.000000 0.000000 1.000000
vn 0.000000 0.000000 1.000000
vn 0.000000 0.000000 1.000000
vn 0.000000 0.000000 1.000000
vn 0.000000 0.000000 1.000000
vn -0.000000 0.000000 1.000000
vn -0.000000 0.000000 1.000000
vn -0.000000 0.000000 1.000000
vn -0.000001 0.000000 1.000000
vn 0.000001 0.000000 1.000000
vn 0.000002 0.000000 1.000000
vn -0.000001 0.000000 1.000000
vn 0.000000 0.000000 1.000000
vn 0.000000 0.000000 1.000000
vn -0.000001 0.000000 1.000000
vn 0.000001 0.000000 1.000000
vn 0.000000 0.000000 1.000000
vn -0.000000 0.000000 1.000000
vn -0.000000 0.000000 1.000000
vn -0.000001 0.000000 1.000000
vn -0.000000 0.000000 1.000000
vn 0.000001 0.000000 1.000000
vn 0.000001 0.000000 1.000000
vn -0.000000 0.000000 1.000000
vn 0.000000 0.000000 1.000000
vn -0.000000 0.000000 1.000000
vn -0.000000 0.000000 1.000000
vn 0.000001 0.000000 1.000000
vn -0.000000 0.000000 1.000000
vn -0.000000 0.000000 1.000000
vn -0.000000 0.000000 1.000000
vn -0.000000 0.000000 1.000000
vn -0.000000 0.000000 1.000000
vn 0.000000 0.000000 1.000000
vn 0.000000 0.000000 1.000000
vn 0.000000 0.000000 1.000000
vn -0.000000 0.000000 1.000000
vn 0.000000 0.000000 1.000000
vn 0.000000 0.000000 1.000000
vn -0.000001 0.000000 1.000000
vn 0.598782 -0.800912 0.000000
vn 0.577747 -0.816216 0.000000
vn 0.577747 -0.816216 0.000000
vn 0.598782 -0.800912 0.000000
vn -0.578171 0.815916 0.000000
vn -0.517116 0.855915 0.000000
vn -0.517116 0.855915 0.000000
vn -0.578171 0.815916 0.000000
vn -0.944808 0.327624 0.000000
vn -0.944808 0.327624 0.000000
vn -0.944808 0.327624 0.000000
vn -0.944808 0.327624 0.000000
vn -0.738374 -0.674391 0.000000
vn -0.743976 -0.668206 0.000000
vn -0.743976 -0.668206 0.000000
vn -0.738374 -0.674391 0.000000
vn 0.994384 -0.105832 0.000000
vn 0.994384 -0.105832 0.000000
vn 0.994384 -0.105832 0.000000
vn 0.994384 -0.105832 0.000000
vn 0.947167 -0.320742 0.000000
vn 0.998467 0.055357 0.000000
vn 0.998467 0.055357 0.000000
vn 0.947167 -0.320742 0.000000
vn -0.743604 0.668620 0.000000
vn -0.739926 0.672689 0.000000
vn -0.739926 0.672689 0.000000
vn -0.743604 0.668620 0.000000
vn 0.632222 0.774788 0.000000
vn 0.632222 0.774788 0.000000
vn 0.632222 0.774788 0.000000
vn 0.632222 0.774788 0.000000
vn -0.907627 0.419778 0.000000
vn -0.887307 0.461179 0.000000
vn -0.887307 0.461179 0.000000
vn -0.907627 0.419778 0.000000
vn 0.657960 0.753053 0.000000
vn 0.696859 0.717208 0.000000
vn 0.696859 0.717208 0.000000
vn 0.657960 0.753053 0.000000
vn 0.958844 0.283934 0.000000
vn 0.974005 0.226529 0.000000
vn 0.974005 0.226529 0.000000
vn 0.958844 0.283934 0.000000
vn -0.646907 0.762569 0.000000
vn -0.613963 0.789335 0.000000
vn -0.613963 0.789335 0.000000
vn -0.646907 0.762569 0.000000
vn -0.720237 -0.693728 0.000000
vn -0.720237 -0.693728 0.000000
vn -0.720237 -0.693728 0.000000
vn -0.720237 -0.693728 0.000000
vn 0.950504 0.310713 0.000000
vn 0.950504 0.310713 0.000000
vn -0.400356 -0.916360 0.000000
vn -0.400356 -0.916360 0.000000
vn -0.198383 -0.980125 0.000000
vn -0.198383 -0.980125 0.000000
vn -0.745004 0.667060 0.000000
vn -0.745004 0.667060 0.000000
vn 0.391609 0.920132 0.000000
vn 0.391609 0.920132 0.000000
vn 0.033742 0.999431 0.000000
vn 0.033742 0.999431 0.000000
vn -0.328657 0.944449 0.000000
vn -0.328657 0.944449 0.000000
vn -0.992536 -0.121951 0.000000
vn -0.992536 -0.121951 0.000000
vn -0.992536 -0.121951 0.000000
vn -0.992536 -0.121951 0.000000
vn -0.557340 -0.830285 0.000000
vn -0.557340 -0.830285 0.000000
vn -0.557340 -0.830285 0.000000
vn -0.557340 -0.830285 0.000000
vn 0.262957 -0.964808 0.000000
vn 0.262957 -0.964808 0.000000
vn -0.234686 -0.972071 0.000000
vn -0.234686 -0.972071 0.000000
vn -0.234686 -0.972071 0.000000
vn -0.234686 -0.972071 0.000000
vn 0.781834 -0.623487 0.000000
vn 0.781834 -0.623487 0.000000
vn 0.781834 -0.623487 0.000000
vn 0.781834 -0.623487 0.000000
vn 0.877082 0.480341 0.000000
vn 0.877082 0.480341 0.000000
vn 0.500786 0.865571 0.000000
vn 0.500786 0.865571 0.000000
vn 0.500786 0.865571 0.000000
vn 0.500786 0.865571 0.000000
vn -0.020655 0.999787 0.000000
vn -0.020655 0.999787 0.000000
vn -0.020655 0.999787 0.000000
vn -0.020655 0.999787 0.000000
vn -0.536178 0.844105 0.000000
vn -0.536178 0.844105 0.000000
vn 0.738374 -0.674391 0.000000
vn 0.738374 -0.674391 0.000000
vn 0.743976 -0.668207 0.000000
vn 0.743976 -0.668207 0.000000
vn -0.994386 -0.105814 0.000000
vn -0.994386 -0.105814 0.000000
vn -0.994386 -0.105814 0.000000
vn -0.994386 -0.105814 0.000000
vn 0.720236 -0.693730 0.000000
vn 0.720236 -0.693730 0.000000
vn 0.720236 -0.693730 0.000000
vn 0.720236 -0.693730 0.000000
vn -0.950504 0.310714 0.000000
vn -0.950504 0.310714 0.000000
vn -0.950504 0.310714 0.000000
vn -0.950504 0.310714 0.000000
vn 0.400356 -0.916360 0.000000
vn 0.400356 -0.916360 0.000000
vn 0.198378 -0.980126 0.000000
vn 0.198378 -0.980126 0.000000
vn 0.234686 -0.972071 0.000000
vn 0.234686 -0.972071 0.000000
vn 0.234686 -0.972071 0.000000
vn 0.234686 -0.972071 0.000000
vn -0.781834 -0.623487 0.000000
vn -0.781834 -0.623487 0.000000
vn -0.781834 -0.623487 0.000000
vn -0.781834 -0.623487 0.000000
vn -0.952028 0.306012 0.000000
vn -0.952028 0.306012 0.000000
vn -0.952028 0.306012 0.000000
vn -0.952028 0.306012 0.000000
vn -0.337287 0.061160 -0.939413
vn -0.327579 0.053841 -0.943289
vn 0.277136 -0.395092 -0.875841
vn 0.284219 -0.394540 -0.873818
vn -0.342631 -0.316422 -0.884580
vn -0.348634 -0.316977 -0.882032
vn 0.422106 -0.217968 -0.879953
vn 0.478738 -0.166490 -0.862028
vn 0.373305 0.085660 -0.923746
vn 0.374799 0.086625 -0.923050
vn 0.509321 0.031224 -0.860010
vn 0.509350 0.030420 -0.860022
vn 0.319207 -0.064439 -0.945492
vn 0.331242 -0.071716 -0.940817
vn -0.393955 0.334330 -0.856168
vn -0.394991 0.334221 -0.855732
vn -0.346415 0.341862 -0.873571
vn -0.346415 0.341862 -0.873571
vn -0.288200 0.344375 -0.893502
vn -0.293438 0.344204 -0.891862
vn 0.297703 0.310740 -0.902671
vn 0.296300 0.309065 -0.903706
vn -0.035934 0.274292 -0.960975
vn -0.074889 0.264813 -0.961387
vn -0.374901 0.187289 -0.907950
vn -0.376309 0.186301 -0.907570
vn -0.443006 0.203290 -0.873166
vn -0.444162 0.202361 -0.872795
vn -0.360474 -0.319466 -0.876356
vn -0.360360 -0.319474 -0.876400
vn -0.152305 -0.361081 -0.920013
vn -0.152761 -0.360876 -0.920018
vn 0.000000 -0.393405 -0.919365
vn 0.000000 -0.393405 -0.919365
vn -0.227029 0.336745 -0.913817
vn -0.228390 0.335051 -0.914100
vn -0.291901 0.261362 -0.920046
vn -0.291901 0.261361 -0.920046
vn 0.256142 0.298614 -0.919359
vn 0.256252 0.298519 -0.919359
vn 0.150591 0.362137 -0.919880
vn 0.150860 0.362019 -0.919882
vn 0.013263 0.392840 -0.919511
vn 0.013262 0.392840 -0.919511
vn -0.125824 0.371465 -0.919882
vn -0.126101 0.371365 -0.919884
vn -0.319479 -0.226107 -0.920222
vn -0.321932 -0.222057 -0.920353
vn -0.384748 0.081133 -0.919449
vn -0.385044 0.079253 -0.919489
vn -0.091460 -0.380526 -0.920237
vn -0.086287 -0.381337 -0.920400
vn -0.362523 -0.368866 -0.855871
vn -0.362171 -0.368953 -0.855983
vn 0.056696 -0.388940 -0.919517
vn 0.051668 -0.390433 -0.919181
vn 0.469984 0.166212 -0.866884
vn 0.469984 0.166212 -0.866884
vn 0.469984 0.166212 -0.866884
vn 0.469984 0.166212 -0.866884
vn 0.279492 0.315109 -0.906968
vn 0.258293 0.326844 -0.909097
vn 0.351331 0.273208 -0.895502
vn 0.351331 0.273208 -0.895502
vn 0.069361 0.388363 -0.918892
vn 0.067461 0.388815 -0.918843
vn -0.096024 0.380727 -0.919688
vn -0.097757 0.380200 -0.919723
vn -0.462459 -0.207967 -0.861905
vn -0.364977 -0.282189 -0.887221
vn 0.334363 -0.306877 -0.891082
vn 0.332875 -0.306784 -0.891671
vn -0.470346 0.158853 -0.868067
vn -0.470272 0.158821 -0.868113
vn -0.360451 0.083549 -0.929029
vn -0.359542 0.082960 -0.929434
vn 0.346743 -0.309351 -0.885478
vn 0.346807 -0.309341 -0.885456
vn 0.152761 -0.360876 -0.920018
vn 0.152304 -0.361082 -0.920013
vn 0.368193 -0.361647 -0.856531
vn 0.370752 -0.361146 -0.855638
vn -0.033882 -0.389564 -0.920376
vn -0.070202 -0.385933 -0.919852
vn 0.000001 0.000000 -1.000000
vn 0.000001 0.000000 -1.000000
vn 0.000001 0.000000 -1.000000
vn 0.000000 0.000000 -1.000000
vn -0.000000 0.000000 -1.000000
vn -0.000000 0.000000 -1.000000
vn -0.000000 0.000000 -1.000000
vn -0.000000 0.000000 -1.000000
vn -0.000001 0.000000 -1.000000
vn -0.000000 0.000000 -1.000000
vn -0.000000 0.000000 -1.000000
vn -0.000000 0.000000 -1.000000
vn 0.000000 0.000000 -1.000000
vn 0.000000 0.000000 -1.000000
vn 0.000000 0.000000 -1.000000
vn 0.000000 0.000000 -1.000000
vn 0.000000 0.000000 -1.000000
vn -0.000000 0.000000 -1.000000
vn -0.000000 0.000000 -1.000000
vn 0.000000 0.000000 -1.000000
vn 0.000000 0.000000 -1.000000
vn 0.000000 0.000000 -1.000000
vn 0.000000 0.000000 -1.000000
vn 0.000000 0.000000 -1.000000
vn -0.000000 0.000000 -1.000000
vn 0.000000 0.000000 -1.000000
vn 0.000000 0.000000 -1.000000
vn 0.000000 0.000000 -1.000000
vn 0.000000 0.000000 -1.000000
vn 0.000000 0.000000 -1.000000
vn -0.000000 0.000000 -1.000000
vn -0.000000 0.000000 -1.000000
vn 0.000000 0.000000 -1.000000
vn -0.000000 0.000000 -1.000000
vn -0.000000 0.000000 -1.000000
vn -0.000000 0.000000 -1.000000
vn -0.000001 0.000000 -1.000000
vn -0.000001 0.000000 -1.000000
vn 0.000001 0.000000 -1.000000
vn 0.000000 0.000000 -1.000000
vn 0.000001 0.000000 -1.000000
vn 0.000001 0.000000 -1.000000
vn 0.000000 0.000000 -1.000000
vn 0.000000 0.000000 -1.000000
vn -0.000000 0.000000 -1.000000
vn -0.000000 0.000000 -1.000000
vn 0.000001 0.000000 -1.000000
vn 0.000001 0.000000 -1.000000
vn 0.000000 0.000000 -1.000000
vn 0.000000 0.000000 -1.000000
vn -0.000000 0.000000 -1.000000
vn -0.000000 0.000000 -1.000000
vn -0.000000 0.000000 -1.000000
vn -0.000000 0.000000 -1.000000
vn 0.000000 0.000000 -1.000000
vn 0.000000 0.000000 -1.000000
vn -0.000000 0.000000 -1.000000
vn 0.000000 0.000000 -1.000000
vn 0.000000 0.000000 -1.000000
vn 0.000000 0.000000 -1.000000
vn 0.000000 0.000000 -1.000000
vn -0.000000 0.000000 -1.000000
vn 0.000000 0.000000 -1.000000
vn 0.000000 0.000000 -1.000000
vn -0.000000 0.000000 -1.000000
vn 0.000000 0.000000 -1.000000
vn 0.000000 0.000000 -1.000000
vn 0.000000 0.000000 -1.000000
vn 0.000001 0.000000 -1.000000
vn 0.000000 0.000000 -1.000000
vn 0.000000 0.000000 -1.000000
vn -0.000000 0.000000 -1.000000
vn -0.000000 0.000000 -1.000000
vn -0.000001 0.000000 -1.000000
vn 0.000001 0.000000 -1.000000
s 1
g guitar_model
usemtl lambert3SG
f 1/1/1 2/2/2 56/5/3 45/7/4
s 2
f 2/2/5 3/9/6 55/11/7 56/5/8
s 3
f 3/9/9 4/13/10 54/15/11 55/11/12
s 4
f 4/13/13 5/17/14 53/19/15 54/15/16
s 5
f 5/17/17 6/21/18 52/23/19 53/19/20
s 6
f 6/21/21 7/25/22 51/57/23 52/23/24
s 7
f 7/25/25 8/58/26 50/61/27 51/57/28
s 8
f 8/58/29 9/63/30 49/65/31 50/61/32
s 9
f 9/63/33 10/67/34 48/69/35 49/65/36
s 10
f 10/67/37 11/71/38 47/73/39 48/69/40
s 11
f 11/71/41 12/75/42 46/77/43 47/73/44
s 12
f 12/75/45 1/1/46 45/7/47 46/77/48
s 13
f 2/2/49 1/1/50 25/79/51
f 3/9/52 2/2/49 25/79/51
f 4/13/53 3/9/52 25/79/51
f 5/17/54 4/13/53 25/79/51
f 6/21/55 5/17/54 25/79/51
f 7/25/56 6/21/55 25/79/51
f 8/58/57 7/25/56 25/79/51
f 9/63/58 8/58/57 25/79/51
f 10/67/59 9/63/58 25/79/51
f 11/71/60 10/67/59 25/79/51
f 12/75/61 11/71/60 25/79/51
f 1/1/50 12/75/61 25/79/51
s 14
f 13/26/62 14/27/63 26/28/64
f 14/27/63 15/29/65 26/28/64
f 15/29/65 16/30/66 26/28/64
f 16/30/66 17/31/67 26/28/64
f 17/31/67 18/32/68 26/28/64
f 18/32/68 19/33/69 26/28/64
f 19/33/69 20/34/70 26/28/64
f 20/34/70 21/35/71 26/28/64
f 21/35/71 22/36/72 26/28/64
f 22/36/72 23/37/73 26/28/64
f 23/37/73 24/38/74 26/28/64
f 24/38/74 13/26/62 26/28/64
s off
f 27/39/75 28/40/76 36/41/77 35/42/78
f 28/40/79 29/43/80 37/44/81 36/41/82
f 29/43/83 30/45/84 38/46/85 37/44/86
f 30/45/87 31/47/88 39/48/89 38/46/90
f 31/47/91 32/49/92 40/50/93 39/48/94
f 32/49/95 33/51/96 41/52/97 40/50/98
f 33/51/99 34/53/100 42/54/101 41/52/102
f 34/53/103 27/39/104 35/42/105 42/54/106
s 15
f 28/40/107 27/39/108 43/55/109
f 29/43/110 28/40/107 43/55/109
f 30/45/111 29/43/110 43/55/109
f 31/47/112 30/45/111 43/55/109
f 32/49/113 31/47/112 43/55/109
f 33/51/114 32/49/113 43/55/109
f 34/53/115 33/51/114 43/55/109
f 27/39/108 34/53/115 43/55/109
s 16
f 35/42/116 36/41/117 44/56/118
f 36/41/117 37/44/119 44/56/118
f 37/44/119 38/46/120 44/56/118
f 38/46/120 39/48/121 44/56/118
f 39/48/121 40/50/122 44/56/118
f 40/50/122 41/52/123 44/56/118
f 41/52/123 42/54/124 44/56/118
f 42/54/124 35/42/116 44/56/118
s 12
f 46/24/48 45/4/47 13/26/125 24/38/126
s 11
f 47/22/44 46/24/43 24/38/127 23/37/128
s 10
f 48/20/40 47/22/39 23/37/129 22/36/130
s 9
f 49/18/36 48/20/35 22/36/131 21/35/132
s 8
f 50/16/32 49/18/31 21/35/133 20/34/134
s 7
f 51/14/28 50/16/27 20/34/135 19/33/136
s 6
f 52/12/24 51/14/23 19/33/137 18/32/138
s 5
f 53/10/20 52/12/19 18/32/139 17/31/140
s 4
f 54/8/16 53/10/15 17/31/141 16/30/142
s 3
f 55/6/12 54/8/11 16/30/143 15/29/144
s 2
f 56/3/8 55/6/7 15/29/145 14/27/146
s 1
f 45/4/4 56/3/3 14/27/147 13/26/148
s 17
f 57/81/149 58/113/150 112/114/151 101/117/152
s 18
f 58/113/153 59/119/154 111/121/155 112/114/156
s 19
f 59/119/157 60/123/158 110/125/159 111/121/160
s 20
f 60/123/161 61/127/162 109/129/163 110/125/164
s 21
f 61/127/165 62/131/166 108/133/167 109/129/168
s 22
f 62/131/169 63/135/170 107/137/171 108/133/172
s 23
f 63/135/173 64/236/174 106/237/175 107/137/176
s 24
f 64/236/177 65/238/178 105/239/179 106/237/180
s 25
f 65/238/181 66/240/182 104/241/183 105/239/184
s 26
f 66/240/185 67/242/186 103/243/187 104/241/188
s 27
f 67/242/189 68/244/190 102/245/191 103/243/192
s 28
f 68/244/193 57/81/194 101/117/195 102/245/196
s 29
f 58/113/197 57/81/198 81/246/199
f 59/119/200 58/113/197 81/246/199
f 60/123/201 59/119/200 81/246/199
f 61/127/202 60/123/201 81/246/199
f 62/131/203 61/127/202 81/246/199
f 63/135/204 62/131/203 81/246/199
f 64/236/205 63/135/204 81/246/199
f 65/238/206 64/236/205 81/246/199
f 66/240/207 65/238/206 81/246/199
f 67/242/208 66/240/207 81/246/199
f 68/244/209 67/242/208 81/246/199
f 57/81/198 68/244/209 81/246/199
s 30
f 69/82/210 70/83/211 82/84/212
f 70/83/211 71/85/213 82/84/212
f 71/85/213 72/86/214 82/84/212
f 72/86/214 73/87/215 82/84/212
f 73/87/215 74/88/216 82/84/212
f 74/88/216 75/89/217 82/84/212
f 75/89/217 76/90/218 82/84/212
f 76/90/218 77/91/219 82/84/212
f 77/91/219 78/92/220 82/84/212
f 78/92/220 79/93/221 82/84/212
f 79/93/221 80/94/222 82/84/212
f 80/94/222 69/82/210 82/84/212
s off
f 83/95/223 84/96/224 92/97/225 91/98/226
f 84/96/227 85/99/228 93/100/229 92/97/230
f 85/99/231 86/101/232 94/102/233 93/100/234
f 86/101/235 87/103/236 95/104/237 94/102/238
f 87/103/239 88/105/240 96/106/241 95/104/242
f 88/105/243 89/107/244 97/108/245 96/106/246
f 89/107/247 90/109/248 98/110/249 97/108/250
f 90/109/251 83/95/252 91/98/253 98/110/254
s 31
f 84/96/255 83/95/256 99/111/257
f 85/99/258 84/96/255 99/111/257
f 86/101/259 85/99/258 99/111/257
f 87/103/260 86/101/259 99/111/257
f 88/105/261 87/103/260 99/111/257
f 89/107/262 88/105/261 99/111/257
f 90/109/263 89/107/262 99/111/257
f 83/95/256 90/109/263 99/111/257
s 32
f 91/98/264 92/97/265 100/112/266
f 92/97/265 93/100/267 100/112/266
f 93/100/267 94/102/268 100/112/266
f 94/102/268 95/104/269 100/112/266
f 95/104/269 96/106/270 100/112/266
f 96/106/270 97/108/271 100/112/266
f 97/108/271 98/110/272 100/112/266
f 98/110/272 91/98/264 100/112/266
s 28
f 102/80/196 101/60/195 69/82/273 80/94/274
s 27
f 103/78/192 102/80/191 80/94/275 79/93/276
s 26
f 104/76/188 103/78/187 79/93/277 78/92/278
s 25
f 105/74/184 104/76/183 78/92/279 77/91/280
s 24
f 106/72/180 105/74/179 77/91/281 76/90/282
s 23
f 107/70/176 106/72/175 76/90/283 75/89/284
s 22
f 108/68/172 107/70/171 75/89/285 74/88/286
s 21
f 109/66/168 108/68/167 74/88/287 73/87/288
s 20
f 110/64/164 109/66/163 73/87/289 72/86/290
s 19
f 111/62/160 110/64/159 72/86/291 71/85/292
s 18
f 112/59/156 111/62/155 71/85/293 70/83/294
s 17
f 101/60/152 112/59/151 70/83/295 69/82/296
s 33
f 113/247/297 114/248/298 168/249/299 157/250/300
s 34
f 114/248/301 115/251/302 167/252/303 168/249/304
s 35
f 115/251/305 116/253/306 166/254/307 167/252/308
s 36
f 116/253/309 117/255/310 165/256/311 166/254/312
s 37
f 117/255/313 118/257/314 164/258/315 165/256/316
s 38
f 118/257/317 119/259/318 163/260/319 164/258/320
s 39
f 119/259/321 120/261/322 162/262/323 163/260/324
s 40
f 120/261/325 121/263/326 161/264/327 162/262/328
s 41
f 121/263/329 122/265/330 160/266/331 161/264/332
s 42
f 122/265/333 123/267/334 159/268/335 160/266/336
s 43
f 123/267/337 124/269/338 158/270/339 159/268/340
s 44
f 124/269/341 113/247/342 157/250/343 158/270/344
s 45
f 114/248/345 113/247/346 137/271/347
f 115/251/348 114/248/345 137/271/347
f 116/253/349 115/251/348 137/271/347
f 117/255/350 116/253/349 137/271/347
f 118/257/351 117/255/350 137/271/347
f 119/259/352 118/257/351 137/271/347
f 120/261/353 119/259/352 137/271/347
f 121/263/354 120/261/353 137/271/347
f 122/265/355 121/263/354 137/271/347
f 123/267/356 122/265/355 137/271/347
f 124/269/357 123/267/356 137/271/347
f 113/247/346 124/269/357 137/271/347
s 46
f 125/138/358 126/139/359 138/140/360
f 126/139/359 127/141/361 138/140/360
f 127/141/361 128/142/362 138/140/360
f 128/142/362 129/143/363 138/140/360
f 129/143/363 130/144/364 138/140/360
f 130/144/364 131/145/365 138/140/360
f 131/145/365 132/146/366 138/140/360
f 132/146/366 133/147/367 138/140/360
f 133/147/367 134/148/368 138/140/360
f 134/148/368 135/149/369 138/140/360
f 135/149/369 136/150/370 138/140/360
f 136/150/370 125/138/358 138/140/360
s off
f 139/151/371 140/152/372 148/153/373 147/154/374
f 140/152/375 141/155/376 149/156/377 148/153/378
f 141/155/379 142/157/380 150/158/381 149/156/382
f 142/157/383 143/159/384 151/160/385 150/158/386
f 143/159/387 144/161/388 152/162/389 151/160/390
f 144/161/391 145/163/392 153/164/393 152/162/394
f 145/163/395 146/165/396 154/166/397 153/164/398
f 146/165/399 139/151/400 147/154/401 154/166/402
s 47
f 140/152/403 139/151/404 155/167/405
f 141/155/406 140/152/403 155/167/405
f 142/157/407 141/155/406 155/167/405
f 143/159/408 142/157/407 155/167/405
f 144/161/409 143/159/408 155/167/405
f 145/163/410 144/161/409 155/167/405
f 146/165/411 145/163/410 155/167/405
f 139/151/404 146/165/411 155/167/405
s 48
f 147/154/412 148/153/413 156/168/414
f 148/153/413 149/156/415 156/168/414
f 149/156/415 150/158/416 156/168/414
f 150/158/416 151/160/417 156/168/414
f 151/160/417 152/162/418 156/168/414
f 152/162/418 153/164/419 156/168/414
f 153/164/419 154/166/420 156/168/414
f 154/166/420 147/154/412 156/168/414
s 44
f 158/136/344 157/116/343 125/138/421 136/150/422
s 43
f 159/134/340 158/136/339 136/150/423 135/149/424
s 42
f 160/132/336 159/134/335 135/149/425 134/148/426
s 41
f 161/130/332 160/132/331 134/148/427 133/147/428
s 40
f 162/128/328 161/130/327 133/147/429 132/146/430
s 39
f 163/126/324 162/128/323 132/146/431 131/145/432
s 38
f 164/124/320 163/126/319 131/145/433 130/144/434
s 37
f 165/122/316 164/124/315 130/144/435 129/143/436
s 36
f 166/120/312 165/122/311 129/143/437 128/142/438
s 35
f 167/118/308 166/120/307 128/142/439 127/141/440
s 34
f 168/115/304 167/118/303 127/141/441 126/139/442
s 33
f 157/116/300 168/115/299 126/139/443 125/138/444
s off
f 169/169/445 176/170/446 175/171/447 174/172/448
f 172/173/449 178/174/450 179/175/451 171/176/452
f 171/176/453 179/175/454 177/177/455 170/178/456
f 173/179/457 180/180/458 178/174/459 172/173/460
s 49
f 170/178/461 182/181/462 183/182/463 171/176/464
f 171/176/464 183/182/463 184/183/465 172/173/466
f 172/173/466 184/183/465 185/184/467 173/179/468
s off
f 174/172/469 186/185/470 181/186/471 169/169/472
s 50
f 189/187/473 188/188/474 191/189/475 190/190/476
f 188/188/474 187/191/477 192/192/478 191/189/475
s 51
f 194/193/479 193/194/480 201/195/481 200/196/482
s 50
f 189/187/473 190/190/476 176/170/483 169/169/484
f 170/178/485 177/177/486 192/192/478 187/191/477
s 52
f 193/194/487 195/197/488 180/180/489 173/179/490
s 49
f 169/169/491 181/186/492 199/198/493 189/187/494
f 187/191/495 197/199/496 182/181/462 170/178/461
s 51
f 173/179/497 185/184/498 201/195/481 193/194/480
s 49
f 187/191/495 188/188/499 198/200/500 197/199/496
f 188/188/499 189/187/494 199/198/493 198/200/500
s 52
f 193/194/487 194/193/501 196/201/502 195/197/488
s 54
f 206/202/503 207/203/504 200/196/505 201/195/506
f 198/200/507 204/204/508 203/205/509 197/199/510
f 197/199/510 203/205/509 202/206/511 182/181/512
f 186/185/513 205/207/514 199/198/515 181/186/516
f 199/198/515 205/207/514 204/204/508 198/200/507
f 182/181/512 206/202/503 184/183/517 183/182/518
f 206/202/503 201/195/506 185/184/519 184/183/517
f 182/181/512 202/206/511 207/203/504 206/202/503
s off
f 208/208/520 174/172/521 175/171/522 213/209/523
f 211/210/524 210/211/525 216/212/526 215/213/527
f 210/211/528 209/214/529 214/215/530 216/212/531
f 212/216/532 211/210/533 215/213/534 217/217/535
s 57
f 209/214/536 210/211/537 220/218/538 219/219/539
f 210/211/537 211/210/540 221/220/541 220/218/538
f 211/210/540 212/216/542 222/221/543 221/220/541
s off
f 174/172/544 208/208/545 218/222/546 186/185/547
s 58
f 225/223/548 226/224/549 227/225/550 224/226/551
f 224/226/551 227/225/550 228/227/552 223/228/553
s 51
f 194/193/479 200/196/482 234/229/554 229/230/555
s 58
f 225/223/548 208/208/556 213/209/557 226/224/549
f 209/214/558 223/228/553 228/227/552 214/215/559
s 59
f 229/230/560 212/216/561 217/217/562 230/231/563
s 57
f 208/208/564 225/223/565 233/232/566 218/222/567
f 223/228/568 209/214/536 219/219/539 231/233/569
s 51
f 212/216/570 229/230/555 234/229/554 222/221/571
s 57
f 223/228/568 231/233/569 232/234/572 224/226/573
f 224/226/573 232/234/572 233/232/566 225/223/565
s 59
f 229/230/560 230/231/563 196/201/574 194/193/575
s 54
f 235/235/576 234/229/577 200/196/505 207/203/504
f 232/234/578 231/233/579 203/205/509 204/204/508
f 231/233/579 219/219/580 202/206/511 203/205/509
f 186/185/513 218/222/581 233/232/582 205/207/514
f 233/232/582 232/234/578 204/204/508 205/207/514
f 219/219/580 220/218/583 221/220/584 235/235/576
f 235/235/576 221/220/584 222/221/585 234/229/577
f 219/219/580 235/235/576 207/203/504 202/206/511
s off
f 236/272/586 241/273/587 175/274/588 176/275/589
f 239/276/590 238/277/591 179/278/592 178/279/593
f 238/277/594 237/280/595 177/281/596 179/278/597
f 240/282/598 239/276/599 178/279/600 180/283/601
s 61
f 237/280/602 238/277/603 244/286/604 243/288/605
f 238/277/603 239/276/606 245/290/607 244/286/604
f 239/276/606 240/282/608 246/292/609 245/290/607
s off
f 241/273/610 236/272/611 242/294/612 247/296/613
s 62
f 250/298/614 190/300/615 191/302/616 249/304/617
f 249/304/617 191/302/616 192/306/618 248/307/619
s 63
f 252/339/620 256/342/621 257/344/622 251/346/623
s 62
f 250/298/614 236/272/624 176/275/625 190/300/615
f 237/280/626 248/307/619 192/306/618 177/281/627
s 64
f 251/346/628 240/282/629 180/283/630 195/348/631
s 61
f 236/272/632 250/298/633 255/350/634 242/294/635
f 248/307/636 237/280/602 243/288/605 253/352/637
s 63
f 240/282/638 251/346/623 257/344/622 246/292/639
s 61
f 248/307/636 253/352/637 254/354/640 249/304/641
f 249/304/641 254/354/640 255/350/634 250/298/633
s 64
f 251/346/628 195/348/631 196/356/642 252/339/643
s 66
f 262/358/644 257/344/645 256/342/646 263/360/647
f 254/354/648 253/352/649 259/362/650 260/363/651
f 253/352/649 243/288/652 258/395/653 259/362/650
f 247/296/654 242/294/655 255/350/656 261/398/657
f 255/350/656 254/354/648 260/363/651 261/398/657
f 243/288/652 244/286/658 245/290/659 262/358/644
f 262/358/644 245/290/659 246/292/660 257/344/645
f 243/288/652 262/358/644 263/360/647 258/395/653
s off
f 264/400/661 213/402/662 175/274/663 241/273/664
f 267/404/665 215/406/666 216/408/667 266/410/668
f 266/410/669 216/408/670 214/412/671 265/414/672
f 268/416/673 217/418/674 215/406/675 267/404/676
s 68
f 265/414/677 270/419/678 271/451/679 266/410/680
f 266/410/680 271/451/679 272/452/681 267/404/682
f 267/404/682 272/452/681 273/453/683 268/416/684
s off
f 241/273/685 247/296/686 269/454/687 264/400/688
s 69
f 276/455/689 275/456/690 227/624/691 226/625/692
f 275/456/690 274/626/693 228/627/694 227/624/691
s 63
f 252/339/620 277/628/695 281/629/696 256/342/621
s 69
f 276/455/689 226/625/692 213/402/697 264/400/698
f 265/414/699 214/412/700 228/627/694 274/626/693
s 70
f 277/628/701 230/630/702 217/418/703 268/416/704
s 68
f 264/400/705 269/454/706 280/631/707 276/455/708
f 274/626/709 278/632/710 270/419/678 265/414/677
s 63
f 268/416/711 273/453/712 281/629/696 277/628/695
s 68
f 274/626/709 275/456/713 279/633/714 278/632/710
f 275/456/713 276/455/708 280/631/707 279/633/714
s 70
f 277/628/701 252/339/715 196/356/716 230/630/702
s 66
f 282/634/717 263/360/647 256/342/646 281/629/718
f 279/633/719 260/363/651 259/362/650 278/632/720
f 278/632/720 259/362/650 258/395/653 270/419/721
f 247/296/654 261/398/657 280/631/722 269/454/723
f 280/631/722 261/398/657 260/363/651 279/633/719
f 270/419/721 282/634/717 272/452/724 271/451/725
f 282/634/717 281/629/718 273/453/726 272/452/724
f 270/419/721 258/395/653 263/360/647 282/634/717
s 72
f 283/635/727 327/636/728 338/637/729 284/638/730
s 73
f 284/638/731 338/637/732 337/639/733 285/640/734
s 74
f 285/640/735 337/639/736 336/641/737 286/642/738
s 75
f 286/642/739 336/641/740 335/643/741 287/644/742
s 76
f 287/644/743 335/643/744 334/645/745 288/646/746
s 77
f 288/646/747 334/645/748 333/647/749 289/648/750
s 78
f 289/648/751 333/647/752 332/649/753 290/650/754
s 79
f 290/650/755 332/649/756 331/651/757 291/652/758
s 80
f 291/652/759 331/651/760 330/653/761 292/654/762
s 81
f 292/654/763 330/653/764 329/655/765 293/656/766
s 82
f 293/656/767 329/655/768 328/657/769 294/658/770
s 83
f 294/658/771 328/657/772 327/636/773 283/635/774
s 84
f 284/638/775 307/659/776 283/635/777
f 285/640/778 307/659/776 284/638/775
f 286/642/779 307/659/776 285/640/778
f 287/644/780 307/659/776 286/642/779
f 288/646/781 307/659/776 287/644/780
f 289/648/782 307/659/776 288/646/781
f 290/650/783 307/659/776 289/648/782
f 291/652/784 307/659/776 290/650/783
f 292/654/785 307/659/776 291/652/784
f 293/656/786 307/659/776 292/654/785
f 294/658/787 307/659/776 293/656/786
f 283/635/777 307/659/776 294/658/787
s 85
f 295/308/788 308/309/789 296/310/790
f 296/310/790 308/309/789 297/311/791
f 297/311/791 308/309/789 298/312/792
f 298/312/792 308/309/789 299/313/793
f 299/313/793 308/309/789 300/314/794
f 300/314/794 308/309/789 301/315/795
f 301/315/795 308/309/789 302/316/796
f 302/316/796 308/309/789 303/317/797
f 303/317/797 308/309/789 304/318/798
f 304/318/798 308/309/789 305/319/799
f 305/319/799 308/309/789 306/320/800
f 306/320/800 308/309/789 295/308/788
s off
f 309/321/801 317/322/802 318/323/803 310/324/804
f 310/324/805 318/323/806 319/325/807 311/326/808
f 311/326/809 319/325/810 320/327/811 312/328/812
f 312/328/813 320/327/814 321/329/815 313/330/816
f 313/330/817 321/329/818 322/331/819 314/332/820
f 314/332/821 322/331/822 323/333/823 315/334/824
f 315/334/825 323/333/826 324/335/827 316/336/828
f 316/336/829 324/335/830 317/322/831 309/321/832
s 86
f 310/324/833 325/337/834 309/321/835
f 311/326/836 325/337/834 310/324/833
f 312/328/837 325/337/834 311/326/836
f 313/330/838 325/337/834 312/328/837
f 314/332/839 325/337/834 313/330/838
f 315/334/840 325/337/834 314/332/839
f 316/336/841 325/337/834 315/334/840
f 309/321/835 325/337/834 316/336/841
s 87
f 317/322/842 326/338/843 318/323/844
f 318/323/844 326/338/843 319/325/845
f 319/325/845 326/338/843 320/327/846
f 320/327/846 326/338/843 321/329/847
f 321/329/847 326/338/843 322/331/848
f 322/331/848 326/338/843 323/333/849
f 323/333/849 326/338/843 324/335/850
f 324/335/850 326/338/843 317/322/842
s 83
f 328/305/772 306/320/851 295/308/852 327/284/773
s 82
f 329/303/768 305/319/853 306/320/854 328/305/769
s 81
f 330/301/764 304/318/855 305/319/856 329/303/765
s 80
f 331/299/760 303/317/857 304/318/858 330/301/761
s 79
f 332/297/756 302/316/859 303/317/860 331/299/757
s 78
f 333/295/752 301/315/861 302/316/862 332/297/753
s 77
f 334/293/748 300/314/863 301/315/864 333/295/749
s 76
f 335/291/744 299/313/865 300/314/866 334/293/745
s 75
f 336/289/740 298/312/867 299/313/868 335/291/741
s 74
f 337/287/736 297/311/869 298/312/870 336/289/737
s 73
f 338/285/732 296/310/871 297/311/872 337/287/733
s 72
f 327/284/728 295/308/873 296/310/874 338/285/729
s 88
f 339/660/875 383/661/876 394/662/877 340/663/878
s 89
f 340/663/879 394/662/880 393/664/881 341/665/882
s 90
f 341/665/883 393/664/884 392/666/885 342/667/886
s 91
f 342/667/887 392/666/888 391/668/889 343/669/890
s 92
f 343/669/891 391/668/892 390/670/893 344/671/894
s 93
f 344/671/895 390/670/896 389/672/897 345/673/898
s 94
f 345/673/899 389/672/900 388/674/901 346/675/902
s 95
f 346/675/903 388/674/904 387/676/905 347/677/906
s 96
f 347/677/907 387/676/908 386/678/909 348/679/910
s 97
f 348/679/911 386/678/912 385/680/913 349/681/914
s 98
f 349/681/915 385/680/916 384/682/917 350/683/918
s 99
f 350/683/919 384/682/920 383/661/921 339/660/922
s 100
f 340/663/923 363/684/924 339/660/925
f 341/665/926 363/684/924 340/663/923
f 342/667/927 363/684/924 341/665/926
f 343/669/928 363/684/924 342/667/927
f 344/671/929 363/684/924 343/669/928
f 345/673/930 363/684/924 344/671/929
f 346/675/931 363/684/924 345/673/930
f 347/677/932 363/684/924 346/675/931
f 348/679/933 363/684/924 347/677/932
f 349/681/934 363/684/924 348/679/933
f 350/683/935 363/684/924 349/681/934
f 339/660/925 363/684/924 350/683/935
s 101
f 351/364/936 364/365/937 352/366/938
f 352/366/938 364/365/937 353/367/939
f 353/367/939 364/365/937 354/368/940
f 354/368/940 364/365/937 355/369/941
f 355/369/941 364/365/937 356/370/942
f 356/370/942 364/365/937 357/371/943
f 357/371/943 364/365/937 358/372/944
f 358/372/944 364/365/937 359/373/945
f 359/373/945 364/365/937 360/374/946
f 360/374/946 364/365/937 361/375/947
f 361/375/947 364/365/937 362/376/948
f 362/376/948 364/365/937 351/364/936
s off
f 365/377/949 373/378/950 374/379/951 366/380/952
f 366/380/953 374/379/954 375/381/955 367/382/956
f 367/382/957 375/381/958 376/383/959 368/384/960
f 368/384/961 376/383/962 377/385/963 369/386/964
f 369/386/965 377/385/966 378/387/967 370/388/968
f 370/388/969 378/387/970 379/389/971 371/390/972
f 371/390/973 379/389/974 380/391/975 372/392/976
f 372/392/977 380/391/978 373/378/979 365/377/980
s 102
f 366/380/981 381/393/982 365/377/983
f 367/382/984 381/393/982 366/380/981
f 368/384/985 381/393/982 367/382/984
f 369/386/986 381/393/982 368/384/985
f 370/388/987 381/393/982 369/386/986
f 371/390/988 381/393/982 370/388/987
f 372/392/989 381/393/982 371/390/988
f 365/377/983 381/393/982 372/392/989
s 103
f 373/378/990 382/394/991 374/379/992
f 374/379/992 382/394/991 375/381/993
f 375/381/993 382/394/991 376/383/994
f 376/383/994 382/394/991 377/385/995
f 377/385/995 382/394/991 378/387/996
f 378/387/996 382/394/991 379/389/997
f 379/389/997 382/394/991 380/391/998
f 380/391/998 382/394/991 373/378/990
s 99
f 384/361/920 362/376/999 351/364/1000 383/340/921
s 98
f 385/359/916 361/375/1001 362/376/1002 384/361/917
s 97
f 386/357/912 360/374/1003 361/375/1004 385/359/913
s 96
f 387/355/908 359/373/1005 360/374/1006 386/357/909
s 95
f 388/353/904 358/372/1007 359/373/1008 387/355/905
s 94
f 389/351/900 357/371/1009 358/372/1010 388/353/901
s 93
f 390/349/896 356/370/1011 357/371/1012 389/351/897
s 92
f 391/347/892 355/369/1013 356/370/1014 390/349/893
s 91
f 392/345/888 354/368/1015 355/369/1016 391/347/889
s 90
f 393/343/884 353/367/1017 354/368/1018 392/345/885
s 89
f 394/341/880 352/366/1019 353/367/1020 393/343/881
s 88
f 383/340/876 351/364/1021 352/366/1022 394/341/877
s 104
f 395/685/1023 439/686/1024 450/687/1025 396/688/1026
s 105
f 396/688/1027 450/687/1028 449/689/1029 397/690/1030
s 106
f 397/690/1031 449/689/1032 448/691/1033 398/692/1034
s 107
f 398/692/1035 448/691/1036 447/693/1037 399/694/1038
s 108
f 399/694/1039 447/693/1040 446/695/1041 400/696/1042
s 109
f 400/696/1043 446/695/1044 445/697/1045 401/698/1046
s 110
f 401/698/1047 445/697/1048 444/699/1049 402/700/1050
s 111
f 402/700/1051 444/699/1052 443/701/1053 403/702/1054
s 112
f 403/702/1055 443/701/1056 442/703/1057 404/704/1058
s 113
f 404/704/1059 442/703/1060 441/705/1061 405/706/1062
s 114
f 405/706/1063 441/705/1064 440/707/1065 406/708/1066
s 115
f 406/708/1067 440/707/1068 439/686/1069 395/685/1070
s 116
f 396/688/1071 419/709/1072 395/685/1073
f 397/690/1074 419/709/1072 396/688/1071
f 398/692/1075 419/709/1072 397/690/1074
f 399/694/1076 419/709/1072 398/692/1075
f 400/696/1077 419/709/1072 399/694/1076
f 401/698/1078 419/709/1072 400/696/1077
f 402/700/1079 419/709/1072 401/698/1078
f 403/702/1080 419/709/1072 402/700/1079
f 404/704/1081 419/709/1072 403/702/1080
f 405/706/1082 419/709/1072 404/704/1081
f 406/708/1083 419/709/1072 405/706/1082
f 395/685/1073 419/709/1072 406/708/1083
s 117
f 407/420/1084 420/421/1085 408/422/1086
f 408/422/1086 420/421/1085 409/423/1087
f 409/423/1087 420/421/1085 410/424/1088
f 410/424/1088 420/421/1085 411/425/1089
f 411/425/1089 420/421/1085 412/426/1090
f 412/426/1090 420/421/1085 413/427/1091
f 413/427/1091 420/421/1085 414/428/1092
f 414/428/1092 420/421/1085 415/429/1093
f 415/429/1093 420/421/1085 416/430/1094
f 416/430/1094 420/421/1085 417/431/1095
f 417/431/1095 420/421/1085 418/432/1096
f 418/432/1096 420/421/1085 407/420/1084
s off
f 421/433/1097 429/434/1098 430/435/1099 422/436/1100
f 422/436/1101 430/435/1102 431/437/1103 423/438/1104
f 423/438/1105 431/437/1106 432/439/1107 424/440/1108
f 424/440/1109 432/439/1110 433/441/1111 425/442/1112
f 425/442/1113 433/441/1114 434/443/1115 426/444/1116
f 426/444/1117 434/443/1118 435/445/1119 427/446/1120
f 427/446/1121 435/445/1122 436/447/1123 428/448/1124
f 428/448/1125 436/447/1126 429/434/1127 421/433/1128
s 118
f 422/436/1129 437/449/1130 421/433/1131
f 423/438/1132 437/449/1130 422/436/1129
f 424/440/1133 437/449/1130 423/438/1132
f 425/442/1134 437/449/1130 424/440/1133
f 426/444/1135 437/449/1130 425/442/1134
f 427/446/1136 437/449/1130 426/444/1135
f 428/448/1137 437/449/1130 427/446/1136
f 421/433/1131 437/449/1130 428/448/1137
s 119
f 429/434/1138 438/450/1139 430/435/1140
f 430/435/1140 438/450/1139 431/437/1141
f 431/437/1141 438/450/1139 432/439/1142
f 432/439/1142 438/450/1139 433/441/1143
f 433/441/1143 438/450/1139 434/443/1144
f 434/443/1144 438/450/1139 435/445/1145
f 435/445/1145 438/450/1139 436/447/1146
f 436/447/1146 438/450/1139 429/434/1138
s 115
f 440/417/1068 418/432/1147 407/420/1148 439/396/1069
s 114
f 441/415/1064 417/431/1149 418/432/1150 440/417/1065
s 113
f 442/413/1060 416/430/1151 417/431/1152 441/415/1061
s 112
f 443/411/1056 415/429/1153 416/430/1154 442/413/1057
s 111
f 444/409/1052 414/428/1155 415/429/1156 443/411/1053
s 110
f 445/407/1048 413/427/1157 414/428/1158 444/409/1049
s 109
f 446/405/1044 412/426/1159 413/427/1160 445/407/1045
s 108
f 447/403/1040 411/425/1161 412/426/1162 446/405/1041
s 107
f 448/401/1036 410/424/1163 411/425/1164 447/403/1037
s 106
f 449/399/1032 409/423/1165 410/424/1166 448/401/1033
s 105
f 450/397/1028 408/422/1167 409/423/1168 449/399/1029
s 104
f 439/396/1024 407/420/1169 408/422/1170 450/397/1025
s 120
f 457/710/1171 460/711/1172 459/712/1173 458/713/1174
f 459/712/1173 462/714/1175 461/715/1176 458/713/1174
s 121
f 451/457/1177 456/458/1178 455/459/1179 453/460/1180
f 455/459/1179 456/458/1178 452/461/1181 454/462/1182
s 122
f 451/457/1183 464/463/1184 465/464/1185 456/458/1186
s 123
f 455/459/1187 468/465/1188 463/466/1189 453/460/1190
s 124
f 453/877/1191 463/878/1192 464/879/1193 451/880/1194
s 125
f 456/458/1195 465/464/1196 466/467/1197 452/461/1198
s 126
f 452/881/1199 466/882/1200 467/883/1201 454/884/1202
s 127
f 454/462/1203 467/468/1204 468/465/1205 455/459/1206
s 124
f 463/878/1192 460/885/1207 457/886/1208 464/879/1193
s 122
f 465/718/1185 464/717/1184 457/710/1209 458/713/1210
s 125
f 466/719/1197 465/718/1196 458/713/1211 461/715/1212
s 126
f 467/883/1201 466/882/1200 461/887/1213 462/888/1214
s 127
f 468/721/1205 467/720/1204 462/714/1215 459/712/1216
s 123
f 463/716/1189 468/721/1188 459/712/1217 460/711/1218
s 128
f 469/469/1219 509/470/1220 510/471/1221 491/472/1222
s 129
f 481/473/1223 547/474/1224 548/475/1225 476/476/1226
s off
f 476/476/1227 548/475/1228 509/470/1229 469/469/1230
s 130
f 479/477/1231 524/478/1232 525/479/1233 470/480/1234
s off
f 470/480/1235 525/479/1236 526/481/1237 494/482/1238
s 131
f 531/483/1239 472/484/1240 500/485/1241 530/486/1242
s 132
f 472/484/1243 531/483/1244 532/487/1245 499/488/1246
s off
f 474/489/1247 543/490/1248 544/491/1249 475/492/1250
s 129
f 475/492/1251 544/491/1252 545/493/1253 482/494/1254
s 134
f 486/495/1255 542/496/1256 543/490/1257 474/489/1258
s 135
f 498/497/1259 536/498/1260 537/499/1261 473/500/1262
s 134
f 473/500/1263 537/499/1264 538/501/1265 487/502/1266
s off
f 493/503/1267 528/504/1268 529/505/1269 471/506/1270
s 131
f 471/506/1271 529/505/1272 530/486/1242 500/485/1241
s 130
f 479/477/1231 478/507/1273 523/508/1274 524/478/1232
f 478/507/1273 477/509/1275 522/510/1276 523/508/1274
s 129
f 481/473/1223 480/511/1277 546/512/1278 547/474/1224
f 480/511/1277 482/494/1254 545/493/1253 546/512/1278
s 134
f 486/495/1255 485/513/1279 541/514/1280 542/496/1256
f 485/513/1279 484/515/1281 540/516/1282 541/514/1280
f 484/515/1281 483/517/1283 539/518/1284 540/516/1282
f 483/517/1283 487/502/1266 538/501/1265 539/518/1284
s off
f 490/519/1285 489/520/1286 512/521/1287 513/522/1288
f 489/520/1289 488/523/1290 511/524/1291 512/521/1292
s 128
f 488/523/1293 491/472/1222 510/471/1221 511/524/1294
s off
f 493/503/1295 492/525/1296 527/526/1297 528/504/1298
f 492/525/1299 494/482/1300 526/481/1301 527/526/1302
s 135
f 498/497/1259 497/527/1303 535/528/1304 536/498/1260
s off
f 497/527/1305 496/529/1306 534/530/1307 535/528/1308
f 496/529/1309 495/531/1310 533/532/1311 534/530/1312
s 132
f 495/531/1313 499/488/1246 532/487/1245 533/532/1314
s 137
f 504/533/1315 501/534/1316 519/535/1317 520/536/1318
s off
f 501/534/1319 507/537/1320 518/538/1321 519/535/1322
f 506/539/1323 502/540/1324 515/541/1325 516/542/1326
f 502/540/1327 508/543/1328 514/544/1329 515/541/1330
s 137
f 504/533/1315 520/536/1318 521/545/1331 503/546/1332
f 503/546/1332 521/545/1331 522/510/1333 477/509/1334
s off
f 506/539/1335 516/542/1336 517/547/1337 505/548/1338
f 505/548/1339 517/547/1340 518/538/1341 507/537/1342
f 490/519/1343 513/522/1344 514/544/1345 508/543/1346
s 138
f 469/469/1347 491/472/1348 550/549/1349 549/550/1350
f 470/480/1351 494/482/1352 552/551/1353 551/552/1354
f 471/506/1355 500/485/1356 554/553/1357 553/554/1358
f 472/484/1359 499/488/1360 556/555/1361 555/556/1362
f 473/500/1363 487/502/1364 558/557/1365 557/558/1366
f 474/489/1367 475/492/1368 560/559/1369 559/560/1370
f 475/492/1368 482/494/1371 561/561/1372 560/559/1369
f 476/476/1373 469/469/1347 549/550/1350 562/562/1374
f 479/477/1375 470/480/1351 551/552/1354 563/563/1376
f 478/507/1377 479/477/1375 563/563/1376 564/564/1378
f 477/509/1379 478/507/1377 564/564/1378 565/565/1380
f 481/473/1381 476/476/1373 562/562/1374 566/566/1382
f 480/511/1383 481/473/1381 566/566/1382 567/567/1384
f 482/494/1371 480/511/1383 567/567/1384 561/561/1372
f 486/495/1385 474/489/1367 559/560/1370 568/568/1386
f 485/513/1387 486/495/1385 568/568/1386 569/569/1388
f 484/515/1389 485/513/1387 569/569/1388 570/570/1390
f 483/517/1391 484/515/1389 570/570/1390 571/571/1392
f 487/502/1364 483/517/1391 571/571/1392 558/557/1365
f 489/520/1393 490/519/1394 572/572/1395 573/573/1396
f 488/523/1397 489/520/1393 573/573/1396 574/574/1398
f 491/472/1348 488/523/1397 574/574/1398 550/549/1349
f 493/503/1399 471/506/1355 553/554/1358 575/575/1400
f 492/525/1401 493/503/1399 575/575/1400 576/576/1402
f 494/482/1352 492/525/1401 576/576/1402 552/551/1353
s off
f 498/497/1403 473/500/1404 557/558/1405 577/577/1406
s 138
f 497/527/1407 498/497/1408 577/577/1409 578/578/1410
f 496/529/1411 497/527/1407 578/578/1410 579/579/1412
f 495/531/1413 496/529/1411 579/579/1412 580/580/1414
f 499/488/1360 495/531/1413 580/580/1414 556/555/1361
f 500/485/1356 472/484/1359 555/556/1362 554/553/1357
f 507/537/1415 501/534/1416 581/581/1417 582/582/1418
f 508/543/1419 502/540/1420 583/583/1421 584/584/1422
f 501/534/1416 504/533/1423 585/585/1424 581/581/1417
f 504/533/1423 503/546/1425 586/586/1426 585/585/1424
f 503/546/1425 477/509/1379 565/565/1380 586/586/1426
f 502/540/1420 506/539/1427 587/587/1428 583/583/1421
f 506/539/1427 505/548/1429 588/588/1430 587/587/1428
f 505/548/1429 507/537/1415 582/582/1418 588/588/1430
f 490/519/1394 508/543/1419 584/584/1422 572/572/1395
s 148
f 550/549/1431 566/566/1432 562/562/1433 549/550/1434
f 587/587/1435 589/589/1436 584/584/1437 583/583/1438
f 567/567/1439 574/574/1440 573/573/1441 561/561/1442
f 550/549/1431 574/574/1440 567/567/1439 566/566/1432
f 561/561/1442 573/573/1441 591/590/1443 592/591/1444
f 582/582/1445 594/592/1446 593/593/1447 588/588/1448
f 561/561/1442 592/591/1444 559/560/1449 560/559/1450
f 591/590/1443 573/573/1441 572/572/1451 590/594/1452
f 590/594/1452 572/572/1451 584/584/1437 589/589/1436
f 568/568/1453 595/595/1454 600/596/1455 569/569/1456
f 559/560/1449 592/591/1444 595/595/1454 568/568/1453
f 588/588/1448 593/593/1447 589/589/1436 587/587/1435
f 594/592/1446 582/582/1445 581/581/1457 612/597/1458
f 556/555/1459 608/598/1460 554/553/1461 555/556/1462
f 595/595/1454 592/591/1444 591/590/1443 596/599/1463
f 600/596/1455 595/595/1454 596/599/1463 599/600/1464
f 597/601/1465 590/594/1452 589/589/1436 593/593/1447
f 598/602/1466 597/601/1465 593/593/1447 594/592/1446
f 599/600/1464 596/599/1463 597/601/1465 598/602/1466
f 596/599/1463 591/590/1443 590/594/1452 597/601/1465
f 554/553/1461 608/598/1460 575/575/1467 553/554/1468
f 580/580/1469 579/579/1470 619/603/1471 623/604/1472
f 576/576/1473 607/605/1474 606/606/1475 552/551/1476
f 575/575/1467 608/598/1460 607/605/1474 576/576/1473
f 577/577/1477 616/607/1478 618/608/1479 578/578/1480
f 551/552/1481 605/609/1482 604/610/1483 563/563/1484
f 552/551/1476 606/606/1475 605/609/1482 551/552/1481
f 578/578/1480 618/608/1479 619/603/1471 579/579/1470
f 571/571/1485 610/611/1486 611/612/1487 558/557/1488
f 564/564/1489 603/613/1490 602/614/1491 565/565/1492
f 563/563/1484 604/610/1483 603/613/1490 564/564/1489
f 558/557/1488 611/612/1487 622/615/1493 616/607/1478
f 569/569/1456 600/596/1455 609/616/1494 570/570/1495
f 565/565/1492 602/614/1491 601/617/1496 586/586/1497
f 570/570/1495 609/616/1494 610/611/1486 571/571/1485
f 612/597/1458 614/618/1498 598/602/1466 594/592/1446
f 610/611/1486 609/616/1494 601/617/1496 602/614/1491
f 611/612/1487 610/611/1486 602/614/1491 603/613/1490
f 622/615/1493 611/612/1487 603/613/1490 604/610/1483
f 558/557/1488 616/607/1478 577/577/1477 557/558/1499
f 613/619/1500 585/585/1501 586/586/1497 601/617/1496
f 612/597/1458 581/581/1457 585/585/1501 613/619/1500
f 609/616/1494 600/596/1455 599/600/1464 615/620/1502
f 614/618/1498 615/620/1502 599/600/1464 598/602/1466
f 613/619/1500 615/620/1502 614/618/1498 612/597/1458
f 609/616/1494 615/620/1502 613/619/1500 601/617/1496
f 617/621/1503 622/615/1493 604/610/1483 605/609/1482
f 620/622/1504 617/621/1503 605/609/1482 606/606/1475
f 621/623/1505 620/622/1504 606/606/1475 607/605/1474
f 623/604/1472 619/603/1471 620/622/1504 621/623/1505
f 619/603/1471 618/608/1479 617/621/1503 620/622/1504
f 618/608/1479 616/607/1478 622/615/1493 617/621/1503
f 556/555/1459 621/623/1505 607/605/1474 608/598/1460
f 580/580/1469 623/604/1472 621/623/1505 556/555/1459
s 155
f 624/722/1506 646/723/1507 510/724/1508 509/725/1509
s 156
f 636/726/1510 631/727/1511 548/728/1512 547/729/1513
s off
f 631/727/1514 624/722/1515 509/725/1516 548/728/1517
s 157
f 634/730/1518 625/731/1519 525/732/1520 524/733/1521
s off
f 625/731/1522 649/734/1523 526/735/1524 525/732/1525
s 158
f 531/736/1526 530/737/1527 655/738/1528 627/739/1529
s 159
f 627/739/1530 654/740/1531 532/741/1532 531/736/1533
s off
f 629/742/1534 630/743/1535 544/744/1536 543/745/1537
s 156
f 630/743/1538 637/746/1539 545/747/1540 544/744/1541
s 161
f 641/748/1542 629/742/1543 543/745/1544 542/749/1545
s 162
f 653/750/1546 628/751/1547 537/752/1548 536/753/1549
s 161
f 628/751/1550 642/754/1551 538/755/1552 537/752/1553
s off
f 648/756/1554 626/757/1555 529/758/1556 528/759/1557
s 158
f 626/757/1558 655/738/1528 530/737/1527 529/758/1559
s 157
f 634/730/1518 524/733/1521 523/760/1560 633/761/1561
f 633/761/1561 523/760/1560 522/762/1562 632/763/1563
s 156
f 636/726/1510 547/729/1513 546/764/1564 635/765/1565
f 635/765/1565 546/764/1564 545/747/1540 637/746/1539
s 161
f 641/748/1542 542/749/1545 541/766/1566 640/767/1567
f 640/767/1567 541/766/1566 540/768/1568 639/769/1569
f 639/769/1569 540/768/1568 539/770/1570 638/771/1571
f 638/771/1571 539/770/1570 538/755/1552 642/754/1551
s off
f 645/772/1572 513/773/1573 512/774/1574 644/775/1575
f 644/775/1576 512/774/1577 511/776/1578 643/777/1579
s 155
f 643/777/1580 511/776/1581 510/724/1508 646/723/1507
s off
f 648/756/1582 528/759/1583 527/778/1584 647/779/1585
f 647/779/1586 527/778/1587 526/735/1588 649/734/1589
s 162
f 653/750/1546 536/753/1549 535/780/1590 652/781/1591
s off
f 652/781/1592 535/780/1593 534/782/1594 651/783/1595
f 651/783/1596 534/782/1597 533/784/1598 650/785/1599
s 159
f 650/785/1600 533/784/1601 532/741/1532 654/740/1531
s 164
f 659/786/1602 520/787/1603 519/788/1604 656/789/1605
s off
f 656/789/1606 519/788/1607 518/790/1608 662/791/1609
f 661/792/1610 516/793/1611 515/794/1612 657/795/1613
f 657/795/1614 515/794/1615 514/796/1616 663/797/1617
s 164
f 659/786/1602 658/798/1618 521/799/1619 520/787/1603
f 658/798/1618 632/763/1620 522/762/1621 521/799/1619
s off
f 661/792/1622 660/800/1623 517/801/1624 516/793/1625
f 660/800/1626 662/791/1627 518/790/1628 517/801/1629
f 645/772/1630 663/797/1631 514/796/1632 513/773/1633
s 165
f 624/722/1634 664/802/1635 665/803/1636 646/723/1637
f 625/731/1638 666/804/1639 667/805/1640 649/734/1641
f 626/757/1642 668/806/1643 669/807/1644 655/738/1645
f 627/739/1646 670/808/1647 671/809/1648 654/740/1649
f 628/751/1650 672/810/1651 673/811/1652 642/754/1653
f 629/742/1654 674/812/1655 675/813/1656 630/743/1657
f 630/743/1657 675/813/1656 676/814/1658 637/746/1659
f 631/727/1660 677/815/1661 664/802/1635 624/722/1634
f 634/730/1662 678/816/1663 666/804/1639 625/731/1638
f 633/761/1664 679/817/1665 678/816/1663 634/730/1662
f 632/763/1666 680/818/1667 679/817/1665 633/761/1664
f 636/726/1668 681/819/1669 677/815/1661 631/727/1660
f 635/765/1670 682/820/1671 681/819/1669 636/726/1668
f 637/746/1659 676/814/1658 682/820/1671 635/765/1670
f 641/748/1672 683/821/1673 674/812/1655 629/742/1654
f 640/767/1674 684/822/1675 683/821/1673 641/748/1672
f 639/769/1676 685/823/1677 684/822/1675 640/767/1674
f 638/771/1678 686/824/1679 685/823/1677 639/769/1676
f 642/754/1653 673/811/1652 686/824/1679 638/771/1678
f 644/775/1680 688/825/1681 687/826/1682 645/772/1683
f 643/777/1684 689/827/1685 688/825/1681 644/775/1680
f 646/723/1637 665/803/1636 689/827/1685 643/777/1684
f 648/756/1686 690/828/1687 668/806/1643 626/757/1642
f 647/779/1688 691/829/1689 690/828/1687 648/756/1686
f 649/734/1641 667/805/1640 691/829/1689 647/779/1688
s off
f 653/750/1690 692/830/1691 672/810/1692 628/751/1693
s 165
f 652/781/1694 693/831/1695 692/830/1696 653/750/1697
f 651/783/1698 694/832/1699 693/831/1695 652/781/1694
f 650/785/1700 695/833/1701 694/832/1699 651/783/1698
f 654/740/1649 671/809/1648 695/833/1701 650/785/1700
f 655/738/1645 669/807/1644 670/808/1647 627/739/1646
f 662/791/1702 697/834/1703 696/835/1704 656/789/1705
f 663/797/1706 699/836/1707 698/837/1708 657/795/1709
f 656/789/1705 696/835/1704 700/838/1710 659/786/1711
f 659/786/1711 700/838/1710 701/839/1712 658/798/1713
f 658/798/1713 701/839/1712 680/818/1667 632/763/1666
f 657/795/1709 698/837/1708 702/840/1714 661/792/1715
f 661/792/1715 702/840/1714 703/841/1716 660/800/1717
f 660/800/1717 703/841/1716 697/834/1703 662/791/1702
f 645/772/1683 687/826/1682 699/836/1707 663/797/1706
s 173
f 665/803/1718 664/802/1719 677/815/1720 681/819/1721
f 702/840/1722 698/837/1723 699/836/1724 704/842/1725
f 682/820/1726 676/814/1727 688/825/1728 689/827/1729
f 665/803/1718 681/819/1721 682/820/1726 689/827/1729
f 676/814/1727 707/843/1730 706/844/1731 688/825/1728
f 697/834/1732 703/841/1733 708/845/1734 709/846/1735
f 676/814/1727 675/813/1736 674/812/1737 707/843/1730
f 706/844/1731 705/847/1738 687/826/1739 688/825/1728
f 705/847/1738 704/842/1725 699/836/1724 687/826/1739
f 683/821/1740 684/822/1741 715/848/1742 710/849/1743
f 674/812/1737 683/821/1740 710/849/1743 707/843/1730
f 703/841/1733 702/840/1722 704/842/1725 708/845/1734
f 709/846/1735 727/850/1744 696/835/1745 697/834/1732
f 671/809/1746 670/808/1747 669/807/1748 723/851/1749
f 710/849/1743 711/852/1750 706/844/1731 707/843/1730
f 715/848/1742 714/853/1751 711/852/1750 710/849/1743
f 712/854/1752 708/845/1734 704/842/1725 705/847/1738
f 713/855/1753 709/846/1735 708/845/1734 712/854/1752
f 714/853/1751 713/855/1753 712/854/1752 711/852/1750
f 711/852/1750 712/854/1752 705/847/1738 706/844/1731
f 669/807/1748 668/806/1754 690/828/1755 723/851/1749
f 695/833/1756 738/856/1757 734/857/1758 694/832/1759
f 691/829/1760 667/805/1761 721/858/1762 722/859/1763
f 690/828/1755 691/829/1760 722/859/1763 723/851/1749
f 692/830/1764 693/831/1765 733/860/1766 731/861/1767
f 666/804/1768 678/816/1769 719/862/1770 720/863/1771
f 667/805/1761 666/804/1768 720/863/1771 721/858/1762
f 693/831/1765 694/832/1759 734/857/1758 733/860/1766
f 686/824/1772 673/811/1773 726/864/1774 725/865/1775
f 679/817/1776 680/818/1777 717/866/1778 718/867/1779
f 678/816/1769 679/817/1776 718/867/1779 719/862/1770
f 673/811/1773 731/861/1767 737/868/1780 726/864/1774
f 684/822/1741 685/823/1781 724/869/1782 715/848/1742
f 680/818/1777 701/839/1783 716/870/1784 717/866/1778
f 685/823/1781 686/824/1772 725/865/1775 724/869/1782
f 727/850/1744 709/846/1735 713/855/1753 729/871/1785
f 725/865/1775 717/866/1778 716/870/1784 724/869/1782
f 726/864/1774 718/867/1779 717/866/1778 725/865/1775
f 737/868/1780 719/862/1770 718/867/1779 726/864/1774
f 673/811/1773 672/810/1786 692/830/1764 731/861/1767
f 728/872/1787 716/870/1784 701/839/1783 700/838/1788
f 727/850/1744 728/872/1787 700/838/1788 696/835/1745
f 724/869/1782 730/873/1789 714/853/1751 715/848/1742
f 729/871/1785 713/855/1753 714/853/1751 730/873/1789
f 728/872/1787 727/850/1744 729/871/1785 730/873/1789
f 724/869/1782 716/870/1784 728/872/1787 730/873/1789
f 732/874/1790 720/863/1771 719/862/1770 737/868/1780
f 735/875/1791 721/858/1762 720/863/1771 732/874/1790
f 736/876/1792 722/859/1763 721/858/1762 735/875/1791
f 738/856/1757 736/876/1792 735/875/1791 734/857/1758
f 734/857/1758 735/875/1791 732/874/1790 733/860/1766
f 733/860/1766 732/874/1790 737/868/1780 731/861/1767
f 671/809/1746 723/851/1749 722/859/1763 736/876/1792
f 695/833/1756 671/809/1746 736/876/1792 738/856/1757
