# This file uses centimeters as units for non-parametric coordinates.

mtllib portocom.mtl
g default
v 9.717842 0.708077 0.068114
v -3.258506 1.872007 0.068114
v 16.521957 1.842808 0.068114
v 15.876918 1.907571 0.068114
v 17.123039 1.784547 0.068114
v -16.220823 3.960060 0.068114
v -15.575889 3.979448 0.068114
v -16.821815 3.940739 0.068114
v 10.968678 0.633997 4.390517
v -4.633312 1.878450 5.223378
v 16.522331 1.848435 3.347809
v 15.877292 1.913431 3.347808
v 16.522945 1.857689 8.853045
v 15.877905 1.923068 8.853045
v 9.661742 2.595844 8.852782
v 17.124027 1.798855 8.853040
v 17.123413 1.789958 3.347810
v 17.124098 1.799890 9.493360
v 16.523014 1.858766 9.493361
v 15.877976 1.924189 9.493359
v 9.660831 2.597663 9.492659
v 17.124159 1.800855 10.090096
v 16.523064 1.859770 10.090113
v 15.878021 1.925236 10.090130
v 9.659722 2.599387 10.089779
v 11.355221 2.429621 10.088110
v 11.356020 2.427969 9.491084
v 11.356668 2.426220 8.851090
v 15.877477 1.916346 5.012783
v 16.522514 1.851234 5.012784
v 17.123596 1.792649 5.012781
v -16.207735 3.967851 3.408942
v -15.562797 3.987351 3.406531
v -16.186209 3.980674 8.914138
v -15.541270 4.000359 8.911729
v -3.170326 3.819320 8.865964
v -16.787201 3.961076 8.916379
v -16.808716 3.948426 3.411188
v -16.784693 3.962549 9.556694
v -16.183701 3.982166 9.554450
v -15.538766 4.001873 9.552039
v -3.166659 3.820894 9.505832
v -16.782360 3.963921 10.153426
v -16.181376 3.983557 10.151197
v -15.536443 4.003283 10.148806
v -3.162963 3.822346 10.102942
v -4.858133 3.913762 10.107607
v -4.861462 3.912301 9.510589
v -4.864816 3.910723 8.870603
v -15.556283 3.991284 5.071495
v -16.201221 3.971727 5.073905
v -16.802206 3.952250 5.076147
v 0.169635 3.634687 10.096718
v 0.168342 3.633140 9.499603
v 0.166964 3.631482 8.859731
v 0.088938 1.622502 4.807304
v 0.150923 1.651393 0.068114
v 15.878181 -1.932392 0.068114
v 15.878181 -1.932392 3.352460
v 15.878181 -1.932392 5.017435
v 15.878181 -1.932392 8.857684
v 11.348682 -1.932390 8.889124
v 9.652788 -1.932390 8.892302
v 0.172275 -1.932387 8.887032
v -3.156359 -1.932385 8.893229
v -4.852000 -1.932385 8.896403
v -15.531599 -1.932380 0.068114
v -15.531599 -1.932380 3.411132
v -15.531599 -1.932380 5.076090
v -15.531599 -1.932380 8.916363
v 18.036386 -1.932393 8.853656
v 17.640381 -1.932393 8.854395
v 17.640377 -1.932393 5.014141
v 18.036385 -1.932393 5.013400
v 18.036388 -1.932393 3.348433
v 17.640381 -1.932393 3.349172
v 17.640379 -1.932393 0.068114
v 18.036386 -1.932393 0.068114
v 15.878179 -1.932392 10.605764
v 15.878181 -1.932392 10.997974
v 11.348682 -1.932390 11.029413
v 11.348682 -1.932390 10.637201
v 9.652788 -1.932390 10.640368
v 9.652788 -1.932390 11.032583
v 0.172275 -1.932387 11.027312
v 0.172275 -1.932387 10.635098
v -3.156359 -1.932385 10.641316
v -3.156359 -1.932385 11.033529
v -4.852000 -1.932385 11.036696
v -4.852000 -1.932385 10.644482
v -15.531599 -1.932380 10.664430
v -15.531599 -1.932380 11.056643
v -17.694437 -1.932379 0.068114
v -17.296432 -1.932379 0.068114
v -17.296432 -1.932379 3.414428
v -17.694437 -1.932379 3.415171
v -17.694437 -1.932379 5.080136
v -17.296432 -1.932379 5.079391
v -17.296432 -1.932379 8.919652
v -17.694439 -1.932379 8.920394
v 12.045479 0.864462 0.068114
v 11.968786 0.641678 0.068114
v 11.786577 0.558284 0.068114
v -5.340403 1.998074 0.068114
v -5.515007 2.102004 0.068114
v -5.586515 2.335193 0.068114
v 12.304585 2.310809 0.068114
v 12.122327 2.232392 0.068114
v 12.045598 2.011386 0.068114
v -5.588216 3.602963 0.068114
v -5.659555 3.835421 0.068114
v -5.833908 3.937782 0.068114
v 18.123711 1.692029 0.068114
v 18.298048 1.625253 0.068114
v 18.369160 1.494279 0.068114
v -17.808767 3.906387 0.068114
v -17.991022 3.822680 0.068114
v -18.067734 3.637495 0.068114
v 11.996445 0.886413 4.316913
v 11.918469 0.664463 4.314766
v 11.736486 0.581355 4.303597
v 11.502689 0.602125 4.925305
v 11.641031 0.689137 5.043908
v 11.699802 0.912966 5.092832
v 10.967861 0.962701 5.511842
v 10.954448 0.735928 5.438651
v 10.920126 0.642722 5.262963
v -5.655008 2.267797 5.291711
v -5.585379 2.033284 5.291508
v -5.410878 1.928027 5.284320
v -4.622467 2.217566 6.495980
v -4.626167 1.982408 6.421946
v -4.624988 1.884128 6.242846
v 0.090624 1.628639 5.995936
v 0.091828 1.729929 6.174794
v 0.094101 1.972644 6.248909
v -5.169711 1.918096 5.989520
v -5.303228 2.022886 6.105612
v -5.355575 2.258395 6.152495
v 12.006714 2.027895 4.301451
v 12.084814 2.247895 4.303462
v 12.266941 2.325649 4.314300
v 11.010604 2.452224 5.763537
v 10.976254 2.360680 5.587570
v 10.962809 2.134128 5.514160
v 11.705574 2.058686 5.088860
v 11.764601 2.281112 5.138023
v 11.903273 2.363324 5.256961
v -5.641912 3.617644 5.272390
v -5.711539 3.851475 5.272719
v -5.886117 3.954852 5.280216
v -4.593639 3.556965 6.495577
v -4.589940 3.792314 6.569948
v -4.591130 3.890296 6.749749
v -5.338005 3.600897 6.146762
v -5.390453 3.835875 6.193727
v -5.524136 3.938634 6.309944
v 16.458534 1.867759 10.999136
v 16.504313 1.803831 11.171612
v 16.523211 1.657829 11.242809
v 15.861834 1.928646 11.075425
v 15.873394 1.865256 11.253415
v 15.878181 1.713983 11.327110
v 16.999901 1.813997 10.778144
v 17.088024 1.748832 10.932266
v 17.124266 1.607592 10.995648
v 17.465004 1.768876 10.425375
v 17.589392 1.702829 10.550983
v 17.640379 1.565745 10.602471
v 17.821909 1.734800 9.965022
v 17.974144 1.668178 10.053782
v 18.036386 1.534320 10.090073
v 18.046179 1.713392 9.428666
v 18.215986 1.646438 9.474616
v 18.285297 1.514623 9.493372
v 18.124697 1.705357 8.836782
v 18.299032 1.638433 8.848324
v 18.370148 1.507409 8.853032
v 18.124268 1.699589 5.012778
v 18.298605 1.632722 5.012777
v 18.369719 1.501714 5.012777
v 9.658669 2.602151 11.074472
v 9.658478 2.506786 11.253149
v 9.658399 2.275697 11.327206
v -3.157708 3.824789 11.087629
v -3.156755 3.726769 11.266306
v -3.156359 3.489366 11.340355
v 0.171736 3.637241 11.081410
v 0.172117 3.537354 11.260085
v 0.172275 3.295420 11.334138
v 18.124083 1.697078 3.347811
v 18.298420 1.630241 3.347811
v 18.369534 1.499245 3.347811
v 11.354483 2.432287 11.072677
v 11.354348 2.339189 11.251359
v 11.354292 2.113604 11.325418
v -16.112267 3.987740 11.056621
v -16.157883 3.907415 11.231229
v -16.176865 3.716624 11.303886
v -15.516191 4.006095 11.133179
v -15.527081 3.926002 11.311711
v -15.531599 3.732819 11.385777
v -16.651981 3.969768 10.835156
v -16.741446 3.888524 10.993030
v -16.778814 3.699542 11.058972
v -17.115061 3.953236 10.483173
v -17.242872 3.871042 10.613227
v -17.296432 3.683577 10.667726
v -17.470350 3.939680 10.025020
v -17.628147 3.856641 10.117824
v -17.694437 3.670310 10.156810
v -17.694216 3.930417 9.491968
v -17.871229 3.846770 9.540588
v -17.945705 3.661137 9.561044
v -17.774252 3.926230 8.902898
v -17.956436 3.842393 8.915655
v -18.033119 3.657007 8.921025
v -17.789171 3.917640 5.079831
v -17.971422 3.833840 5.080512
v -18.048134 3.648524 5.080798
v 0.113883 3.627982 6.503097
v 0.109345 3.527305 6.324125
v 0.105692 3.284687 6.249891
v -17.795683 3.913901 3.414876
v -17.977934 3.830132 3.415557
v -18.054646 3.644860 3.415844
v -4.853252 3.916203 11.092181
v -4.852367 3.819165 11.270853
v -4.852000 3.584133 11.344901
v 18.369160 -1.680096 0.068114
v 18.295263 -1.858497 0.068114
v 18.116863 -1.932393 0.068114
v -18.067734 -1.680081 0.068114
v -17.993837 -1.858482 0.068114
v -17.815435 -1.932379 0.068114
v 15.878181 -1.680095 11.327110
v 15.873376 -1.858496 11.253214
v 15.861774 -1.932392 11.074812
v 16.523211 -1.680095 11.242809
v 16.504047 -1.858496 11.170789
v 16.457787 -1.932392 10.996917
v 17.124266 -1.680095 10.995648
v 17.087196 -1.858496 10.930992
v 16.997704 -1.932392 10.774897
v 17.640379 -1.680095 10.602471
v 17.587860 -1.858496 10.549585
v 17.461065 -1.932393 10.421906
v 18.036386 -1.680096 10.090073
v 17.971945 -1.858497 10.052611
v 17.816372 -1.932393 9.962171
v 18.285297 -1.680096 9.493372
v 18.213327 -1.858497 9.473959
v 18.039577 -1.932393 9.427092
v 18.370148 -1.680096 8.853032
v 18.296251 -1.858497 8.848162
v 18.117849 -1.932393 8.836403
v 18.369719 -1.680096 5.012777
v 18.295822 -1.858497 5.012915
v 18.117422 -1.932393 5.013248
v 9.652788 -1.680093 11.339409
v 9.652788 -1.858494 11.265512
v 9.652788 -1.932390 11.087111
v -3.156359 -1.680088 11.340355
v -3.156359 -1.858489 11.266459
v -3.156359 -1.932385 11.088058
v 0.172275 -1.680089 11.334138
v 0.172275 -1.858490 11.260242
v 0.172275 -1.932387 11.081841
v 18.369534 -1.680096 3.347811
v 18.295637 -1.858497 3.347949
v 18.117237 -1.932393 3.348282
v 11.348682 -1.680093 11.337621
v 11.348682 -1.858494 11.263724
v 11.348682 -1.932390 11.085323
v -15.531599 -1.680083 11.385777
v -15.527068 -1.858484 11.311863
v -15.516134 -1.932380 11.133419
v -16.112356 -1.932379 11.057753
v -16.157970 -1.858483 11.231795
v -16.176865 -1.680082 11.303886
v -16.778814 -1.680082 11.058972
v -16.741987 -1.858483 10.994178
v -16.653080 -1.932379 10.837749
v -17.296432 -1.680082 10.667726
v -17.244114 -1.858483 10.614640
v -17.117807 -1.932379 10.486480
v -17.694437 -1.680082 10.156810
v -17.630142 -1.858483 10.119099
v -17.474922 -1.932379 10.028055
v -17.700251 -1.932379 9.493791
v -17.873814 -1.858483 9.541346
v -17.945705 -1.680082 9.561044
v -18.033119 -1.680082 8.921025
v -17.959244 -1.858483 8.915858
v -17.780890 -1.932379 8.903384
v -18.048134 -1.680081 5.080798
v -17.974237 -1.858483 5.080659
v -17.795837 -1.932379 5.080326
v -18.054646 -1.680081 3.415844
v -17.980749 -1.858483 3.415706
v -17.802349 -1.932379 3.415373
v -4.852000 -1.680087 11.344901
v -4.852000 -1.858488 11.271005
v -4.852000 -1.932385 11.092604
v 11.348682 -3.202216 0.079645
v 15.878181 -3.202217 0.068114
v 15.878181 -3.202217 3.352460
v 11.348682 -3.202216 3.383906
v 9.652788 -3.202216 0.079643
v 9.652788 -3.202216 3.387065
v 0.172275 -3.202212 0.068114
v 0.172275 -3.202212 3.381796
v -3.156359 -3.202211 0.068114
v -3.156360 -3.202211 3.388021
v -4.852000 -3.202210 0.068114
v -4.852000 -3.202210 3.391187
v -15.531599 -3.202205 0.068114
v -15.531599 -3.202205 3.411132
v 11.348682 -3.202216 5.048871
v 15.878181 -3.202217 5.017435
v 15.878181 -3.202217 8.857684
v 11.348682 -3.202216 8.889124
v 9.652788 -3.202216 5.052046
v 9.652788 -3.202216 8.892302
v 0.172275 -3.202212 5.046773
v 0.172275 -3.202212 8.887032
v -3.156359 -3.202211 5.052993
v -3.156359 -3.202211 8.893229
v -4.852000 -3.202210 5.056154
v -4.852000 -3.202210 8.896403
v -15.531599 -3.202205 5.076090
v -15.531599 -3.202205 8.916363
v 10.968678 0.633997 -4.254289
v -4.633312 1.878450 -5.087150
v 16.522331 1.848435 -3.211580
v 15.877292 1.913431 -3.211581
v 16.522945 1.857689 -8.716814
v 15.877905 1.923068 -8.716814
v 9.661742 2.595844 -8.716556
v 17.124027 1.798855 -8.716813
v 17.123413 1.789958 -3.211581
v 17.124098 1.799890 -9.357133
v 16.523014 1.858766 -9.357130
v 15.877976 1.924189 -9.357128
v 9.660831 2.597663 -9.356428
v 17.124159 1.800855 -9.953870
v 16.523064 1.859770 -9.953882
v 15.878021 1.925236 -9.953899
v 9.659722 2.599387 -9.953548
v 11.355221 2.429621 -9.951880
v 11.356020 2.427969 -9.354857
v 11.356668 2.426220 -8.714864
v 15.877477 1.916346 -4.876554
v 16.522514 1.851234 -4.876556
v 17.123596 1.792649 -4.876553
v -16.207735 3.967851 -3.272714
v -15.562797 3.987351 -3.270303
v -16.186209 3.980674 -8.777911
v -15.541270 4.000359 -8.775502
v -3.170326 3.819320 -8.729737
v -16.787201 3.961076 -8.780152
v -16.808716 3.948426 -3.274959
v -16.784693 3.962549 -9.420464
v -16.183701 3.982166 -9.418223
v -15.538766 4.001873 -9.415812
v -3.166659 3.820894 -9.369605
v -16.782360 3.963921 -10.017200
v -16.181376 3.983557 -10.014967
v -15.536443 4.003283 -10.012575
v -3.162963 3.822346 -9.966716
v -4.858133 3.913762 -9.971376
v -4.861462 3.912301 -9.374362
v -4.864816 3.910723 -8.734376
v -15.556283 3.991284 -4.935267
v -16.201221 3.971727 -4.937677
v -16.802206 3.952250 -4.939919
v 0.169635 3.634687 -9.960487
v 0.168342 3.633140 -9.363373
v 0.166964 3.631482 -8.723504
v 0.088938 1.622502 -4.671076
v 15.878181 -1.932392 -3.216232
v 15.878181 -1.932392 -4.881207
v 15.878181 -1.932392 -8.721457
v 11.348682 -1.932390 -8.752893
v 9.652788 -1.932390 -8.756071
v 0.172275 -1.932387 -8.750801
v -3.156359 -1.932385 -8.757003
v -4.852000 -1.932385 -8.760177
v -15.531599 -1.932380 -3.274903
v -15.531599 -1.932380 -4.939861
v -15.531599 -1.932380 -8.780132
v 18.036386 -1.932393 -8.717429
v 17.640381 -1.932393 -8.718164
v 17.640377 -1.932393 -4.877913
v 18.036385 -1.932393 -4.877172
v 18.036388 -1.932393 -3.212204
v 17.640381 -1.932393 -3.212944
v 15.878179 -1.932392 -10.469534
v 15.878181 -1.932392 -10.861744
v 11.348682 -1.932390 -10.893183
v 11.348682 -1.932390 -10.500971
v 9.652788 -1.932390 -10.504137
v 9.652788 -1.932390 -10.896353
v 0.172275 -1.932387 -10.891084
v 0.172275 -1.932387 -10.498867
v -3.156359 -1.932385 -10.505090
v -3.156359 -1.932385 -10.897299
v -4.852000 -1.932385 -10.900468
v -4.852000 -1.932385 -10.508251
v -15.531599 -1.932380 -10.528203
v -15.531599 -1.932380 -10.920415
v -17.296432 -1.932379 -3.278200
v -17.694437 -1.932379 -3.278943
v -17.694437 -1.932379 -4.943908
v -17.296432 -1.932379 -4.943163
v -17.296432 -1.932379 -8.783425
v -17.694439 -1.932379 -8.784167
v 11.996445 0.886413 -4.180684
v 11.918469 0.664463 -4.178537
v 11.736486 0.581355 -4.167369
v 11.502689 0.602125 -4.789077
v 11.641031 0.689137 -4.907680
v 11.699802 0.912966 -4.956604
v 10.967861 0.962701 -5.375613
v 10.954448 0.735928 -5.302423
v 10.920126 0.642722 -5.126735
v -5.655008 2.267797 -5.155484
v -5.585379 2.033284 -5.155279
v -5.410878 1.928027 -5.148093
v -4.622467 2.217566 -6.359752
v -4.626167 1.982408 -6.285718
v -4.624988 1.884128 -6.106618
v 0.090624 1.628639 -5.859706
v 0.091828 1.729929 -6.038566
v 0.094101 1.972644 -6.112681
v -5.169711 1.918096 -5.853290
v -5.303228 2.022886 -5.969384
v -5.355575 2.258395 -6.016267
v 12.006714 2.027895 -4.165224
v 12.084814 2.247895 -4.167233
v 12.266941 2.325649 -4.178071
v 11.010604 2.452224 -5.627307
v 10.976254 2.360680 -5.451342
v 10.962809 2.134128 -5.377932
v 11.705574 2.058686 -4.952631
v 11.764601 2.281112 -5.001795
v 11.903273 2.363324 -5.120734
v -5.641912 3.617644 -5.136162
v -5.711539 3.851475 -5.136491
v -5.886117 3.954852 -5.143988
v -4.593639 3.556965 -6.359348
v -4.589940 3.792314 -6.433721
v -4.591130 3.890296 -6.613519
v -5.338005 3.600897 -6.010535
v -5.390453 3.835875 -6.057500
v -5.524136 3.938634 -6.173716
v 16.458534 1.867759 -10.862906
v 16.504313 1.803831 -11.035381
v 16.523211 1.657829 -11.106579
v 15.861834 1.928646 -10.939198
v 15.873394 1.865256 -11.117188
v 15.878181 1.713983 -11.190880
v 16.999901 1.813997 -10.641915
v 17.088024 1.748832 -10.796036
v 17.124266 1.607592 -10.859422
v 17.465004 1.768876 -10.289145
v 17.589392 1.702829 -10.414753
v 17.640379 1.565745 -10.466245
v 17.821909 1.734800 -9.828795
v 17.974144 1.668178 -9.917556
v 18.036386 1.534320 -9.953842
v 18.046179 1.713392 -9.292439
v 18.215986 1.646438 -9.338389
v 18.285297 1.514623 -9.357141
v 18.124697 1.705357 -8.700555
v 18.299032 1.638433 -8.712093
v 18.370148 1.507409 -8.716805
v 18.124268 1.699589 -4.876550
v 18.298605 1.632722 -4.876549
v 18.369719 1.501714 -4.876549
v 9.658669 2.602151 -10.938242
v 9.658478 2.506786 -11.116919
v 9.658399 2.275697 -11.190975
v -3.157708 3.824789 -10.951399
v -3.156755 3.726769 -11.130075
v -3.156359 3.489366 -11.204124
v 0.171736 3.637241 -10.945184
v 0.172117 3.537354 -11.123857
v 0.172275 3.295420 -11.197911
v 18.124083 1.697078 -3.211583
v 18.298420 1.630241 -3.211583
v 18.369534 1.499245 -3.211583
v 11.354483 2.432287 -10.936448
v 11.354348 2.339189 -11.115132
v 11.354292 2.113604 -11.189191
v -16.112267 3.987740 -10.920392
v -16.157883 3.907415 -11.095002
v -16.176865 3.716624 -11.167656
v -15.516191 4.006095 -10.996948
v -15.527081 3.926002 -11.175485
v -15.531599 3.732819 -11.249551
v -16.651981 3.969768 -10.698930
v -16.741446 3.888524 -10.856801
v -16.778814 3.699542 -10.922746
v -17.115061 3.953236 -10.346943
v -17.242872 3.871042 -10.477000
v -17.296432 3.683577 -10.531499
v -17.470350 3.939680 -9.888793
v -17.628147 3.856641 -9.981597
v -17.694437 3.670310 -10.020583
v -17.694216 3.930417 -9.355738
v -17.871229 3.846770 -9.404358
v -17.945705 3.661137 -9.424817
v -17.774252 3.926230 -8.766671
v -17.956436 3.842393 -8.779425
v -18.033119 3.657007 -8.784799
v -17.789171 3.917640 -4.943603
v -17.971422 3.833840 -4.944284
v -18.048134 3.648524 -4.944570
v 0.113883 3.627982 -6.366869
v 0.109345 3.527305 -6.187897
v 0.105692 3.284687 -6.113663
v -17.795683 3.913901 -3.278649
v -17.977934 3.830132 -3.279329
v -18.054646 3.644860 -3.279615
v -4.853252 3.916203 -10.955953
v -4.852367 3.819165 -11.134623
v -4.852000 3.584133 -11.208673
v 15.878181 -1.680095 -11.190880
v 15.873376 -1.858496 -11.116983
v 15.861774 -1.932392 -10.938581
v 16.523211 -1.680095 -11.106579
v 16.504047 -1.858496 -11.034562
v 16.457787 -1.932392 -10.860688
v 17.124266 -1.680095 -10.859422
v 17.087196 -1.858496 -10.794762
v 16.997704 -1.932392 -10.638666
v 17.640379 -1.680095 -10.466245
v 17.587860 -1.858496 -10.413355
v 17.461065 -1.932393 -10.285680
v 18.036386 -1.680096 -9.953842
v 17.971945 -1.858497 -9.916385
v 17.816372 -1.932393 -9.825944
v 18.285297 -1.680096 -9.357141
v 18.213327 -1.858497 -9.337729
v 18.039577 -1.932393 -9.290861
v 18.370148 -1.680096 -8.716805
v 18.296251 -1.858497 -8.711931
v 18.117849 -1.932393 -8.700172
v 18.369719 -1.680096 -4.876549
v 18.295822 -1.858497 -4.876688
v 18.117422 -1.932393 -4.877020
v 9.652788 -1.680093 -11.203178
v 9.652788 -1.858494 -11.129282
v 9.652788 -1.932390 -10.950883
v -3.156359 -1.680088 -11.204124
v -3.156359 -1.858489 -11.130228
v -3.156359 -1.932385 -10.951829
v 0.172275 -1.680089 -11.197911
v 0.172275 -1.858490 -11.124013
v 0.172275 -1.932387 -10.945610
v 18.369534 -1.680096 -3.211583
v 18.295637 -1.858497 -3.211720
v 18.117237 -1.932393 -3.212054
v 11.348682 -1.680093 -11.201394
v 11.348682 -1.858494 -11.127496
v 11.348682 -1.932390 -10.949093
v -15.531599 -1.680083 -11.249551
v -15.527068 -1.858484 -11.175632
v -15.516134 -1.932380 -10.997189
v -16.112356 -1.932379 -10.921522
v -16.157970 -1.858483 -11.095567
v -16.176865 -1.680082 -11.167656
v -16.778814 -1.680082 -10.922746
v -16.741987 -1.858483 -10.857949
v -16.653080 -1.932379 -10.701520
v -17.296432 -1.680082 -10.531499
v -17.244114 -1.858483 -10.478414
v -17.117807 -1.932379 -10.350253
v -17.694437 -1.680082 -10.020583
v -17.630142 -1.858483 -9.982868
v -17.474922 -1.932379 -9.891825
v -17.700251 -1.932379 -9.357564
v -17.873814 -1.858483 -9.405115
v -17.945705 -1.680082 -9.424817
v -18.033119 -1.680082 -8.784799
v -17.959244 -1.858483 -8.779632
v -17.780890 -1.932379 -8.767158
v -18.048134 -1.680081 -4.944570
v -17.974237 -1.858483 -4.944432
v -17.795837 -1.932379 -4.944098
v -18.054646 -1.680081 -3.279615
v -17.980749 -1.858483 -3.279478
v -17.802349 -1.932379 -3.279145
v -4.852000 -1.680087 -11.208673
v -4.852000 -1.858488 -11.134778
v -4.852000 -1.932385 -10.956373
v 11.348682 -3.202216 0.056583
v 15.878181 -3.202217 -3.216232
v 11.348682 -3.202216 -3.247678
v 9.652788 -3.202216 0.056585
v 9.652788 -3.202216 -3.250836
v 0.172275 -3.202212 -3.245568
v -3.156360 -3.202211 -3.251793
v -4.852000 -3.202210 -3.254959
v -15.531599 -3.202205 -3.274903
v 11.348682 -3.202216 -4.912643
v 15.878181 -3.202217 -4.881207
v 15.878181 -3.202217 -8.721457
v 11.348682 -3.202216 -8.752893
v 9.652788 -3.202216 -4.915817
v 9.652788 -3.202216 -8.756071
v 0.172275 -3.202212 -4.910546
v 0.172275 -3.202212 -8.750801
v -3.156359 -3.202211 -4.916764
v -3.156359 -3.202211 -8.757003
v -4.852000 -3.202210 -4.919926
v -4.852000 -3.202210 -8.760177
v -15.531599 -3.202205 -4.939861
v -15.531599 -3.202205 -8.780132
v -10.360408 34.571568 -12.760191
v -10.525771 34.571568 -12.594828
v -10.751661 34.571568 -12.534300
v -10.977551 34.571568 -12.594828
v -11.142915 34.571568 -12.760191
v -11.203442 34.571568 -12.986080
v -11.142915 34.571568 -13.211971
v -10.977551 34.571568 -13.377335
v -10.751661 34.571568 -13.437860
v -10.525771 34.571568 -13.377335
v -10.360408 34.571568 -13.211971
v -10.299881 34.571568 -12.986080
v -10.116491 -2.456025 -12.619366
v -10.384946 -2.456025 -12.350910
v -10.751661 -2.456025 -12.252649
v -11.118377 -2.456025 -12.350910
v -11.386831 -2.456025 -12.619366
v -11.485092 -2.456025 -12.986080
v -11.386831 -2.456025 -13.352797
v -11.118377 -2.456025 -13.621252
v -10.751661 -2.456025 -13.719511
v -10.384946 -2.456025 -13.621252
v -10.116491 -2.456025 -13.352797
v -10.018230 -2.456025 -12.986080
v -10.751661 -2.456025 -12.986080
v -10.116491 33.069233 -12.619366
v -10.018230 33.069233 -12.986080
v -10.116491 33.069233 -13.352797
v -10.384946 33.069233 -13.621252
v -10.751661 33.069233 -13.719511
v -11.118377 33.069233 -13.621252
v -11.386831 33.069233 -13.352797
v -11.485092 33.069233 -12.986080
v -11.386831 33.069233 -12.619366
v -11.118377 33.069233 -12.350910
v -10.751661 33.069233 -12.252649
v -10.384946 33.069233 -12.350910
v -10.360408 37.570679 -12.760191
v -10.525771 37.570679 -12.594828
v -10.751661 37.570679 -12.986080
v -10.751661 37.570679 -12.534300
v -10.977551 37.570679 -12.594828
v -11.142915 37.570679 -12.760191
v -11.203442 37.570679 -12.986080
v -11.142915 37.570679 -13.211971
v -10.977551 37.570679 -13.377335
v -10.751661 37.570679 -13.437860
v -10.525771 37.570679 -13.377335
v -10.360408 37.570679 -13.211971
v -10.299881 37.570679 -12.986080
v -10.105446 -2.829118 -7.327679
v -10.378569 -3.102242 -7.327679
v -10.751661 -3.202211 -7.327679
v -11.124754 -3.102242 -7.327679
v -11.397877 -2.829118 -7.327679
v -11.497847 -2.456026 -7.327679
v -11.397877 -2.082933 -7.327679
v -11.124754 -1.809810 -7.327679
v -10.751661 -1.709840 -7.327679
v -10.378569 -1.809810 -7.327679
v -10.105446 -2.082933 -7.327679
v -10.005476 -2.456026 -7.327679
v -10.105446 -2.829118 -14.406553
v -10.378569 -3.102242 -14.406553
v -10.751661 -3.202211 -14.406553
v -11.124754 -3.102242 -14.406553
v -11.397877 -2.829118 -14.406553
v -11.497847 -2.456026 -14.406553
v -11.397877 -2.082933 -14.406553
v -11.124754 -1.809810 -14.406553
v -10.751661 -1.709840 -14.406553
v -10.378569 -1.809810 -14.406553
v -10.105446 -2.082933 -14.406553
v -10.005476 -2.456026 -14.406553
v -10.751661 -2.456026 -7.327679
v -10.254906 -2.742828 -14.795012
v -10.464860 -2.952781 -14.795012
v -10.751661 -2.456026 -14.795012
v -10.751661 -3.029630 -14.795012
v -11.038464 -2.952781 -14.795012
v -11.248417 -2.742828 -14.795012
v -11.325265 -2.456026 -14.795012
v -11.248417 -2.169224 -14.795012
v -11.038463 -1.959270 -14.795012
v -10.751661 -1.882422 -14.795012
v -10.464859 -1.959270 -14.795012
v -10.254906 -2.169224 -14.795012
v -10.178058 -2.456026 -14.795012
v -10.481063 37.166550 -13.256680
v -10.751661 37.166550 -13.368765
v -11.022260 37.166550 -13.256680
v -11.134345 37.166550 -12.986081
v -11.022260 37.166550 -12.715483
v -10.751661 37.166550 -12.603397
v -10.481063 37.166550 -12.715483
v -10.368978 37.166550 -12.986081
v -10.251661 37.383320 -13.486081
v -10.751661 37.383320 -13.693188
v -11.251661 37.383320 -13.486081
v -11.458768 37.383320 -12.986081
v -11.251661 37.383320 -12.486081
v -10.751661 37.383320 -12.278975
v -10.251661 37.383320 -12.486081
v -10.044555 37.383320 -12.986081
v -10.098380 37.707745 -13.639362
v -10.751661 37.707745 -13.909961
v -11.404943 37.707745 -13.639362
v -11.675541 37.707745 -12.986081
v -11.404943 37.707745 -12.332800
v -10.751661 37.707745 -12.062201
v -10.098380 37.707745 -12.332800
v -9.827782 37.707745 -12.986081
v -10.044555 38.090427 -13.693188
v -10.751661 38.090427 -13.986081
v -11.458768 38.090427 -13.693188
v -11.751661 38.090427 -12.986081
v -11.458768 38.090427 -12.278975
v -10.751661 38.090427 -11.986081
v -10.044555 38.090427 -12.278975
v -9.751661 38.090427 -12.986081
v -10.098380 38.473110 -13.639362
v -10.751661 38.473110 -13.909961
v -11.404943 38.473110 -13.639362
v -11.675541 38.473110 -12.986081
v -11.404943 38.473110 -12.332800
v -10.751661 38.473110 -12.062201
v -10.098380 38.473110 -12.332800
v -9.827782 38.473110 -12.986081
v -10.251661 38.797535 -13.486081
v -10.751661 38.797535 -13.693188
v -11.251661 38.797535 -13.486081
v -11.458768 38.797535 -12.986081
v -11.251661 38.797535 -12.486081
v -10.751661 38.797535 -12.278975
v -10.251661 38.797535 -12.486081
v -10.044555 38.797535 -12.986081
v -10.481063 39.014305 -13.256680
v -10.751661 39.014305 -13.368765
v -11.022260 39.014305 -13.256680
v -11.134345 39.014305 -12.986081
v -11.022260 39.014305 -12.715483
v -10.751661 39.014305 -12.603397
v -10.481063 39.014305 -12.715483
v -10.368978 39.014305 -12.986081
v -10.751661 37.090427 -12.986081
v -10.751661 39.090427 -12.986081
vt 0.224532 0.727900
vt 0.225195 0.778573
vt 0.188740 0.778573
vt 0.174040 0.723451
vt 0.224550 0.715191
vt 0.174129 0.712551
vt 0.166480 0.778573
vt 0.165726 0.722799
vt 0.393349 0.725703
vt 0.393354 0.684641
vt 0.400251 0.684641
vt 0.400246 0.725703
vt 0.225381 0.677728
vt 0.225367 0.684570
vt 0.189683 0.684503
vt 0.189722 0.677661
vt 0.400240 0.778573
vt 0.393343 0.778573
vt 0.393347 0.743505
vt 0.400244 0.743505
vt 0.393354 0.677795
vt 0.400252 0.677795
vt 0.406679 0.677795
vt 0.406678 0.684641
vt 0.406673 0.725703
vt 0.406667 0.778573
vt 0.406671 0.743505
vt 0.406679 0.671414
vt 0.400252 0.671414
vt 0.393355 0.671414
vt 0.225395 0.671343
vt 0.189762 0.671277
vt 0.345011 0.684662
vt 0.345004 0.677819
vt 0.344995 0.671435
vt 0.326879 0.677802
vt 0.326867 0.671418
vt 0.326888 0.684644
vt 0.057247 0.725075
vt 0.050351 0.725049
vt 0.050512 0.683988
vt 0.057408 0.684014
vt 0.050142 0.778573
vt 0.050282 0.742852
vt 0.057178 0.742877
vt 0.057038 0.778573
vt 0.050539 0.677142
vt 0.057435 0.677167
vt 0.044113 0.677118
vt 0.044086 0.683964
vt 0.043926 0.725025
vt 0.043716 0.778573
vt 0.043856 0.742828
vt 0.044138 0.670737
vt 0.050564 0.670761
vt 0.057460 0.670786
vt 0.171601 0.677611
vt 0.171565 0.684453
vt 0.171636 0.671227
vt 0.340863 0.732356
vt 0.340343 0.723028
vt 0.327488 0.778573
vt 0.328824 0.523559
vt 0.375225 0.523677
vt 0.375225 0.490032
vt 0.328824 0.489710
vt 0.311451 0.489677
vt 0.311451 0.523559
vt 0.214331 0.523677
vt 0.214331 0.489731
vt 0.180232 0.523677
vt 0.180232 0.489667
vt 0.162861 0.489635
vt 0.162861 0.523677
vt 0.053457 0.523677
vt 0.053457 0.489431
vt 0.031301 0.489389
vt 0.031301 0.523677
vt 0.035378 0.523677
vt 0.035378 0.489397
vt 0.375225 0.472975
vt 0.328824 0.472653
vt 0.311451 0.472621
vt 0.214331 0.472675
vt 0.180232 0.472611
vt 0.162861 0.472579
vt 0.053457 0.472375
vt 0.031301 0.472333
vt 0.035378 0.472341
vt 0.375225 0.433635
vt 0.328824 0.433313
vt 0.311451 0.433281
vt 0.214331 0.433335
vt 0.180232 0.433271
vt 0.162861 0.433239
vt 0.053457 0.433034
vt 0.031301 0.432993
vt 0.035378 0.433000
vt 0.328824 0.415406
vt 0.375225 0.415728
vt 0.375225 0.411710
vt 0.328824 0.411388
vt 0.311451 0.415373
vt 0.311451 0.411355
vt 0.214331 0.415427
vt 0.214331 0.411409
vt 0.180232 0.415363
vt 0.180232 0.411345
vt 0.162861 0.411313
vt 0.162861 0.415331
vt 0.053457 0.415127
vt 0.053457 0.411109
vt 0.375225 0.472975
vt 0.393278 0.473009
vt 0.393278 0.433669
vt 0.375225 0.433635
vt 0.375225 0.490032
vt 0.393278 0.490066
vt 0.375225 0.523677
vt 0.393278 0.523677
vt 0.397335 0.523677
vt 0.397335 0.490073
vt 0.397335 0.473017
vt 0.397335 0.433677
vt 0.053457 0.433034
vt 0.162861 0.433239
vt 0.180232 0.433271
vt 0.214331 0.433335
vt 0.311451 0.433281
vt 0.328824 0.433313
vt 0.053457 0.523677
vt 0.053457 0.489431
vt 0.053457 0.472375
vt 0.348680 0.724847
vt 0.348052 0.725370
vt 0.340710 0.721149
vt 0.340854 0.720367
vt 0.346572 0.726638
vt 0.174116 0.710635
vt 0.224563 0.713278
vt 0.174156 0.709844
vt 0.224587 0.712486
vt 0.166877 0.714018
vt 0.168305 0.715259
vt 0.163860 0.722723
vt 0.163116 0.722720
vt 0.166317 0.713517
vt 0.340800 0.720342
vt 0.340944 0.719557
vt 0.349373 0.724364
vt 0.348742 0.724889
vt 0.341311 0.717675
vt 0.350855 0.723092
vt 0.053616 0.410322
vt 0.053504 0.408494
vt 0.047041 0.409314
vt 0.047508 0.411097
vt 0.033550 0.421646
vt 0.031959 0.420713
vt 0.352377 0.778573
vt 0.352376 0.778573
vt 0.351852 0.733143
vt 0.351962 0.733309
vt 0.349072 0.733286
vt 0.349608 0.778573
vt 0.163830 0.778573
vt 0.163256 0.722927
vt 0.163848 0.778573
vt 0.174464 0.709848
vt 0.166505 0.713578
vt 0.354744 0.733171
vt 0.355146 0.778573
vt 0.417367 0.778573
vt 0.417371 0.743505
vt 0.224799 0.709768
vt 0.174491 0.707130
vt 0.417377 0.684815
vt 0.417373 0.725703
vt 0.416538 0.678487
vt 0.405351 0.664057
vt 0.410324 0.667829
vt 0.414140 0.672752
vt 0.399562 0.661694
vt 0.393182 0.660879
vt 0.326855 0.660889
vt 0.344988 0.660908
vt 0.189818 0.660748
vt 0.225417 0.660815
vt 0.160645 0.722843
vt 0.161203 0.778573
vt 0.033163 0.778573
vt 0.033303 0.742788
vt 0.033373 0.724986
vt 0.033532 0.684108
vt 0.034388 0.677810
vt 0.045532 0.663448
vt 0.036782 0.672110
vt 0.040580 0.667211
vt 0.051303 0.661080
vt 0.057676 0.660261
vt 0.171688 0.660700
vt 0.164515 0.711833
vt 0.224711 0.712475
vt 0.029463 0.426632
vt 0.031241 0.427119
vt 0.398158 0.523677
vt 0.398162 0.490075
vt 0.398165 0.473018
vt 0.398169 0.433853
vt 0.037208 0.416950
vt 0.041969 0.413351
vt 0.395080 0.422321
vt 0.397367 0.427802
vt 0.386693 0.413995
vt 0.391441 0.417611
vt 0.381163 0.411721
vt 0.375057 0.410923
vt 0.328824 0.410815
vt 0.311451 0.410797
vt 0.214331 0.410851
vt 0.180232 0.410787
vt 0.162861 0.410740
vt 0.351556 0.778573
vt 0.351018 0.733166
vt 0.163067 0.778573
vt 0.162511 0.722923
vt 0.031214 0.778573
vt 0.031354 0.742781
vt 0.164613 0.778573
vt 0.353198 0.778573
vt 0.352797 0.733287
vt 0.224751 0.711681
vt 0.165945 0.713076
vt 0.174504 0.709053
vt 0.400052 0.659850
vt 0.406293 0.662409
vt 0.393306 0.658976
vt 0.411654 0.666486
vt 0.415768 0.671803
vt 0.418354 0.677995
vt 0.419241 0.684692
vt 0.419237 0.725703
vt 0.419235 0.743505
vt 0.326854 0.658978
vt 0.344986 0.658998
vt 0.189828 0.658838
vt 0.225421 0.658904
vt 0.419231 0.778573
vt 0.050815 0.659213
vt 0.057560 0.658352
vt 0.171698 0.658789
vt 0.044575 0.661760
vt 0.039214 0.665821
vt 0.035094 0.671118
vt 0.032495 0.677290
vt 0.031584 0.683972
vt 0.031424 0.724979
vt 0.030415 0.433167
vt 0.030262 0.472331
vt 0.030195 0.489387
vt 0.030062 0.523677
vt 0.028234 0.523677
vt 0.028368 0.489384
vt 0.375176 0.409095
vt 0.381637 0.409939
vt 0.387611 0.412396
vt 0.392739 0.416303
vt 0.396674 0.421394
vt 0.399147 0.427322
vt 0.399997 0.433733
vt 0.224532 0.829246
vt 0.174040 0.833695
vt 0.224550 0.841956
vt 0.174129 0.844596
vt 0.165726 0.834347
vt 0.393349 0.831443
vt 0.400246 0.831443
vt 0.400251 0.872505
vt 0.393354 0.872505
vt 0.225381 0.879418
vt 0.189722 0.879485
vt 0.189683 0.872643
vt 0.225367 0.872576
vt 0.400244 0.813641
vt 0.393347 0.813641
vt 0.400252 0.879351
vt 0.393354 0.879351
vt 0.406679 0.879351
vt 0.406678 0.872505
vt 0.406673 0.831443
vt 0.406671 0.813641
vt 0.406679 0.885732
vt 0.400252 0.885732
vt 0.393355 0.885732
vt 0.225395 0.885803
vt 0.189762 0.885869
vt 0.345004 0.879327
vt 0.345011 0.872484
vt 0.344995 0.885711
vt 0.326879 0.879344
vt 0.326867 0.885729
vt 0.326888 0.872502
vt 0.057247 0.832071
vt 0.057408 0.873132
vt 0.050512 0.873158
vt 0.050351 0.832097
vt 0.057178 0.814269
vt 0.050282 0.814294
vt 0.057435 0.879979
vt 0.050539 0.880005
vt 0.044113 0.880029
vt 0.044086 0.873182
vt 0.043926 0.832121
vt 0.043856 0.814318
vt 0.044138 0.886409
vt 0.050564 0.886385
vt 0.057460 0.886360
vt 0.171565 0.872693
vt 0.171601 0.879536
vt 0.171636 0.885919
vt 0.340863 0.824790
vt 0.340343 0.834118
vt 0.399992 0.473022
vt 0.399991 0.490078
vt 0.311451 0.408969
vt 0.328824 0.408987
vt 0.180232 0.408959
vt 0.214331 0.409023
vt 0.399986 0.523677
vt 0.162861 0.408913
vt 0.041058 0.411749
vt 0.035914 0.415637
vt 0.028588 0.433039
vt 0.028435 0.472328
vt 0.328824 0.523796
vt 0.328824 0.557645
vt 0.375225 0.557323
vt 0.311451 0.523795
vt 0.311451 0.557677
vt 0.214331 0.557623
vt 0.180232 0.557687
vt 0.162861 0.557720
vt 0.053457 0.557924
vt 0.031301 0.557965
vt 0.035378 0.557958
vt 0.328824 0.574701
vt 0.375225 0.574379
vt 0.311451 0.574734
vt 0.214331 0.574680
vt 0.180232 0.574743
vt 0.162861 0.574776
vt 0.053457 0.574980
vt 0.031301 0.575021
vt 0.035378 0.575014
vt 0.328824 0.614042
vt 0.375225 0.613719
vt 0.311451 0.614074
vt 0.214331 0.614020
vt 0.180232 0.614083
vt 0.162861 0.614116
vt 0.053457 0.614320
vt 0.031301 0.614362
vt 0.035378 0.614354
vt 0.328824 0.631949
vt 0.328824 0.635967
vt 0.375225 0.635645
vt 0.375225 0.631627
vt 0.311451 0.631981
vt 0.311451 0.635999
vt 0.348680 0.832299
vt 0.340854 0.836780
vt 0.340710 0.835997
vt 0.348052 0.831776
vt 0.346572 0.830508
vt 0.224563 0.843868
vt 0.174116 0.846511
vt 0.224587 0.844661
vt 0.174156 0.847302
vt 0.166877 0.843128
vt 0.163860 0.834424
vt 0.168305 0.841887
vt 0.163116 0.834426
vt 0.166317 0.843630
vt 0.340800 0.836804
vt 0.348742 0.832257
vt 0.349373 0.832783
vt 0.340944 0.837589
vt 0.350855 0.834054
vt 0.341311 0.839471
vt 0.214331 0.631928
vt 0.214331 0.635945
vt 0.180232 0.631991
vt 0.180232 0.636009
vt 0.162861 0.632024
vt 0.162861 0.636042
vt 0.053457 0.632228
vt 0.053457 0.636246
vt 0.351962 0.823838
vt 0.351852 0.824003
vt 0.349072 0.823861
vt 0.163256 0.834219
vt 0.174464 0.847298
vt 0.166505 0.843568
vt 0.354744 0.823975
vt 0.417371 0.813641
vt 0.174491 0.850016
vt 0.224799 0.847378
vt 0.417373 0.831443
vt 0.417377 0.872331
vt 0.416538 0.878660
vt 0.405351 0.893089
vt 0.414140 0.884395
vt 0.410324 0.889317
vt 0.399562 0.895452
vt 0.393182 0.896267
vt 0.344988 0.896238
vt 0.326855 0.896257
vt 0.189818 0.896398
vt 0.225417 0.896331
vt 0.160645 0.834303
vt 0.033303 0.814358
vt 0.033532 0.873038
vt 0.033373 0.832160
vt 0.034388 0.879337
vt 0.045532 0.893698
vt 0.040580 0.889935
vt 0.036782 0.885036
vt 0.051303 0.896066
vt 0.057676 0.896885
vt 0.171688 0.896447
vt 0.164515 0.845313
vt 0.224711 0.844671
vt 0.375225 0.574379
vt 0.375225 0.613719
vt 0.393278 0.613686
vt 0.393278 0.574345
vt 0.375225 0.557323
vt 0.393278 0.557289
vt 0.397335 0.557281
vt 0.397335 0.574338
vt 0.397335 0.613678
vt 0.053457 0.614320
vt 0.162861 0.614116
vt 0.180232 0.614083
vt 0.214331 0.614020
vt 0.311451 0.614074
vt 0.328824 0.614042
vt 0.053457 0.557924
vt 0.053457 0.574980
vt 0.053616 0.637032
vt 0.047508 0.636257
vt 0.351018 0.823980
vt 0.162511 0.834223
vt 0.031354 0.814365
vt 0.352797 0.823859
vt 0.224751 0.845465
vt 0.165945 0.844071
vt 0.174504 0.848093
vt 0.406293 0.894737
vt 0.400052 0.897296
vt 0.393306 0.898171
vt 0.411654 0.890660
vt 0.415768 0.885344
vt 0.418354 0.879151
vt 0.419241 0.872454
vt 0.419237 0.831443
vt 0.419235 0.813641
vt 0.344986 0.898149
vt 0.326854 0.898168
vt 0.225421 0.898242
vt 0.189828 0.898309
vt 0.057560 0.898794
vt 0.050815 0.897933
vt 0.171698 0.898357
vt 0.044575 0.895386
vt 0.039214 0.891326
vt 0.035094 0.886029
vt 0.032495 0.879856
vt 0.031584 0.873174
vt 0.031424 0.832168
vt 0.047041 0.638040
vt 0.053504 0.638860
vt 0.033550 0.625709
vt 0.031241 0.620236
vt 0.029463 0.620723
vt 0.031959 0.626642
vt 0.398162 0.557280
vt 0.398165 0.574336
vt 0.398169 0.613501
vt 0.037208 0.630405
vt 0.041969 0.634003
vt 0.395080 0.625034
vt 0.397367 0.619552
vt 0.386693 0.633360
vt 0.391441 0.629744
vt 0.615287 0.266396
vt 0.614204 0.266396
vt 0.612606 0.256557
vt 0.614364 0.256557
vt 0.613807 0.266396
vt 0.611962 0.256557
vt 0.614204 0.266396
vt 0.612606 0.256557
vt 0.615287 0.266396
vt 0.614364 0.256557
vt 0.616766 0.266396
vt 0.616766 0.256557
vt 0.618246 0.266396
vt 0.619168 0.256557
vt 0.619329 0.266396
vt 0.620926 0.256557
vt 0.619725 0.266396
vt 0.621570 0.256557
vt 0.619329 0.266396
vt 0.620926 0.256557
vt 0.618246 0.266396
vt 0.619168 0.256557
vt 0.616766 0.266396
vt 0.616766 0.256557
vt 0.614204 0.286039
vt 0.615287 0.286039
vt 0.616766 0.286039
vt 0.613807 0.286039
vt 0.614204 0.286039
vt 0.615287 0.286039
vt 0.616766 0.286039
vt 0.618246 0.286039
vt 0.619329 0.286039
vt 0.619725 0.286039
vt 0.619329 0.286039
vt 0.618246 0.286039
vt 0.616766 0.286039
vt 0.614364 0.023881
vt 0.612606 0.023881
vt 0.616766 0.023881
vt 0.611962 0.023881
vt 0.612606 0.023881
vt 0.614364 0.023881
vt 0.616766 0.023881
vt 0.619168 0.023881
vt 0.620926 0.023881
vt 0.621570 0.023881
vt 0.620926 0.023881
vt 0.619168 0.023881
vt 0.616766 0.023881
vt 0.579706 0.021438
vt 0.579706 0.019649
vt 0.626070 0.019649
vt 0.626070 0.021438
vt 0.579706 0.018994
vt 0.626070 0.018994
vt 0.579706 0.019649
vt 0.626070 0.019649
vt 0.579706 0.021438
vt 0.626070 0.021438
vt 0.579706 0.023881
vt 0.626070 0.023881
vt 0.579706 0.026325
vt 0.626070 0.026325
vt 0.579706 0.028114
vt 0.626070 0.028114
vt 0.579706 0.028769
vt 0.626070 0.028769
vt 0.579706 0.028114
vt 0.626070 0.028114
vt 0.579706 0.026325
vt 0.626070 0.026325
vt 0.579706 0.023881
vt 0.626070 0.023881
vt 0.579706 0.023881
vt 0.628614 0.022003
vt 0.628614 0.020628
vt 0.628614 0.023881
vt 0.628614 0.020124
vt 0.628614 0.020628
vt 0.628614 0.022003
vt 0.628614 0.023881
vt 0.628614 0.025760
vt 0.628614 0.027135
vt 0.628614 0.027638
vt 0.628614 0.027135
vt 0.628614 0.025760
vt 0.628614 0.023881
vt 0.618538 0.283392
vt 0.619273 0.283392
vt 0.621397 0.284812
vt 0.620041 0.284812
vt 0.618538 0.283392
vt 0.620041 0.284812
vt 0.616766 0.283392
vt 0.616766 0.284812
vt 0.614994 0.283392
vt 0.613491 0.284812
vt 0.614260 0.283392
vt 0.612135 0.284812
vt 0.614994 0.283392
vt 0.613491 0.284812
vt 0.616766 0.283392
vt 0.616766 0.284812
vt 0.622817 0.286937
vt 0.621045 0.286937
vt 0.621045 0.286937
vt 0.616766 0.286937
vt 0.612487 0.286937
vt 0.610715 0.286937
vt 0.612487 0.286937
vt 0.616766 0.286937
vt 0.623316 0.289443
vt 0.621397 0.289443
vt 0.621397 0.289443
vt 0.616766 0.289443
vt 0.612135 0.289443
vt 0.610217 0.289443
vt 0.612135 0.289443
vt 0.616766 0.289443
vt 0.622817 0.291950
vt 0.621045 0.291950
vt 0.621045 0.291950
vt 0.616766 0.291950
vt 0.612487 0.291950
vt 0.610715 0.291950
vt 0.612487 0.291950
vt 0.616766 0.291950
vt 0.621397 0.294075
vt 0.620041 0.294075
vt 0.620041 0.294075
vt 0.616766 0.294075
vt 0.613491 0.294075
vt 0.612135 0.294075
vt 0.613491 0.294075
vt 0.616766 0.294075
vt 0.619273 0.295494
vt 0.618538 0.295494
vt 0.618538 0.295494
vt 0.616766 0.295494
vt 0.614994 0.295494
vt 0.614260 0.295494
vt 0.614994 0.295494
vt 0.616766 0.295494
vt 0.616766 0.282894
vt 0.616766 0.295993
vt 0.028435 0.575027
vt 0.028588 0.614315
vt 0.035914 0.631718
vt 0.041058 0.635606
vt 0.162861 0.638442
vt 0.180232 0.638395
vt 0.214331 0.638332
vt 0.311451 0.638386
vt 0.328824 0.638367
vt 0.399991 0.557276
vt 0.399992 0.574333
vt 0.375057 0.636432
vt 0.381163 0.635634
vt 0.328824 0.636540
vt 0.311451 0.636558
vt 0.214331 0.636504
vt 0.180232 0.636568
vt 0.162861 0.636614
vt 0.030415 0.614188
vt 0.030262 0.575023
vt 0.030195 0.557967
vt 0.028368 0.557971
vt 0.381637 0.637415
vt 0.375176 0.638260
vt 0.387611 0.634959
vt 0.392739 0.631052
vt 0.396674 0.625960
vt 0.399147 0.620033
vt 0.399997 0.613622
vt 0.235980 0.328626
vt 0.237741 0.328254
vt 0.237741 0.334136
vt 0.235980 0.334330
vt 0.235980 0.323733
vt 0.237741 0.323209
vt 0.290567 0.328254
vt 0.290477 0.334136
vt 0.237741 0.340455
vt 0.235980 0.340506
vt 0.235980 0.319986
vt 0.237741 0.319346
vt 0.290698 0.323209
vt 0.292407 0.328639
vt 0.292310 0.334338
vt 0.290436 0.340455
vt 0.237741 0.378371
vt 0.235980 0.378372
vt 0.290856 0.319346
vt 0.292549 0.323747
vt 0.292266 0.340508
vt 0.290352 0.378371
vt 0.237741 0.394810
vt 0.235980 0.394811
vt 0.292722 0.319997
vt 0.292182 0.378374
vt 0.290316 0.394810
vt 0.237741 0.427863
vt 0.235980 0.427863
vt 0.292145 0.394813
vt 0.290243 0.427863
vt 0.237741 0.460917
vt 0.235980 0.460915
vt 0.292072 0.427863
vt 0.290316 0.460917
vt 0.237741 0.477355
vt 0.235980 0.477354
vt 0.292145 0.460914
vt 0.290352 0.477355
vt 0.235980 0.515220
vt 0.237741 0.515271
vt 0.292182 0.477352
vt 0.290436 0.515271
vt 0.235980 0.521396
vt 0.237741 0.521590
vt 0.292266 0.515218
vt 0.290477 0.521590
vt 0.235980 0.527100
vt 0.237741 0.527473
vt 0.292310 0.521388
vt 0.290567 0.527473
vt 0.235980 0.531993
vt 0.237741 0.532517
vt 0.292407 0.527088
vt 0.290698 0.532517
vt 0.235980 0.535740
vt 0.237741 0.536380
vt 0.292549 0.531979
vt 0.290856 0.536380
vt 0.292722 0.535729
vt 0.328465 0.520297
vt 0.328659 0.526189
vt 0.296922 0.526189
vt 0.296922 0.520297
vt 0.329981 0.525830
vt 0.329766 0.520112
vt 0.328970 0.531248
vt 0.296922 0.531248
vt 0.295161 0.525819
vt 0.295161 0.520105
vt 0.328394 0.513975
vt 0.296922 0.513975
vt 0.330323 0.530739
vt 0.329687 0.513928
vt 0.329383 0.535130
vt 0.296922 0.535130
vt 0.295161 0.530725
vt 0.295161 0.513927
vt 0.328337 0.476059
vt 0.296922 0.476059
vt 0.330777 0.534504
vt 0.329631 0.476059
vt 0.295161 0.534491
vt 0.295161 0.476060
vt 0.296922 0.459620
vt 0.328313 0.459620
vt 0.329606 0.459620
vt 0.295161 0.459621
vt 0.328264 0.427238
vt 0.296922 0.427238
vt 0.329557 0.427238
vt 0.295161 0.427238
vt 0.296922 0.394856
vt 0.328313 0.394856
vt 0.329606 0.394856
vt 0.295161 0.394855
vt 0.296922 0.378417
vt 0.328337 0.378417
vt 0.329631 0.378417
vt 0.295161 0.378416
vt 0.296922 0.340501
vt 0.328394 0.340501
vt 0.329687 0.340548
vt 0.295161 0.340549
vt 0.296922 0.334179
vt 0.328465 0.334179
vt 0.329766 0.334364
vt 0.295161 0.334371
vt 0.296922 0.328287
vt 0.328659 0.328287
vt 0.329981 0.328646
vt 0.295161 0.328657
vt 0.296922 0.323228
vt 0.328970 0.323228
vt 0.330323 0.323737
vt 0.295161 0.323751
vt 0.296922 0.319346
vt 0.329383 0.319346
vt 0.330777 0.319972
vt 0.295161 0.319985
vt 0.117557 0.641725
vt 0.119318 0.641770
vt 0.119318 0.648141
vt 0.117557 0.647954
vt 0.117557 0.536326
vt 0.119318 0.536326
vt 0.172762 0.641770
vt 0.172602 0.648141
vt 0.119318 0.654084
vt 0.117557 0.653720
vt 0.119318 0.519585
vt 0.117557 0.519585
vt 0.171294 0.536326
vt 0.174486 0.647954
vt 0.174669 0.641725
vt 0.172433 0.654084
vt 0.170358 0.519585
vt 0.117557 0.486720
vt 0.119318 0.486720
vt 0.173615 0.536330
vt 0.174299 0.653715
vt 0.168443 0.486720
vt 0.172702 0.519588
vt 0.117557 0.393115
vt 0.119318 0.393115
vt 0.170832 0.486721
vt 0.158375 0.393060
vt 0.117557 0.376371
vt 0.119318 0.376371
vt 0.160657 0.393059
vt 0.156775 0.376315
vt 0.117557 0.331697
vt 0.119318 0.331649
vt 0.159002 0.376315
vt 0.152829 0.331649
vt 0.117557 0.325470
vt 0.119318 0.325281
vt 0.154323 0.331697
vt 0.152275 0.325281
vt 0.117557 0.319712
vt 0.119318 0.319346
vt 0.153716 0.325467
vt 0.151779 0.319346
vt 0.153173 0.319704
vt 0.233911 0.641725
vt 0.233911 0.647954
vt 0.232149 0.648141
vt 0.232149 0.641770
vt 0.233911 0.653720
vt 0.232149 0.654084
vt 0.178706 0.641770
vt 0.178866 0.648141
vt 0.232149 0.536326
vt 0.233911 0.536326
vt 0.179034 0.654084
vt 0.180174 0.536326
vt 0.176982 0.647953
vt 0.176798 0.641725
vt 0.232149 0.519585
vt 0.233911 0.519585
vt 0.177168 0.653715
vt 0.181109 0.519585
vt 0.177853 0.536330
vt 0.232149 0.486720
vt 0.233911 0.486720
vt 0.178766 0.519588
vt 0.183024 0.486720
vt 0.233911 0.393115
vt 0.232150 0.393115
vt 0.180636 0.486721
vt 0.193092 0.393060
vt 0.232150 0.376371
vt 0.233911 0.376371
vt 0.190811 0.393059
vt 0.194693 0.376315
vt 0.233911 0.331697
vt 0.232150 0.331649
vt 0.192466 0.376315
vt 0.198638 0.331649
vt 0.232150 0.325281
vt 0.233911 0.325470
vt 0.197145 0.331697
vt 0.199193 0.325281
vt 0.232150 0.319346
vt 0.233911 0.319712
vt 0.197751 0.325467
vt 0.199689 0.319346
vt 0.198294 0.319704
vn 0.082148 0.996619 0.001183
vn 0.083671 0.996490 0.002496
vn 0.059595 0.998223 -0.000000
vn 0.058940 0.998223 0.008725
vn 0.072898 0.993465 -0.087824
vn 0.055497 0.994247 -0.091616
vn 0.119313 0.992857 0.000000
vn 0.129549 0.991519 0.010392
vn 0.109849 0.993948 -0.000939
vn 0.109655 0.993969 -0.001359
vn 0.100670 0.994918 -0.001718
vn 0.100548 0.994931 -0.001718
vn 0.094926 0.995481 -0.002741
vn 0.095138 0.995462 -0.001911
vn 0.055486 0.998455 -0.003151
vn 0.056203 0.998416 -0.002742
vn 0.100078 0.994978 -0.001754
vn 0.110835 0.993839 0.000000
vn 0.110819 0.993839 -0.001693
vn 0.100167 0.994969 -0.001742
vn 0.100905 0.994895 -0.001718
vn 0.100905 0.994895 -0.001718
vn 0.095090 0.995468 -0.001434
vn 0.094520 0.995522 -0.001584
vn 0.097449 0.995239 -0.001651
vn 0.097480 0.995236 -0.001651
vn 0.097122 0.995271 -0.001652
vn 0.097210 0.995263 -0.001652
vn 0.094370 0.995536 -0.001598
vn 0.093897 0.995582 -0.000000
vn 0.096651 0.995317 -0.001686
vn 0.096651 0.995317 -0.001686
vn 0.093987 0.995572 -0.001620
vn 0.095915 0.995389 -0.001413
vn 0.099490 0.995037 -0.001661
vn 0.109692 0.993963 -0.002083
vn 0.094943 0.995479 -0.002742
vn 0.055417 0.998460 -0.002746
vn 0.108098 0.994139 -0.001655
vn 0.107692 0.994182 -0.002307
vn 0.110719 0.993849 -0.002177
vn 0.107815 0.994168 -0.002278
vn 0.099602 0.995024 -0.002653
vn 0.107115 0.994243 -0.002728
vn 0.107070 0.994250 -0.001555
vn 0.096918 0.995291 -0.001652
vn 0.003090 0.999992 0.002436
vn -0.030374 0.999536 -0.002226
vn -0.030434 0.999534 -0.002226
vn 0.004486 0.999989 0.001180
vn -0.030139 0.999543 -0.002230
vn -0.030184 0.999542 -0.002229
vn 0.002215 0.999996 -0.001575
vn 0.002402 0.999997 -0.000000
vn -0.030549 0.999531 -0.002227
vn -0.030549 0.999531 -0.002227
vn -0.034055 0.999417 -0.002260
vn -0.032631 0.999465 -0.002186
vn -0.032615 0.999466 -0.002186
vn -0.034146 0.999415 -0.002162
vn -0.032456 0.999471 -0.002185
vn -0.034105 0.999416 -0.002153
vn -0.032499 0.999469 -0.002186
vn -0.033876 0.999426 -0.000000
vn -0.033917 0.999422 -0.002154
vn -0.032222 0.999478 -0.002188
vn -0.032222 0.999478 -0.002188
vn -0.033632 0.999432 -0.002291
vn -0.031493 0.999502 -0.002228
vn 0.006247 0.999977 -0.002628
vn 0.008380 0.999962 -0.002449
vn 0.014617 0.999890 -0.002491
vn 0.012311 0.999924 0.000852
vn 0.014627 0.999889 -0.002665
vn 0.053848 0.998545 -0.002754
vn -0.032356 0.999474 -0.002185
vn 0.108438 0.994099 -0.002740
vn 0.090386 0.995904 -0.002191
vn 0.081327 0.992975 -0.085944
vn 0.092125 0.995748 -0.000000
vn -0.000000 -1.000000 0.000000
vn -0.000000 -1.000000 0.000000
vn -0.000000 -1.000000 0.000000
vn -0.000000 -1.000000 0.000000
vn -0.000000 -1.000000 0.000000
vn -0.000000 -1.000000 0.000000
vn -0.000000 -1.000000 -0.000000
vn -0.000000 -1.000000 0.000000
vn -0.000000 -1.000000 0.000000
vn -0.000000 -1.000000 0.000000
vn -0.000000 -1.000000 0.000000
vn -0.000000 -1.000000 0.000000
vn -0.000000 -1.000000 0.000000
vn -0.000000 -1.000000 0.000000
vn -0.000001 -1.000000 -0.000000
vn -0.000000 -1.000000 0.000000
vn -0.000000 -1.000000 -0.000000
vn -0.000000 -1.000000 -0.000000
vn -0.000000 -1.000000 0.000000
vn -0.000000 -1.000000 0.000000
vn -0.000000 -1.000000 0.000000
vn -0.000000 -1.000000 -0.000000
vn -0.000000 -1.000000 -0.000000
vn -0.000000 -1.000000 0.000000
vn -0.000000 -1.000000 0.000000
vn -0.000001 -1.000000 0.000000
vn -0.000000 -1.000000 0.000000
vn -0.000000 -1.000000 0.000000
vn -0.000000 -1.000000 0.000000
vn -0.000000 -1.000000 0.000000
vn -0.000000 -1.000000 0.000000
vn -0.000000 -1.000000 0.000000
vn -0.000000 -1.000000 0.000000
vn -0.000000 -1.000000 0.000000
vn -0.000001 -1.000000 -0.000000
vn -0.000000 -1.000000 0.000000
vn -0.000000 -1.000000 0.000000
vn -0.000000 -1.000000 -0.000000
vn -0.000000 -1.000000 0.000000
vn -0.000000 -1.000000 0.000000
vn -0.000000 -1.000000 -0.000000
vn -0.000000 -1.000000 0.000000
vn -0.000000 -1.000000 -0.000000
vn -0.000000 -1.000000 0.000000
vn -0.000000 -1.000000 -0.000000
vn -0.000000 -1.000000 0.000000
vn -0.000000 -1.000000 0.000000
vn -0.000000 -1.000000 0.000000
vn -0.000000 -1.000000 0.000000
vn -0.000000 -1.000000 0.000000
vn -0.000001 -1.000000 0.000000
vn -0.000001 -1.000000 0.000000
vn -0.000001 -1.000000 -0.000000
vn -0.000000 -1.000000 -0.000000
vn -0.000001 -1.000000 0.000000
vn -0.000001 -1.000000 0.000000
vn -0.000001 -1.000000 0.000000
vn -0.000001 -1.000000 0.000000
vn -0.000000 -1.000000 -0.000000
vn -0.000000 -1.000000 0.000000
vn -0.000001 -1.000000 -0.000000
vn -0.000001 -1.000000 0.000000
vn -0.000000 -1.000000 0.000000
vn -0.000000 -1.000000 0.000000
vn -0.000000 -1.000000 -0.000000
vn -0.000000 -1.000000 -0.000000
vn -0.000000 -1.000000 -0.000000
vn -0.000000 -1.000000 0.000000
vn -0.000000 -1.000000 0.000000
vn -0.000000 -1.000000 -0.000000
vn -0.000000 -1.000000 0.000000
vn -0.758134 0.052678 -0.649968
vn -0.712821 0.323115 -0.622482
vn -0.069386 0.302315 -0.950679
vn -0.094126 0.054981 -0.994041
vn -0.296207 0.901997 -0.314107
vn -0.047143 0.993580 -0.102837
vn 0.035154 0.875461 -0.482008
vn 0.045829 0.872980 -0.485599
vn 0.038664 0.873663 -0.484992
vn 0.030425 0.295987 -0.954707
vn 0.018386 0.044557 -0.998838
vn -0.059093 0.047882 -0.997104
vn -0.036191 0.299158 -0.953517
vn 0.411070 0.861043 -0.299376
vn 0.168155 0.980998 -0.096782
vn 0.514581 0.857439 -0.002327
vn 0.998361 0.040649 -0.040298
vn 0.756956 0.028858 -0.652828
vn 0.728620 0.287417 -0.621694
vn 0.957097 0.287714 -0.034441
vn -0.090347 0.048177 -0.994744
vn -0.058418 0.302791 -0.951265
vn -0.693228 0.325591 -0.642981
vn -0.747070 0.060467 -0.661990
vn 0.042308 0.877806 -0.477145
vn 0.101734 0.993976 -0.040759
vn 0.105703 0.994386 -0.004908
vn -0.271714 0.910762 -0.310942
vn -0.000923 -0.959681 0.281090
vn -0.001256 -0.923938 0.382541
vn -0.095875 -0.925020 0.367623
vn -0.060134 -0.971195 0.230574
vn -0.003275 -0.382832 0.923812
vn -0.003703 -0.013174 0.999906
vn -0.253253 -0.012791 0.967315
vn -0.233660 -0.385464 0.892648
vn -0.079783 -0.995713 0.046810
vn -0.327635 -0.925042 0.192228
vn -0.366456 -0.925049 0.099972
vn -0.224935 -0.972439 0.061364
vn -0.795844 -0.385516 0.466915
vn -0.862379 -0.012867 0.506100
vn -0.964337 -0.012911 0.264363
vn -0.889942 -0.385530 0.243658
vn -0.998189 0.060159 0.000000
vn -0.998169 0.060490 0.000000
vn -0.995918 0.059550 -0.067834
vn -0.995746 0.060717 -0.069313
vn 0.007909 0.999932 -0.008540
vn 0.011135 0.999938 0.000000
vn 0.999127 0.041767 -0.000000
vn 0.998335 0.041017 -0.040564
vn 0.999133 0.041629 -0.000000
vn 0.024507 0.049168 -0.998490
vn 0.763016 0.039118 -0.645195
vn 0.087553 0.996156 -0.002953
vn 0.083903 0.996474 0.000000
vn 0.134526 0.990910 0.000000
vn 0.134599 0.990899 -0.001575
vn 0.092682 0.994942 -0.038738
vn 0.055431 0.997376 -0.046572
vn 0.136797 0.990599 -0.000706
vn 0.134967 0.990849 -0.001554
vn 0.145474 0.989274 0.013210
vn 0.133237 0.988977 0.064597
vn 0.159564 0.984927 0.066777
vn 0.152725 0.987671 0.034372
vn 0.115162 0.991497 0.060587
vn 0.109910 0.991737 0.066163
vn 0.106794 0.990900 0.081925
vn 0.107211 0.991953 0.067347
vn 0.055459 0.995145 0.081311
vn 0.094649 0.992315 0.079698
vn 0.014850 0.999889 -0.001108
vn 0.016793 0.999859 -0.000000
vn -0.100898 0.994897 -0.000000
vn -0.100623 0.994923 -0.001861
vn -0.100819 0.994903 -0.001861
vn -0.103308 0.994649 -0.000627
vn -0.114966 0.993178 0.019516
vn -0.084383 0.992471 0.088777
vn -0.123440 0.991108 0.049682
vn -0.129694 0.987012 0.094802
vn -0.052576 0.995364 0.080542
vn 0.006409 0.997146 0.075230
vn 0.014985 0.997095 0.074685
vn 0.009868 0.999951 0.000661
vn -0.057570 0.053318 -0.996917
vn 0.251545 0.020006 0.967639
vn 0.016546 0.019321 0.999676
vn 0.016396 -0.018014 0.999703
vn 0.256041 -0.020285 0.966453
vn 0.492901 0.020056 0.869854
vn 0.496421 -0.020537 0.867839
vn 0.701599 0.020122 0.712288
vn 0.703903 -0.020783 0.709992
vn 0.862896 0.020177 0.504979
vn 0.864035 -0.020971 0.502995
vn 0.964895 0.020254 0.261853
vn 0.965195 -0.021129 0.260676
vn 0.999601 0.020996 0.018921
vn 0.999589 -0.021606 0.018856
vn 0.999770 0.021428 -0.000143
vn 0.999759 -0.021963 -0.000112
vn 0.001867 0.016164 0.999868
vn 0.000277 -0.014664 0.999893
vn 0.001134 -0.017183 0.999852
vn 0.002966 0.021955 0.999755
vn 0.002275 0.017295 0.999848
vn 0.002963 0.014140 0.999896
vn 0.002147 -0.013941 0.999901
vn 0.000626 -0.014447 0.999896
vn 0.999770 0.021457 -0.000000
vn 0.999769 0.021498 -0.000145
vn 0.999758 -0.022013 -0.000113
vn 0.999758 -0.022020 0.000000
vn -0.003498 0.013366 0.999905
vn -0.251655 0.012904 0.967731
vn -0.492395 0.012993 0.870275
vn -0.493824 -0.012805 0.869468
vn -0.700628 0.013108 0.713407
vn -0.701670 -0.012839 0.712386
vn -0.861805 0.013198 0.507068
vn -0.964155 0.013285 0.265007
vn -0.999644 0.013680 0.022911
vn -0.999652 -0.013182 0.022867
vn -0.999896 0.013884 0.003879
vn -0.999903 -0.013403 0.003910
vn 0.003919 0.013292 0.999904
vn 0.003673 -0.013441 0.999903
vn -0.999895 0.013937 0.003879
vn -0.999904 0.013880 0.000000
vn -0.999910 -0.013423 0.000000
vn -0.999902 -0.013433 0.003910
vn 0.274286 -0.961648 0.000000
vn 0.274151 -0.961687 -0.000031
vn 0.273849 -0.961773 -0.000031
vn 0.263871 -0.964546 0.004767
vn -0.018041 -0.999670 0.018310
vn -0.045894 -0.995675 0.080772
vn 0.080265 -0.995680 0.046675
vn 0.227888 -0.971762 0.061200
vn 0.046259 -0.995663 0.080712
vn 0.018111 -0.999670 0.018243
vn 0.061036 -0.971149 0.230530
vn 0.004917 -0.960555 0.278048
vn 0.000579 -0.956278 0.292458
vn -0.000095 -0.953206 0.302321
vn 0.000022 -0.953205 0.302324
vn 0.000647 -0.953261 0.302147
vn 0.001065 -0.956901 0.290411
vn -0.253365 -0.967354 0.005596
vn -0.259051 -0.965863 0.001013
vn -0.247168 -0.968972 0.000966
vn -0.245098 -0.969498 0.000000
vn -0.944493 0.328532 0.000000
vn -0.942091 0.328282 -0.068524
vn -0.415538 0.909576 0.000000
vn -0.414585 0.909476 -0.031198
vn 0.957216 0.289374 -0.000000
vn 0.956788 0.288264 -0.038227
vn 0.507946 0.861389 -0.000000
vn 0.508027 0.860918 -0.026999
vn -0.417500 0.908677 -0.000000
vn -0.417565 0.908647 -0.000399
vn -0.923900 0.382635 0.000000
vn -0.923913 0.382593 0.002766
vn 0.514276 0.857625 0.000000
vn 0.957361 0.288896 -0.000000
vn -0.393761 0.919213 -0.000000
vn -0.391781 0.919128 -0.041360
vn -0.943525 0.331303 0.000000
vn -0.941248 0.331194 -0.066051
vn 0.050796 0.874860 -0.481704
vn -0.032618 0.299819 -0.953438
vn 0.736534 0.288366 -0.611852
vn 0.392678 0.865489 -0.311018
vn 0.066881 0.873799 -0.481665
vn 0.034356 0.296825 -0.954314
vn 0.171357 0.937788 0.301978
vn 0.237711 0.935877 0.260053
vn 0.258825 0.449751 0.854830
vn 0.465320 0.458331 0.757238
vn 0.046330 0.372855 0.926732
vn 0.103032 0.915973 0.387785
vn 0.290138 0.934779 0.204957
vn 0.638757 0.466348 0.611971
vn 0.327718 0.934235 0.140732
vn 0.769482 0.472935 0.429220
vn 0.350161 0.934025 0.070607
vn 0.850578 0.477359 0.220558
vn 0.358169 0.933650 0.003600
vn 0.878634 0.477255 0.015148
vn 0.358214 0.933639 -0.001439
vn 0.878873 0.477056 -0.000807
vn 0.357903 0.933757 -0.001459
vn 0.878841 0.477114 -0.000818
vn 0.094301 0.874767 0.475279
vn 0.095849 0.904499 0.415566
vn 0.032707 0.299939 0.953397
vn 0.033593 0.346290 0.937526
vn 0.049859 0.874774 0.481960
vn 0.084205 0.873787 0.478963
vn 0.018881 0.296546 0.954832
vn 0.028966 0.297674 0.954228
vn 0.878834 0.477129 -0.000000
vn 0.357831 0.933786 0.000000
vn -0.130183 0.913209 0.386138
vn 0.005156 0.896870 0.442264
vn -0.243103 0.366314 0.898173
vn 0.000602 0.328716 0.944429
vn 0.015495 0.893213 0.449366
vn 0.009177 0.322871 0.946398
vn -0.465526 0.371958 0.803077
vn -0.226117 0.912259 0.341549
vn -0.655174 0.377066 0.654651
vn -0.305868 0.911290 0.275673
vn -0.800283 0.381054 0.462974
vn -0.365841 0.910425 0.193099
vn -0.891595 0.383631 0.240597
vn -0.403102 0.909817 0.098703
vn -0.923682 0.382642 0.019935
vn -0.417577 0.908618 0.006544
vn -0.923980 0.382431 0.002764
vn -0.417847 0.908518 -0.000401
vn -0.923879 -0.382686 0.000000
vn -0.923872 -0.382685 0.003612
vn -0.382682 -0.923880 -0.000000
vn -0.382681 -0.923879 0.001496
vn 0.016794 -0.382996 0.923598
vn 0.236976 -0.385462 0.891775
vn 0.006747 -0.924005 0.382321
vn 0.097239 -0.925020 0.367264
vn 0.458848 -0.385476 0.800542
vn 0.188912 -0.925026 0.329604
vn 0.650096 -0.385498 0.654802
vn 0.267642 -0.925035 0.269590
vn 0.797649 -0.385520 0.463821
vn 0.328380 -0.925042 0.190956
vn 0.890899 -0.385535 0.240129
vn 0.366850 -0.925049 0.098519
vn 0.923569 -0.383044 0.017241
vn 0.382285 -0.924019 0.006907
vn 0.923877 -0.382691 -0.000103
vn 0.382684 -0.923879 -0.000043
vn 0.923881 -0.382681 -0.000104
vn 0.382682 -0.923880 -0.000043
vn -0.000288 -0.382685 0.923879
vn 0.001826 -0.382702 0.923870
vn -0.000120 -0.923879 0.382684
vn 0.000757 -0.923887 0.382664
vn 0.001979 -0.382684 0.923877
vn 0.000068 -0.382685 0.923879
vn 0.000820 -0.923879 0.382684
vn 0.000028 -0.923879 0.382684
vn 0.382684 -0.923879 0.000000
vn 0.923879 -0.382684 0.000000
vn 0.003391 -0.382684 0.923873
vn 0.001404 -0.923879 0.382683
vn -0.187679 -0.925026 0.330309
vn -0.455850 -0.385480 0.802251
vn -0.266616 -0.925034 0.270608
vn -0.647601 -0.385499 0.657270
vn -0.382257 -0.924017 0.008443
vn -0.923499 -0.383028 0.020952
vn -0.382685 -0.923878 0.001496
vn -0.923874 -0.382681 0.003612
vn 1.000000 0.000000 -0.000000
vn 1.000000 0.000000 -0.000000
vn 1.000000 0.000000 -0.000000
vn 1.000000 0.000000 -0.000000
vn -1.000000 0.000000 0.000000
vn -1.000000 0.000000 0.000000
vn -1.000000 0.000000 0.000000
vn -1.000000 0.000000 0.000000
vn 1.000000 0.000000 0.000001
vn 1.000000 0.000000 0.000001
vn 1.000000 0.000000 0.000001
vn 1.000000 0.000000 0.000001
vn 1.000000 0.000000 0.000000
vn 1.000000 0.000000 0.000000
vn 1.000000 0.000000 0.000000
vn 1.000000 0.000000 0.000000
vn 0.006941 0.000000 0.999976
vn 0.006941 0.000000 0.999976
vn 0.006941 0.000000 0.999976
vn 0.006941 0.000000 0.999976
vn 0.001874 0.000000 0.999998
vn 0.001874 0.000000 0.999998
vn 0.001874 0.000000 0.999998
vn 0.001874 0.000000 0.999998
vn -0.000556 0.000000 1.000000
vn -0.000556 0.000000 1.000000
vn -0.000556 0.000000 1.000000
vn -0.000556 0.000000 1.000000
vn 0.001862 0.000000 0.999998
vn 0.001862 0.000000 0.999998
vn 0.001862 0.000000 0.999998
vn 0.001862 0.000000 0.999998
vn 0.001872 0.000000 0.999998
vn 0.001872 0.000000 0.999998
vn 0.001872 0.000000 0.999998
vn 0.001872 0.000000 0.999998
vn 0.001869 0.000000 0.999998
vn 0.001869 0.000000 0.999998
vn 0.001869 0.000000 0.999998
vn 0.001869 0.000000 0.999998
vn -1.000000 0.000000 0.000000
vn -1.000000 0.000000 0.000000
vn -1.000000 0.000000 0.000000
vn -1.000000 0.000000 0.000000
vn -1.000000 0.000000 0.000000
vn -1.000000 0.000000 0.000000
vn -1.000000 0.000000 0.000000
vn -1.000000 0.000000 0.000000
vn 0.082148 0.996619 -0.001183
vn 0.058940 0.998223 -0.008725
vn 0.083671 0.996490 -0.002496
vn 0.072898 0.993465 0.087824
vn 0.055497 0.994247 0.091616
vn 0.129549 0.991519 -0.010392
vn 0.109849 0.993948 0.000939
vn 0.100548 0.994931 0.001718
vn 0.100670 0.994918 0.001718
vn 0.109655 0.993969 0.001359
vn 0.094926 0.995481 0.002741
vn 0.056203 0.998416 0.002743
vn 0.055486 0.998455 0.003151
vn 0.095138 0.995462 0.001910
vn 0.100078 0.994978 0.001754
vn 0.100167 0.994969 0.001742
vn 0.110819 0.993839 0.001693
vn 0.100905 0.994895 0.001718
vn 0.100905 0.994895 0.001718
vn 0.095090 0.995468 0.001434
vn 0.097480 0.995236 0.001651
vn 0.097449 0.995239 0.001651
vn 0.094520 0.995522 0.001584
vn 0.097122 0.995271 0.001652
vn 0.094370 0.995536 0.001598
vn 0.097210 0.995263 0.001652
vn 0.093987 0.995572 0.001620
vn 0.096651 0.995317 0.001686
vn 0.096651 0.995317 0.001686
vn 0.095915 0.995389 0.001413
vn 0.099491 0.995037 0.001661
vn 0.109692 0.993964 0.002083
vn 0.094943 0.995479 0.002742
vn 0.055417 0.998460 0.002746
vn 0.110719 0.993849 0.002177
vn 0.107692 0.994182 0.002307
vn 0.108098 0.994139 0.001655
vn 0.107815 0.994168 0.002278
vn 0.099602 0.995024 0.002653
vn 0.107115 0.994243 0.002728
vn 0.107070 0.994250 0.001555
vn 0.096918 0.995291 0.001652
vn 0.003090 0.999992 -0.002436
vn 0.004486 0.999989 -0.001180
vn -0.030434 0.999534 0.002226
vn -0.030374 0.999536 0.002226
vn -0.030139 0.999543 0.002230
vn 0.002215 0.999996 0.001575
vn -0.030184 0.999542 0.002229
vn -0.030549 0.999531 0.002227
vn -0.030549 0.999531 0.002227
vn -0.034055 0.999417 0.002260
vn -0.034145 0.999415 0.002162
vn -0.032615 0.999466 0.002186
vn -0.032631 0.999465 0.002186
vn -0.032456 0.999471 0.002185
vn -0.032499 0.999469 0.002186
vn -0.034105 0.999416 0.002153
vn -0.032222 0.999478 0.002188
vn -0.032222 0.999478 0.002188
vn -0.033917 0.999422 0.002154
vn -0.033632 0.999432 0.002291
vn -0.031493 0.999502 0.002228
vn 0.006247 0.999977 0.002628
vn 0.012311 0.999924 -0.000852
vn 0.014617 0.999890 0.002491
vn 0.008380 0.999962 0.002449
vn 0.014627 0.999889 0.002665
vn 0.053848 0.998545 0.002754
vn -0.032356 0.999474 0.002185
vn 0.108438 0.994099 0.002740
vn 0.090386 0.995904 0.002191
vn 0.081327 0.992975 0.085944
vn -0.000000 -1.000000 0.000000
vn -0.000000 -1.000000 0.000000
vn -0.000000 -1.000000 0.000000
vn -0.000000 -1.000000 0.000000
vn -0.000000 -1.000000 0.000000
vn -0.000000 -1.000000 0.000000
vn -0.000000 -1.000000 -0.000000
vn -0.000000 -1.000000 0.000000
vn -0.000000 -1.000000 0.000000
vn -0.000000 -1.000000 0.000000
vn -0.000001 -1.000000 0.000000
vn -0.000000 -1.000000 0.000000
vn -0.000000 -1.000000 0.000000
vn -0.000000 -1.000000 0.000000
vn -0.000000 -1.000000 0.000000
vn -0.000000 -1.000000 0.000000
vn -0.000000 -1.000000 0.000000
vn -0.000000 -1.000000 0.000000
vn -0.000000 -1.000000 0.000000
vn -0.000001 -1.000000 0.000000
vn -0.000000 -1.000000 -0.000000
vn -0.000000 -1.000000 0.000000
vn -0.000000 -1.000000 0.000000
vn -0.000000 -1.000000 0.000000
vn -0.000000 -1.000000 0.000000
vn -0.000000 -1.000000 0.000000
vn -0.000000 -1.000000 0.000000
vn -0.000000 -1.000000 0.000000
vn -0.000001 -1.000000 -0.000000
vn -0.000000 -1.000000 -0.000000
vn -0.000000 -1.000000 0.000000
vn -0.000000 -1.000000 0.000000
vn -0.000000 -1.000000 -0.000000
vn -0.000000 -1.000000 -0.000000
vn -0.000000 -1.000000 0.000000
vn -0.000000 -1.000000 0.000000
vn -0.000000 -1.000000 0.000000
vn -0.000000 -1.000000 0.000000
vn -0.000000 -1.000000 0.000000
vn -0.000000 -1.000000 0.000000
vn -0.000000 -1.000000 0.000000
vn -0.000000 -1.000000 0.000000
vn -0.000000 -1.000000 -0.000000
vn -0.000000 -1.000000 -0.000000
vn -0.000001 -1.000000 -0.000000
vn -0.000000 -1.000000 0.000000
vn -0.000001 -1.000000 0.000000
vn -0.000001 -1.000000 -0.000000
vn -0.000001 -1.000000 -0.000000
vn -0.000001 -1.000000 -0.000000
vn -0.000000 -1.000000 -0.000000
vn -0.000001 -1.000000 0.000000
vn -0.000001 -1.000000 -0.000000
vn -0.000000 -1.000000 -0.000000
vn -0.000000 -1.000000 0.000000
vn -0.000000 -1.000000 0.000000
vn -0.000000 -1.000000 0.000000
vn -0.000000 -1.000000 0.000000
vn -0.000000 -1.000000 0.000000
vn -0.000000 -1.000000 0.000000
vn -0.000000 -1.000000 -0.000000
vn -0.758134 0.052678 0.649968
vn -0.094126 0.054981 0.994041
vn -0.069385 0.302317 0.950679
vn -0.712820 0.323115 0.622482
vn -0.296207 0.901997 0.314108
vn 0.035154 0.875461 0.482009
vn -0.047143 0.993580 0.102837
vn 0.038664 0.873664 0.484992
vn 0.045829 0.872980 0.485598
vn 0.030425 0.295987 0.954707
vn -0.036191 0.299160 0.953517
vn -0.059092 0.047882 0.997104
vn 0.018386 0.044557 0.998838
vn 0.411069 0.861044 0.299376
vn 0.514582 0.857438 0.002327
vn 0.168155 0.980998 0.096782
vn 0.998361 0.040649 0.040298
vn 0.957097 0.287714 0.034440
vn 0.728621 0.287414 0.621695
vn 0.756956 0.028858 0.652828
vn -0.090347 0.048178 0.994744
vn -0.747070 0.060467 0.661990
vn -0.693228 0.325591 0.642982
vn -0.058418 0.302792 0.951265
vn 0.042307 0.877805 0.477147
vn -0.271715 0.910761 0.310942
vn 0.105703 0.994386 0.004908
vn 0.101734 0.993976 0.040759
vn -0.000923 -0.959681 -0.281090
vn -0.060133 -0.971195 -0.230575
vn -0.095874 -0.925020 -0.367621
vn -0.001256 -0.923939 -0.382537
vn -0.003275 -0.382836 -0.923811
vn -0.233659 -0.385467 -0.892647
vn -0.253254 -0.012791 -0.967315
vn -0.003703 -0.013174 -0.999906
vn -0.079783 -0.995713 -0.046810
vn -0.224936 -0.972439 -0.061364
vn -0.366458 -0.925048 -0.099972
vn -0.327635 -0.925043 -0.192228
vn -0.795842 -0.385524 -0.466911
vn -0.889940 -0.385536 -0.243657
vn -0.964337 -0.012911 -0.264363
vn -0.862379 -0.012868 -0.506100
vn -0.995746 0.060716 0.069313
vn -0.995918 0.059550 0.067834
vn 0.007909 0.999932 0.008540
vn 0.998335 0.041017 0.040564
vn 0.024507 0.049169 0.998490
vn 0.763015 0.039119 0.645196
vn 0.087553 0.996156 0.002953
vn 0.134599 0.990899 0.001575
vn 0.055431 0.997376 0.046572
vn 0.092682 0.994942 0.038738
vn 0.134967 0.990849 0.001554
vn 0.136796 0.990599 0.000706
vn 0.145474 0.989274 -0.013210
vn 0.133237 0.988977 -0.064597
vn 0.152725 0.987671 -0.034372
vn 0.159564 0.984926 -0.066778
vn 0.115162 0.991497 -0.060587
vn 0.109910 0.991737 -0.066162
vn 0.107211 0.991953 -0.067347
vn 0.106794 0.990900 -0.081925
vn 0.055459 0.995145 -0.081311
vn 0.094649 0.992315 -0.079698
vn 0.014850 0.999889 0.001108
vn -0.100623 0.994923 0.001861
vn -0.103308 0.994649 0.000627
vn -0.100819 0.994903 0.001861
vn -0.114966 0.993178 -0.019516
vn -0.084383 0.992471 -0.088777
vn -0.129695 0.987012 -0.094802
vn -0.123441 0.991108 -0.049682
vn -0.052576 0.995364 -0.080541
vn 0.006409 0.997146 -0.075230
vn 0.014985 0.997095 -0.074685
vn 0.009868 0.999951 -0.000662
vn -0.057570 0.053318 0.996917
vn 0.251543 0.020006 -0.967640
vn 0.256038 -0.020285 -0.966454
vn 0.016396 -0.018014 -0.999703
vn 0.016547 0.019321 -0.999676
vn 0.492900 0.020056 -0.869855
vn 0.496419 -0.020537 -0.867840
vn 0.701600 0.020123 -0.712287
vn 0.703905 -0.020783 -0.709991
vn 0.862896 0.020177 -0.504978
vn 0.864036 -0.020971 -0.502994
vn 0.964895 0.020253 -0.261854
vn 0.965195 -0.021129 -0.260677
vn 0.999601 0.020995 -0.018921
vn 0.999589 -0.021605 -0.018856
vn 0.999770 0.021428 0.000143
vn 0.999759 -0.021963 0.000112
vn 0.001867 0.016164 -0.999868
vn 0.002967 0.021955 -0.999755
vn 0.001135 -0.017183 -0.999852
vn 0.000277 -0.014664 -0.999893
vn 0.002275 0.017295 -0.999848
vn 0.000626 -0.014447 -0.999896
vn 0.002147 -0.013941 -0.999901
vn 0.002962 0.014140 -0.999896
vn 0.999758 -0.022013 0.000113
vn 0.999769 0.021497 0.000145
vn -0.003498 0.013366 -0.999905
vn -0.251656 0.012903 -0.967731
vn -0.493822 -0.012805 -0.869469
vn -0.492392 0.012993 -0.870276
vn -0.701670 -0.012839 -0.712386
vn -0.700628 0.013108 -0.713407
vn -0.861805 0.013198 -0.507068
vn -0.964155 0.013285 -0.265007
vn -0.999652 -0.013182 -0.022867
vn -0.999644 0.013680 -0.022911
vn -0.999903 -0.013403 -0.003910
vn -0.999896 0.013884 -0.003879
vn 0.003673 -0.013441 -0.999903
vn 0.003919 0.013292 -0.999904
vn -0.999895 0.013937 -0.003879
vn -0.999902 -0.013433 -0.003910
vn 0.274151 -0.961687 0.000031
vn 0.273850 -0.961772 0.000031
vn 0.263872 -0.964546 -0.004767
vn -0.018041 -0.999670 -0.018310
vn -0.045894 -0.995675 -0.080772
vn 0.080264 -0.995680 -0.046675
vn 0.227889 -0.971762 -0.061200
vn 0.046259 -0.995663 -0.080712
vn 0.018111 -0.999670 -0.018243
vn 0.004917 -0.960555 -0.278047
vn 0.061036 -0.971150 -0.230528
vn 0.000579 -0.956279 -0.292456
vn -0.000095 -0.953206 -0.302321
vn 0.000022 -0.953205 -0.302324
vn 0.000647 -0.953261 -0.302146
vn 0.001065 -0.956902 -0.290411
vn -0.253365 -0.967355 -0.005596
vn -0.259050 -0.965863 -0.001013
vn -0.247168 -0.968972 -0.000966
vn -0.942091 0.328282 0.068524
vn -0.414585 0.909476 0.031198
vn 0.956788 0.288263 0.038227
vn 0.508027 0.860918 0.026999
vn -0.417566 0.908647 0.000399
vn -0.923912 0.382596 -0.002766
vn -0.391781 0.919128 0.041360
vn -0.941248 0.331194 0.066051
vn 0.050796 0.874859 0.481706
vn -0.032618 0.299820 0.953438
vn 0.736534 0.288367 0.611852
vn 0.392679 0.865489 0.311018
vn 0.066881 0.873798 0.481667
vn 0.034356 0.296829 0.954313
vn 0.237711 0.935877 -0.260055
vn 0.171358 0.937788 -0.301979
vn 0.258825 0.449752 -0.854829
vn 0.465317 0.458345 -0.757232
vn 0.046331 0.372847 -0.926736
vn 0.103032 0.915974 -0.387784
vn 0.290139 0.934779 -0.204958
vn 0.638755 0.466359 -0.611966
vn 0.327719 0.934235 -0.140732
vn 0.769483 0.472933 -0.429222
vn 0.350161 0.934025 -0.070607
vn 0.850583 0.477349 -0.220562
vn 0.358167 0.933651 -0.003599
vn 0.878639 0.477246 -0.015148
vn 0.358211 0.933640 0.001439
vn 0.878877 0.477048 0.000807
vn 0.357903 0.933758 0.001459
vn 0.878842 0.477112 0.000818
vn 0.095849 0.904500 -0.415564
vn 0.094301 0.874766 -0.475280
vn 0.032707 0.299943 -0.953396
vn 0.033593 0.346285 -0.937528
vn 0.084206 0.873786 -0.478965
vn 0.049859 0.874772 -0.481962
vn 0.018881 0.296549 -0.954831
vn 0.028966 0.297678 -0.954227
vn 0.005156 0.896871 -0.442262
vn -0.130182 0.913210 -0.386135
vn -0.243105 0.366309 -0.898175
vn 0.000602 0.328719 -0.944428
vn 0.015495 0.893214 -0.449365
vn 0.009177 0.322875 -0.946397
vn -0.465526 0.371959 -0.803077
vn -0.226118 0.912259 -0.341548
vn -0.655173 0.377069 -0.654651
vn -0.305867 0.911291 -0.275672
vn -0.800283 0.381056 -0.462973
vn -0.365841 0.910425 -0.193099
vn -0.891594 0.383634 -0.240594
vn -0.403105 0.909816 -0.098704
vn -0.923685 0.382634 -0.019935
vn -0.417578 0.908618 -0.006544
vn -0.923983 0.382425 -0.002764
vn -0.417847 0.908517 0.000401
vn -0.923874 -0.382681 -0.003612
vn -0.382681 -0.923879 -0.001496
vn 0.236975 -0.385458 -0.891777
vn 0.016794 -0.382998 -0.923597
vn 0.006746 -0.924006 -0.382319
vn 0.097239 -0.925020 -0.367263
vn 0.458847 -0.385482 -0.800539
vn 0.188912 -0.925026 -0.329605
vn 0.650096 -0.385503 -0.654800
vn 0.267642 -0.925035 -0.269591
vn 0.797649 -0.385519 -0.463822
vn 0.328378 -0.925043 -0.190955
vn 0.890900 -0.385533 -0.240129
vn 0.366849 -0.925049 -0.098518
vn 0.923572 -0.383038 -0.017240
vn 0.382287 -0.924018 -0.006907
vn 0.923878 -0.382687 0.000103
vn 0.382685 -0.923879 0.000043
vn 0.923880 -0.382681 0.000104
vn 0.382683 -0.923880 0.000043
vn 0.001826 -0.382706 -0.923868
vn -0.000288 -0.382689 -0.923877
vn -0.000120 -0.923879 -0.382684
vn 0.000757 -0.923888 -0.382663
vn 0.000068 -0.382689 -0.923877
vn 0.001979 -0.382685 -0.923877
vn 0.000820 -0.923879 -0.382684
vn 0.000028 -0.923879 -0.382684
vn 0.003391 -0.382687 -0.923872
vn 0.001404 -0.923880 -0.382680
vn -0.187679 -0.925026 -0.330309
vn -0.455848 -0.385482 -0.802251
vn -0.266616 -0.925034 -0.270607
vn -0.647600 -0.385503 -0.657269
vn -0.382253 -0.924019 -0.008443
vn -0.923499 -0.383029 -0.020952
vn -0.382681 -0.923879 -0.001496
vn -0.923873 -0.382681 -0.003612
vn 1.000000 0.000000 0.000000
vn 1.000000 0.000000 0.000000
vn 1.000000 0.000000 0.000000
vn 1.000000 0.000000 0.000000
vn -1.000000 0.000000 0.000000
vn -1.000000 0.000000 0.000000
vn -1.000000 0.000000 0.000000
vn -1.000000 0.000000 0.000000
vn 1.000000 0.000000 -0.000001
vn 1.000000 0.000000 -0.000001
vn 1.000000 0.000000 -0.000001
vn 1.000000 0.000000 -0.000001
vn 1.000000 0.000000 0.000000
vn 1.000000 0.000000 0.000000
vn 1.000000 0.000000 0.000000
vn 1.000000 0.000000 0.000000
vn 0.006940 0.000000 -0.999976
vn 0.006940 0.000000 -0.999976
vn 0.006940 0.000000 -0.999976
vn 0.006940 0.000000 -0.999976
vn 0.001874 0.000000 -0.999998
vn 0.001874 0.000000 -0.999998
vn 0.001874 0.000000 -0.999998
vn 0.001874 0.000000 -0.999998
vn -0.000556 0.000000 -1.000000
vn -0.000556 0.000000 -1.000000
vn -0.000556 0.000000 -1.000000
vn -0.000556 0.000000 -1.000000
vn 0.001863 0.000000 -0.999998
vn 0.001863 0.000000 -0.999998
vn 0.001863 0.000000 -0.999998
vn 0.001863 0.000000 -0.999998
vn 0.001872 0.000000 -0.999998
vn 0.001872 0.000000 -0.999998
vn 0.001872 0.000000 -0.999998
vn 0.001872 0.000000 -0.999998
vn 0.001869 0.000000 -0.999998
vn 0.001869 0.000000 -0.999998
vn 0.001869 0.000000 -0.999998
vn 0.001869 0.000000 -0.999998
vn -1.000000 0.000000 0.000000
vn -1.000000 0.000000 0.000000
vn -1.000000 0.000000 0.000000
vn -1.000000 0.000000 0.000000
vn -1.000000 0.000000 0.000000
vn -1.000000 0.000000 0.000000
vn -1.000000 0.000000 0.000000
vn -1.000000 0.000000 0.000000
vn 0.695791 0.178189 0.695790
vn 0.695791 0.178189 0.695790
vn 0.707096 0.005807 0.707093
vn 0.707096 0.005807 0.707093
vn 0.254676 0.178189 0.950468
vn 0.254676 0.178189 0.950468
vn 0.258815 0.005807 0.965910
vn 0.258815 0.005807 0.965910
vn -0.254676 0.178189 0.950468
vn -0.254676 0.178189 0.950468
vn -0.258815 0.005807 0.965910
vn -0.258815 0.005807 0.965910
vn -0.695791 0.178189 0.695789
vn -0.695791 0.178189 0.695789
vn -0.707096 0.005807 0.707093
vn -0.707096 0.005807 0.707093
vn -0.950467 0.178189 0.254677
vn -0.950467 0.178189 0.254677
vn -0.965909 0.005807 0.258815
vn -0.965909 0.005807 0.258815
vn -0.950468 0.178190 -0.254676
vn -0.950468 0.178191 -0.254676
vn -0.965910 0.005807 -0.258813
vn -0.965910 0.005807 -0.258813
vn -0.695791 0.178190 -0.695790
vn -0.695791 0.178190 -0.695790
vn -0.707095 0.005807 -0.707094
vn -0.707095 0.005807 -0.707094
vn -0.254672 0.178189 -0.950469
vn -0.254672 0.178189 -0.950469
vn -0.258811 0.005807 -0.965911
vn -0.258811 0.005807 -0.965911
vn 0.254672 0.178190 -0.950469
vn 0.254672 0.178190 -0.950469
vn 0.258811 0.005807 -0.965911
vn 0.258811 0.005807 -0.965911
vn 0.695791 0.178189 -0.695789
vn 0.695791 0.178189 -0.695789
vn 0.707095 0.005807 -0.707094
vn 0.707095 0.005807 -0.707094
vn 0.950468 0.178190 -0.254676
vn 0.950468 0.178190 -0.254676
vn 0.965910 0.005807 -0.258813
vn 0.965910 0.005807 -0.258813
vn 0.950468 0.178189 0.254677
vn 0.950468 0.178189 0.254677
vn 0.965909 0.005807 0.258815
vn 0.965909 0.005807 0.258815
vn 0.000000 1.000000 0.000000
vn 0.000000 1.000000 0.000009
vn 0.000000 1.000000 -0.000000
vn 0.000000 1.000000 0.000000
vn 0.000000 1.000000 -0.000009
vn 0.000000 1.000000 -0.000009
vn 0.000000 1.000000 -0.000009
vn 0.000000 1.000000 -0.000009
vn 0.000000 1.000000 0.000000
vn 0.000000 1.000000 0.000000
vn 0.000000 1.000000 0.000009
vn 0.000000 1.000000 0.000009
vn 0.000000 1.000000 0.000009
vn 0.000000 -1.000000 0.000000
vn 0.000000 -1.000000 0.000000
vn 0.000000 -1.000000 0.000000
vn 0.000000 -1.000000 0.000000
vn 0.000000 -1.000000 0.000000
vn 0.000000 -1.000000 0.000000
vn 0.000000 -1.000000 0.000000
vn 0.000000 -1.000000 0.000000
vn 0.000000 -1.000000 0.000000
vn 0.000000 -1.000000 0.000000
vn 0.000000 -1.000000 0.000000
vn 0.000000 -1.000000 0.000000
vn 0.000000 -1.000000 0.000000
vn 0.965926 0.000000 0.258819
vn 0.965926 0.000000 0.258819
vn 0.965926 0.000000 -0.258818
vn 0.965926 0.000000 -0.258818
vn 0.707107 0.000000 -0.707106
vn 0.707107 0.000000 -0.707106
vn 0.258815 0.000000 -0.965927
vn 0.258815 0.000000 -0.965927
vn -0.258815 0.000000 -0.965927
vn -0.258815 0.000000 -0.965927
vn -0.707107 0.000000 -0.707106
vn -0.707107 0.000000 -0.707106
vn -0.965926 0.000000 -0.258818
vn -0.965926 0.000000 -0.258818
vn -0.965926 0.000000 0.258819
vn -0.965926 0.000000 0.258819
vn -0.707108 0.000000 0.707105
vn -0.707108 0.000000 0.707105
vn -0.258819 0.000000 0.965926
vn -0.258819 0.000000 0.965926
vn 0.258819 0.000000 0.965926
vn 0.258819 0.000000 0.965926
vn 0.707108 0.000000 0.707105
vn 0.707108 0.000000 0.707105
vn 0.707105 0.000000 0.707108
vn 0.707105 0.000000 0.707108
vn 0.707105 0.000000 0.707108
vn 0.707105 0.000000 0.707108
vn 0.258822 0.000000 0.965925
vn 0.258822 0.000000 0.965925
vn 0.258822 0.000000 0.965925
vn 0.258822 0.000000 0.965925
vn -0.258822 0.000000 0.965925
vn -0.258822 0.000000 0.965925
vn -0.258822 0.000000 0.965925
vn -0.258822 0.000000 0.965925
vn -0.707105 0.000000 0.707108
vn -0.707105 0.000000 0.707108
vn -0.707105 0.000000 0.707108
vn -0.707105 0.000000 0.707108
vn -0.965926 0.000000 0.258819
vn -0.965926 0.000000 0.258819
vn -0.965926 0.000000 0.258819
vn -0.965926 0.000000 0.258819
vn -0.965927 0.000000 -0.258816
vn -0.965927 0.000000 -0.258816
vn -0.965927 0.000000 -0.258816
vn -0.965927 0.000000 -0.258816
vn -0.707105 0.000000 -0.707108
vn -0.707105 0.000000 -0.707108
vn -0.707105 0.000000 -0.707108
vn -0.707105 0.000000 -0.707108
vn -0.258812 0.000000 -0.965928
vn -0.258812 0.000000 -0.965928
vn -0.258812 0.000000 -0.965928
vn -0.258812 0.000000 -0.965928
vn 0.258812 0.000000 -0.965928
vn 0.258812 0.000000 -0.965928
vn 0.258812 0.000000 -0.965928
vn 0.258812 0.000000 -0.965928
vn 0.707105 0.000000 -0.707108
vn 0.707105 0.000000 -0.707108
vn 0.707105 0.000000 -0.707108
vn 0.707105 0.000000 -0.707108
vn 0.965927 0.000000 -0.258816
vn 0.965927 0.000000 -0.258816
vn 0.965927 0.000000 -0.258816
vn 0.965927 0.000000 -0.258816
vn 0.965926 0.000000 0.258819
vn 0.965926 0.000000 0.258819
vn 0.965926 0.000000 0.258819
vn 0.965926 0.000000 0.258819
vn 0.707108 -0.707105 0.000000
vn 0.707108 -0.707105 0.000000
vn 0.706986 -0.706983 -0.018585
vn 0.706986 -0.706983 -0.018585
vn 0.258818 -0.965926 0.000000
vn 0.258818 -0.965926 0.000000
vn 0.258774 -0.965759 -0.018585
vn 0.258774 -0.965759 -0.018585
vn -0.258819 -0.965926 0.000000
vn -0.258819 -0.965926 0.000000
vn -0.258774 -0.965759 -0.018585
vn -0.258774 -0.965759 -0.018585
vn -0.707107 -0.707107 0.000000
vn -0.707107 -0.707107 0.000000
vn -0.706985 -0.706985 -0.018585
vn -0.706985 -0.706985 -0.018585
vn -0.965926 -0.258818 0.000000
vn -0.965926 -0.258818 0.000000
vn -0.965759 -0.258774 -0.018585
vn -0.965759 -0.258774 -0.018585
vn -0.965926 0.258818 0.000000
vn -0.965926 0.258818 0.000000
vn -0.965759 0.258774 -0.018585
vn -0.965759 0.258774 -0.018585
vn -0.707107 0.707107 0.000000
vn -0.707107 0.707107 0.000000
vn -0.706985 0.706985 -0.018585
vn -0.706985 0.706985 -0.018585
vn -0.258819 0.965926 0.000000
vn -0.258819 0.965926 0.000000
vn -0.258774 0.965759 -0.018585
vn -0.258774 0.965759 -0.018585
vn 0.258818 0.965926 0.000000
vn 0.258818 0.965926 0.000000
vn 0.258774 0.965759 -0.018585
vn 0.258774 0.965759 -0.018585
vn 0.707108 0.707105 0.000000
vn 0.707108 0.707105 0.000000
vn 0.706986 0.706983 -0.018585
vn 0.706986 0.706983 -0.018585
vn 0.965925 0.258821 0.000000
vn 0.965925 0.258821 0.000000
vn 0.965759 0.258776 -0.018585
vn 0.965759 0.258776 -0.018585
vn 0.965925 -0.258821 0.000000
vn 0.965925 -0.258821 0.000000
vn 0.965759 -0.258776 -0.018585
vn 0.965759 -0.258776 -0.018585
vn 0.000002 0.000000 1.000000
vn 0.000002 0.000000 1.000000
vn 0.000000 0.000000 1.000000
vn 0.000002 0.000000 1.000000
vn 0.000001 0.000000 1.000000
vn -0.000001 0.000000 1.000000
vn 0.000000 0.000000 1.000000
vn 0.000000 0.000000 1.000000
vn 0.000000 0.000000 1.000000
vn 0.000000 0.000000 1.000000
vn -0.000001 0.000000 1.000000
vn -0.000001 0.000000 1.000000
vn 0.000000 0.000000 1.000000
vn 0.000000 0.000000 -1.000000
vn 0.000003 0.000000 -1.000000
vn 0.000001 0.000000 -1.000000
vn 0.000003 0.000000 -1.000000
vn 0.000000 0.000000 -1.000000
vn 0.000000 0.000000 -1.000000
vn 0.000000 0.000000 -1.000000
vn 0.000003 0.000000 -1.000000
vn -0.000000 0.000000 -1.000000
vn 0.000003 0.000000 -1.000000
vn 0.000003 0.000000 -1.000000
vn -0.000003 0.000000 -1.000000
vn 0.000000 0.000000 -1.000000
vn 0.649801 -0.649801 -0.394358
vn 0.649801 -0.649801 -0.394358
vn 0.237844 -0.887644 -0.394357
vn 0.237844 -0.887644 -0.394357
vn -0.237842 -0.887645 -0.394357
vn -0.237842 -0.887645 -0.394357
vn -0.649801 -0.649801 -0.394357
vn -0.649801 -0.649801 -0.394357
vn -0.887645 -0.237846 -0.394355
vn -0.887645 -0.237846 -0.394355
vn -0.887645 0.237846 -0.394355
vn -0.887645 0.237846 -0.394355
vn -0.649801 0.649801 -0.394356
vn -0.649801 0.649801 -0.394356
vn -0.237842 0.887645 -0.394358
vn -0.237842 0.887645 -0.394358
vn 0.237844 0.887644 -0.394358
vn 0.237844 0.887644 -0.394358
vn 0.649801 0.649801 -0.394356
vn 0.649801 0.649801 -0.394356
vn 0.887645 0.237845 -0.394356
vn 0.887645 0.237845 -0.394355
vn 0.887646 -0.237844 -0.394355
vn 0.887646 -0.237844 -0.394355
vn 0.224261 -0.810293 -0.541416
vn 0.224261 -0.810293 -0.541416
vn 0.224261 -0.810293 -0.541416
vn 0.224261 -0.810293 -0.541417
vn -0.224262 -0.810295 -0.541413
vn -0.224262 -0.810295 -0.541413
vn -0.224262 -0.810295 -0.541413
vn -0.224262 -0.810295 -0.541414
vn -0.541414 -0.810293 -0.224266
vn -0.541414 -0.810293 -0.224266
vn -0.541414 -0.810293 -0.224266
vn -0.541414 -0.810293 -0.224266
vn -0.541414 -0.810293 0.224266
vn -0.541414 -0.810293 0.224266
vn -0.541414 -0.810293 0.224266
vn -0.541414 -0.810293 0.224266
vn -0.224261 -0.810293 0.541417
vn -0.224261 -0.810293 0.541417
vn -0.224261 -0.810293 0.541417
vn -0.224261 -0.810293 0.541417
vn 0.224262 -0.810296 0.541413
vn 0.224262 -0.810295 0.541413
vn 0.224262 -0.810296 0.541413
vn 0.224262 -0.810296 0.541413
vn 0.541414 -0.810293 0.224266
vn 0.541414 -0.810293 0.224266
vn 0.541414 -0.810293 0.224266
vn 0.541414 -0.810293 0.224266
vn 0.541414 -0.810293 -0.224266
vn 0.541414 -0.810293 -0.224266
vn 0.541414 -0.810293 -0.224266
vn 0.541414 -0.810293 -0.224266
vn 0.325637 -0.525289 -0.786150
vn 0.325637 -0.525289 -0.786150
vn 0.325637 -0.525289 -0.786150
vn 0.325637 -0.525289 -0.786150
vn -0.325637 -0.525292 -0.786148
vn -0.325637 -0.525291 -0.786148
vn -0.325637 -0.525292 -0.786148
vn -0.325637 -0.525291 -0.786148
vn -0.786153 -0.525286 -0.325636
vn -0.786153 -0.525286 -0.325636
vn -0.786153 -0.525286 -0.325636
vn -0.786153 -0.525286 -0.325636
vn -0.786152 -0.525287 0.325636
vn -0.786152 -0.525287 0.325636
vn -0.786152 -0.525287 0.325636
vn -0.786152 -0.525287 0.325636
vn -0.325637 -0.525290 0.786150
vn -0.325637 -0.525290 0.786150
vn -0.325637 -0.525290 0.786150
vn -0.325637 -0.525290 0.786150
vn 0.325639 -0.525291 0.786148
vn 0.325639 -0.525291 0.786148
vn 0.325639 -0.525291 0.786148
vn 0.325639 -0.525291 0.786149
vn 0.786152 -0.525287 0.325636
vn 0.786152 -0.525287 0.325636
vn 0.786152 -0.525287 0.325636
vn 0.786152 -0.525287 0.325636
vn 0.786153 -0.525286 -0.325636
vn 0.786153 -0.525286 -0.325636
vn 0.786153 -0.525286 -0.325636
vn 0.786153 -0.525286 -0.325636
vn 0.376381 -0.180744 -0.908663
vn 0.376381 -0.180744 -0.908663
vn 0.376381 -0.180744 -0.908663
vn 0.376381 -0.180744 -0.908663
vn -0.376380 -0.180744 -0.908664
vn -0.376380 -0.180744 -0.908664
vn -0.376380 -0.180744 -0.908663
vn -0.376380 -0.180744 -0.908663
vn -0.908663 -0.180747 -0.376380
vn -0.908663 -0.180747 -0.376380
vn -0.908663 -0.180747 -0.376380
vn -0.908663 -0.180747 -0.376380
vn -0.908662 -0.180749 0.376381
vn -0.908662 -0.180749 0.376381
vn -0.908662 -0.180749 0.376381
vn -0.908662 -0.180749 0.376381
vn -0.376381 -0.180744 0.908663
vn -0.376381 -0.180744 0.908663
vn -0.376381 -0.180744 0.908663
vn -0.376381 -0.180744 0.908663
vn 0.376380 -0.180744 0.908664
vn 0.376380 -0.180744 0.908664
vn 0.376380 -0.180744 0.908663
vn 0.376380 -0.180744 0.908663
vn 0.908663 -0.180746 0.376381
vn 0.908663 -0.180746 0.376381
vn 0.908663 -0.180746 0.376381
vn 0.908663 -0.180746 0.376381
vn 0.908663 -0.180745 -0.376381
vn 0.908663 -0.180745 -0.376381
vn 0.908663 -0.180745 -0.376381
vn 0.908663 -0.180745 -0.376381
vn 0.376382 0.180745 -0.908663
vn 0.376382 0.180745 -0.908663
vn 0.376382 0.180745 -0.908663
vn 0.376382 0.180745 -0.908663
vn -0.376383 0.180745 -0.908662
vn -0.376383 0.180745 -0.908662
vn -0.376383 0.180745 -0.908662
vn -0.376383 0.180745 -0.908662
vn -0.908663 0.180747 -0.376381
vn -0.908663 0.180747 -0.376381
vn -0.908663 0.180747 -0.376381
vn -0.908663 0.180747 -0.376381
vn -0.908662 0.180747 0.376383
vn -0.908662 0.180747 0.376383
vn -0.908662 0.180747 0.376383
vn -0.908662 0.180747 0.376383
vn -0.376382 0.180744 0.908663
vn -0.376382 0.180744 0.908663
vn -0.376382 0.180744 0.908663
vn -0.376382 0.180744 0.908663
vn 0.376383 0.180744 0.908663
vn 0.376383 0.180744 0.908663
vn 0.376383 0.180744 0.908662
vn 0.376383 0.180744 0.908662
vn 0.908663 0.180746 0.376382
vn 0.908663 0.180746 0.376382
vn 0.908663 0.180746 0.376382
vn 0.908663 0.180746 0.376382
vn 0.908663 0.180745 -0.376382
vn 0.908663 0.180745 -0.376382
vn 0.908663 0.180745 -0.376382
vn 0.908663 0.180745 -0.376382
vn 0.325636 0.525288 -0.786151
vn 0.325636 0.525288 -0.786151
vn 0.325636 0.525288 -0.786151
vn 0.325636 0.525288 -0.786151
vn -0.325635 0.525289 -0.786151
vn -0.325635 0.525289 -0.786151
vn -0.325635 0.525289 -0.786151
vn -0.325635 0.525289 -0.786151
vn -0.786153 0.525286 -0.325634
vn -0.786153 0.525286 -0.325634
vn -0.786153 0.525286 -0.325634
vn -0.786153 0.525286 -0.325634
vn -0.786153 0.525288 0.325633
vn -0.786153 0.525288 0.325633
vn -0.786153 0.525288 0.325633
vn -0.786153 0.525288 0.325633
vn -0.325637 0.525289 0.786150
vn -0.325637 0.525289 0.786150
vn -0.325637 0.525289 0.786150
vn -0.325637 0.525289 0.786150
vn 0.325637 0.525287 0.786152
vn 0.325637 0.525287 0.786152
vn 0.325636 0.525287 0.786152
vn 0.325636 0.525287 0.786152
vn 0.786152 0.525287 0.325635
vn 0.786152 0.525287 0.325635
vn 0.786152 0.525287 0.325635
vn 0.786152 0.525287 0.325635
vn 0.786154 0.525287 -0.325632
vn 0.786154 0.525287 -0.325632
vn 0.786154 0.525287 -0.325632
vn 0.786154 0.525287 -0.325632
vn 0.224261 0.810293 -0.541417
vn 0.224261 0.810293 -0.541417
vn 0.224261 0.810293 -0.541417
vn 0.224261 0.810293 -0.541417
vn -0.224262 0.810292 -0.541418
vn -0.224262 0.810292 -0.541418
vn -0.224262 0.810292 -0.541418
vn -0.224262 0.810292 -0.541418
vn -0.541414 0.810293 -0.224266
vn -0.541414 0.810293 -0.224266
vn -0.541414 0.810293 -0.224266
vn -0.541414 0.810293 -0.224266
vn -0.541414 0.810292 0.224272
vn -0.541414 0.810292 0.224272
vn -0.541414 0.810292 0.224272
vn -0.541414 0.810292 0.224272
vn -0.224262 0.810292 0.541418
vn -0.224262 0.810292 0.541418
vn -0.224262 0.810292 0.541418
vn -0.224262 0.810292 0.541418
vn 0.224262 0.810292 0.541418
vn 0.224262 0.810292 0.541418
vn 0.224262 0.810292 0.541418
vn 0.224262 0.810292 0.541418
vn 0.541414 0.810293 0.224266
vn 0.541414 0.810293 0.224266
vn 0.541414 0.810293 0.224266
vn 0.541414 0.810293 0.224266
vn 0.541414 0.810292 -0.224272
vn 0.541414 0.810292 -0.224272
vn 0.541414 0.810292 -0.224272
vn 0.541414 0.810292 -0.224272
vn 0.080549 -0.977597 -0.194466
vn 0.080549 -0.977597 -0.194466
vn 0.080549 -0.977596 -0.194466
vn -0.080550 -0.977596 -0.194468
vn -0.080550 -0.977596 -0.194468
vn -0.080550 -0.977596 -0.194468
vn -0.194461 -0.977598 -0.080543
vn -0.194461 -0.977598 -0.080543
vn -0.194461 -0.977598 -0.080543
vn -0.194461 -0.977597 0.080560
vn -0.194461 -0.977597 0.080560
vn -0.194461 -0.977597 0.080560
vn -0.080549 -0.977596 0.194468
vn -0.080549 -0.977596 0.194468
vn -0.080549 -0.977596 0.194468
vn 0.080548 -0.977596 0.194467
vn 0.080548 -0.977596 0.194467
vn 0.080548 -0.977596 0.194467
vn 0.194461 -0.977598 0.080543
vn 0.194461 -0.977598 0.080543
vn 0.194461 -0.977598 0.080543
vn 0.194461 -0.977597 -0.080560
vn 0.194461 -0.977597 -0.080560
vn 0.194461 -0.977597 -0.080560
vn 0.080550 0.977596 -0.194467
vn 0.080550 0.977596 -0.194467
vn 0.080550 0.977596 -0.194467
vn -0.080550 0.977596 -0.194468
vn -0.080550 0.977596 -0.194468
vn -0.080550 0.977596 -0.194468
vn -0.194461 0.977597 -0.080560
vn -0.194461 0.977597 -0.080560
vn -0.194461 0.977597 -0.080560
vn -0.194461 0.977598 0.080543
vn -0.194461 0.977598 0.080543
vn -0.194461 0.977598 0.080543
vn -0.080549 0.977596 0.194468
vn -0.080549 0.977596 0.194468
vn -0.080549 0.977596 0.194468
vn 0.080548 0.977597 0.194466
vn 0.080548 0.977597 0.194466
vn 0.080548 0.977597 0.194466
vn 0.194461 0.977597 0.080560
vn 0.194461 0.977597 0.080560
vn 0.194461 0.977597 0.080560
vn 0.194461 0.977598 -0.080543
vn 0.194461 0.977598 -0.080543
vn 0.194461 0.977598 -0.080543
s 1
g portocom_base
usemtl lambert2SG
f 56/1/1 57/2/2 2/3/3 10/4/4
f 134/5/5 56/1/1 10/4/4 133/6/6
f 10/4/4 2/3/3 104/7/7 130/8/8
s 2
f 29/9/9 14/10/10 13/11/11 30/12/12
f 54/13/13 55/14/14 36/15/15 42/16/16
f 3/17/17 4/18/18 12/19/19 11/20/20
f 14/10/10 20/21/21 19/22/22 13/11/11
f 18/23/23 16/24/24 13/11/25 19/22/26
f 30/12/27 13/11/28 16/24/24 31/25/29
f 5/26/30 3/17/31 11/20/32 17/27/33
f 22/28/34 18/23/23 19/22/26 23/29/35
f 20/21/21 24/30/36 23/29/35 19/22/22
f 53/31/37 54/13/13 42/16/16 46/32/38
f 14/10/10 28/33/39 27/34/40 20/21/41
f 26/35/42 24/30/36 20/21/41 27/34/40
f 21/36/43 25/37/44 26/35/42 27/34/40
f 15/38/45 21/36/43 27/34/40 28/33/39
f 11/20/20 12/19/19 29/9/9 30/12/12
f 17/27/33 11/20/46 30/12/27 31/25/29
f 50/39/47 51/40/48 34/41/49 35/42/50
f 6/43/51 32/44/52 33/45/53 7/46/54
f 35/42/50 34/41/49 40/47/55 41/48/56
f 39/49/57 40/47/58 34/41/59 37/50/60
f 51/40/61 52/51/62 37/50/60 34/41/63
f 8/52/64 38/53/65 32/44/66 6/43/67
f 43/54/68 44/55/69 40/47/58 39/49/57
f 41/48/56 40/47/55 44/55/69 45/56/70
f 35/42/50 41/48/71 48/57/72 49/58/73
f 47/59/74 48/57/72 41/48/71 45/56/70
f 42/16/75 48/57/72 47/59/74 46/32/38
f 36/15/15 49/58/73 48/57/72 42/16/75
f 32/44/52 51/40/48 50/39/47 33/45/53
f 38/53/65 52/51/62 51/40/61 32/44/76
f 25/37/44 21/36/77 54/13/13 53/31/37
f 21/36/77 15/38/45 55/14/14 54/13/13
s 1
f 9/60/78 56/1/1 134/5/5 127/61/79
f 9/60/78 1/62/80 57/2/2 56/1/1
s 13
f 305/63/81 306/64/82 307/65/83 308/66/84
f 305/63/81 308/66/84 310/67/85 309/68/86
f 311/69/87 309/68/86 310/67/85 312/70/88
f 313/71/89 311/69/87 312/70/88 314/72/90
f 314/72/90 316/73/91 315/74/92 313/71/89
f 317/75/93 315/74/92 316/73/91 318/76/94
s 14
f 96/77/95 93/78/96 94/79/97 95/80/98
s 13
f 308/66/84 307/65/83 320/81/99 319/82/100
f 310/67/85 308/66/84 319/82/100 323/83/101
f 312/70/88 310/67/85 323/83/101 325/84/102
f 314/72/90 312/70/88 325/84/102 327/85/103
f 316/73/91 314/72/90 327/85/103 329/86/104
f 318/76/94 316/73/91 329/86/104 331/87/105
s 14
f 97/88/106 96/77/95 95/80/98 98/89/107
s 13
f 319/82/100 320/81/99 321/90/108 322/91/109
f 319/82/100 322/91/109 324/92/110 323/83/101
f 325/84/102 323/83/101 324/92/110 326/93/111
f 327/85/103 325/84/102 326/93/111 328/94/112
f 328/94/112 330/95/113 329/86/104 327/85/103
f 331/87/105 329/86/104 330/95/113 332/96/114
s 14
f 100/97/115 97/88/106 98/89/107 99/98/116
f 82/99/117 79/100/118 80/101/119 81/102/120
f 83/103/121 82/99/117 81/102/120 84/104/122
f 86/105/123 83/103/121 84/104/122 85/106/124
f 87/107/125 86/105/123 85/106/124 88/108/126
f 88/108/126 89/109/127 90/110/128 87/107/125
f 91/111/129 90/110/128 89/109/127 92/112/130
f 60/113/131 73/114/132 72/115/133 61/116/134
f 59/117/135 76/118/136 73/114/132 60/113/131
f 58/119/137 77/120/138 76/118/136 59/117/135
f 76/118/136 77/120/138 78/121/139 75/122/140
f 74/123/141 73/114/132 76/118/136 75/122/140
f 72/115/133 73/114/132 74/123/141 71/124/142
f 70/125/143 66/126/144 90/110/128 91/111/129
f 65/127/145 87/107/125 90/110/128 66/126/144
f 65/127/145 64/128/146 86/105/123 87/107/125
f 64/128/146 63/129/147 83/103/121 86/105/123
f 62/130/148 82/99/117 83/103/121 63/129/147
f 62/130/148 61/116/134 79/100/118 82/99/117
f 95/80/98 94/79/97 67/131/149 68/132/150
f 68/132/150 69/133/151 98/89/107 95/80/98
f 99/98/116 98/89/107 69/133/151 70/125/143
s 17
f 124/134/152 123/135/153 126/136/154 125/137/155
s 1
f 123/135/156 122/138/157 127/61/79 126/136/158
f 133/6/6 132/139/159 135/140/160 134/5/5
s 17
f 132/139/161 131/141/162 136/142/163 135/140/164
s 1
f 138/143/165 137/144/166 130/8/8 129/145/167
s 17
f 128/146/168 139/147/169 138/143/170 129/145/171
f 145/148/172 144/149/173 147/150/174 146/151/175
s 2
f 144/149/176 143/152/177 148/153/178 147/150/179
s 14
f 277/154/180 276/155/181 279/156/182 278/157/183
s 24
f 276/791/184 275/792/185 280/793/186 279/794/187
s 14
f 289/158/188 288/159/189 291/204/190 290/205/191
s 24
f 288/671/192 287/672/193 292/673/194 291/674/195
s 17
f 109/160/196 101/161/197 119/162/198 140/163/199
f 124/134/152 125/137/155 145/148/172 146/151/175
f 140/163/199 119/162/198 124/134/152 146/151/175
s 1
f 9/60/78 121/164/200 103/165/201 1/62/80
f 121/164/200 9/60/78 127/61/79 122/138/157
s 17
f 110/166/202 149/167/203 128/146/168 106/168/204
f 152/169/205 131/141/162 139/147/169 155/170/206
f 128/146/168 149/167/203 155/170/206 139/147/169
s 1
f 137/144/166 133/6/6 10/4/4 130/8/8
s 2
f 142/171/207 12/19/19 4/18/18 107/172/208
f 113/173/209 5/26/30 17/27/33 191/174/210
f 55/14/14 221/175/211 154/176/212 36/15/15
f 31/25/29 16/24/24 176/177/213 179/178/214
f 173/179/215 176/177/213 16/24/24 18/23/23
f 164/180/216 167/181/217 170/182/218 22/28/34
f 164/180/216 22/28/34 23/29/35 158/183/219
f 24/30/36 161/184/220 158/183/219 23/29/35
f 25/37/44 182/185/221 194/186/222 26/35/42
f 185/187/223 188/188/224 53/31/37 46/32/38
f 170/182/218 173/179/215 18/23/23 22/28/34
f 143/152/177 15/38/45 28/33/39 148/153/178
f 194/186/222 161/184/220 24/30/36 26/35/42
f 179/178/214 191/174/210 17/27/33 31/25/29
f 148/153/178 29/9/9 12/19/19 142/171/207
f 148/153/178 28/33/39 14/10/10 29/9/9
f 151/189/225 112/190/226 7/46/54 33/45/53
f 116/191/227 224/192/228 38/53/65 8/52/64
f 52/51/62 218/193/229 215/194/230 37/50/60
f 212/195/231 39/49/57 37/50/60 215/194/230
f 203/196/232 43/54/68 209/197/233 206/198/234
f 203/196/232 197/199/235 44/55/69 43/54/68
f 45/56/70 44/55/69 197/199/235 200/200/236
f 185/187/223 46/32/38 47/59/74 227/201/237
f 209/197/233 43/54/68 39/49/57 212/195/231
f 154/176/212 157/202/238 49/58/73 36/15/15
f 227/201/237 47/59/74 45/56/70 200/200/236
f 38/53/65 224/192/228 218/193/229 52/51/62
f 33/45/53 50/39/47 157/202/238 151/189/225
f 157/202/238 50/39/47 35/42/50 49/58/73
f 188/188/224 182/185/221 25/37/44 53/31/37
f 15/38/45 143/152/177 221/175/211 55/14/14
s 17
f 125/137/155 136/142/163 223/203/239 145/148/172
f 136/142/163 131/141/162 152/169/205 223/203/239
s 24
f 160/829/240 163/825/241 236/823/242 239/827/243
f 166/833/244 160/829/240 239/827/243 242/831/245
f 169/737/246 166/745/244 242/746/245 245/738/247
f 172/732/248 169/737/246 245/738/247 248/733/249
f 175/731/250 172/732/248 248/733/249 251/734/251
f 178/741/252 175/731/250 251/734/251 254/742/253
f 181/749/254 178/741/252 254/742/253 257/750/255
f 184/817/256 260/815/257 272/819/258 196/821/259
f 190/812/260 187/807/261 263/801/262 266/809/263
f 115/759/264 193/756/265 269/755/266 230/760/267
f 163/825/241 196/821/259 272/819/258 236/823/242
f 257/750/255 269/755/266 193/756/265 181/749/254
f 202/797/268 199/798/269 280/793/186 275/792/185
f 199/798/269 205/806/270 281/799/271 280/793/186
f 205/689/270 208/683/272 284/676/273 281/682/271
f 208/683/272 211/677/274 287/672/193 284/676/273
f 211/677/274 214/678/275 292/673/194 287/672/193
f 214/678/275 217/686/276 293/679/277 292/673/194
f 217/686/276 220/692/278 296/687/279 293/679/277
f 263/801/262 187/807/261 229/803/280 302/796/281
f 226/697/282 118/701/283 233/698/284 299/693/285
f 229/803/280 202/797/268 275/792/185 302/796/281
f 220/692/278 226/697/282 299/693/285 296/687/279
f 184/817/256 190/812/260 266/809/263 260/815/257
s 14
f 75/122/140 78/121/139 232/206/286 271/207/287
f 74/123/141 75/122/140 271/207/287 259/208/288
f 71/124/142 74/123/141 259/208/288 256/209/289
f 286/210/290 91/111/129 92/112/130 283/211/291
f 250/212/292 71/124/142 256/209/289 253/213/293
f 244/214/294 80/101/119 79/100/118 247/215/295
f 247/215/295 72/115/133 71/124/142 250/212/292
f 244/214/294 241/216/296 238/217/297 80/101/119
f 81/102/120 80/101/119 238/217/297 274/218/298
f 81/102/120 274/218/298 262/219/299 84/104/122
f 85/106/124 84/104/122 262/219/299 268/220/300
f 88/108/126 85/106/124 268/220/300 265/221/301
f 88/108/126 265/221/301 304/222/302 89/109/127
f 92/112/130 89/109/127 304/222/302 277/154/180
f 283/211/291 92/112/130 277/154/180 278/157/183
f 289/158/188 100/97/115 99/98/116 286/210/290
f 247/215/295 79/100/118 61/116/134 72/115/133
f 286/210/290 99/98/116 70/125/143 91/111/129
f 289/158/188 290/205/191 295/258/303 100/97/115
f 298/259/304 97/88/106 100/97/115 295/258/303
f 97/88/106 298/259/304 301/260/305 96/77/95
f 235/261/306 93/78/96 96/77/95 301/260/305
s 17
f 101/161/197 102/223/307 120/224/308 119/162/198
s 1
f 102/223/309 103/165/201 121/164/200 120/224/310
s 17
f 110/166/202 111/225/311 150/226/312 149/167/203
s 2
f 111/225/313 112/190/226 151/189/225 150/226/314
f 116/191/227 117/227/315 225/228/316 224/192/228
s 24
f 117/704/317 118/701/283 226/697/282 225/700/318
s 17
f 119/162/198 120/224/308 123/135/153 124/134/152
s 1
f 120/224/310 121/164/200 122/138/157 123/135/156
f 104/7/7 105/229/319 129/145/167 130/8/8
s 17
f 105/229/320 106/168/204 128/146/168 129/145/171
f 139/147/169 131/141/162 132/139/161 138/143/170
s 1
f 138/143/165 132/139/159 133/6/6 137/144/166
s 17
f 125/137/155 126/136/154 135/140/164 136/142/163
s 1
f 126/136/158 127/61/79 134/5/5 135/140/160
s 2
f 107/172/208 108/230/321 141/231/322 142/171/207
s 17
f 108/230/323 109/160/196 140/163/199 141/231/324
s 2
f 143/152/177 144/149/176 222/232/325 221/175/211
s 17
f 144/149/173 145/148/172 223/203/239 222/232/326
f 140/163/199 146/151/175 147/150/174 141/231/324
s 2
f 147/150/179 148/153/178 142/171/207 141/231/322
s 17
f 155/170/206 149/167/203 150/226/312 156/233/327
s 2
f 156/233/328 150/226/314 151/189/225 157/202/238
f 153/234/329 156/233/328 157/202/238 154/176/212
s 17
f 152/169/205 155/170/206 156/233/327 153/234/330
s 2
f 158/183/219 159/235/331 165/236/332 164/180/216
s 24
f 159/832/333 160/829/240 166/833/244 165/834/334
f 160/829/240 159/832/333 162/828/335 163/825/241
s 2
f 159/235/331 158/183/219 161/184/220 162/237/336
f 164/180/216 165/236/332 168/238/337 167/181/217
s 24
f 165/751/334 166/745/244 169/737/246 168/743/338
s 2
f 167/181/217 168/238/337 171/239/339 170/182/218
s 24
f 168/743/338 169/737/246 172/732/248 171/735/340
s 2
f 170/182/218 171/239/339 174/240/341 173/179/215
s 24
f 171/735/340 172/732/248 175/731/250 174/736/342
s 2
f 173/179/215 174/240/341 177/241/343 176/177/213
s 24
f 174/736/342 175/731/250 178/741/252 177/744/344
s 2
f 176/177/213 177/241/343 180/242/345 179/178/214
s 24
f 177/744/344 178/741/252 181/749/254 180/752/346
s 2
f 191/174/210 179/178/214 180/242/345 192/243/347
s 24
f 192/757/348 180/752/346 181/749/254 193/756/265
s 2
f 182/185/221 183/244/349 195/245/350 194/186/222
s 24
f 183/820/351 184/817/256 196/821/259 195/824/352
s 2
f 185/187/223 186/246/353 189/247/354 188/188/224
s 24
f 186/813/355 187/807/261 190/812/260 189/816/356
f 184/817/256 183/820/351 189/816/356 190/812/260
s 2
f 183/244/349 182/185/221 188/188/224 189/247/354
s 24
f 115/759/264 114/761/357 192/757/348 193/756/265
s 2
f 114/248/358 113/173/209 191/174/210 192/243/347
s 24
f 163/825/241 162/828/335 195/824/352 196/821/259
s 2
f 162/237/336 161/184/220 194/186/222 195/245/350
f 197/199/235 198/249/359 201/250/360 200/200/236
s 24
f 198/804/361 199/798/269 202/797/268 201/805/362
s 2
f 200/200/236 201/250/360 228/251/363 227/201/237
s 24
f 201/805/362 202/797/268 229/803/280 228/810/364
f 199/798/269 198/804/361 204/811/365 205/806/270
s 2
f 198/249/359 197/199/235 203/196/232 204/252/366
s 24
f 205/689/270 204/695/365 207/690/367 208/683/272
s 2
f 204/252/366 203/196/232 206/198/234 207/253/368
s 24
f 208/683/272 207/690/367 210/684/369 211/677/274
s 2
f 207/253/368 206/198/234 209/197/233 210/254/370
s 24
f 211/677/274 210/684/369 213/685/371 214/678/275
s 2
f 210/254/370 209/197/233 212/195/231 213/255/372
s 24
f 214/678/275 213/685/371 216/691/373 217/686/276
s 2
f 213/255/372 212/195/231 215/194/230 216/256/374
s 24
f 217/686/276 216/691/373 219/696/375 220/692/278
s 2
f 216/256/374 215/194/230 218/193/229 219/257/376
s 17
f 152/169/205 153/234/330 222/232/326 223/203/239
s 2
f 153/234/329 154/176/212 221/175/211 222/232/325
f 218/193/229 224/192/228 225/228/316 219/257/376
s 24
f 225/700/318 226/697/282 220/692/278 219/696/375
f 186/813/355 228/810/364 229/803/280 187/807/261
s 2
f 185/187/223 227/201/237 228/251/363 186/246/353
s 24
f 233/698/284 234/699/377 300/694/378 299/693/285
s 14
f 234/262/379 235/261/306 301/260/305 300/263/380
s 24
f 236/823/242 237/822/381 240/826/382 239/827/243
s 14
f 237/264/383 238/217/297 241/216/296 240/265/384
s 24
f 239/827/243 240/826/382 243/830/385 242/831/245
s 14
f 240/265/384 241/216/296 244/214/294 243/266/386
s 24
f 242/746/245 243/753/385 246/747/387 245/738/247
s 14
f 243/266/386 244/214/294 247/215/295 246/267/388
s 24
f 245/738/247 246/747/387 249/739/389 248/733/249
s 14
f 246/267/388 247/215/295 250/212/292 249/268/390
s 24
f 248/733/249 249/739/389 252/740/391 251/734/251
s 14
f 249/268/390 250/212/292 253/213/293 252/269/392
s 24
f 251/734/251 252/740/391 255/748/393 254/742/253
s 14
f 252/269/392 253/213/293 256/209/289 255/270/394
s 24
f 254/742/253 255/748/393 258/754/395 257/750/255
s 14
f 255/270/394 256/209/289 259/208/288 258/323/396
s 24
f 269/755/266 257/750/255 258/754/395 270/758/397
s 14
f 270/324/398 258/323/396 259/208/288 271/207/287
s 24
f 260/815/257 261/814/399 273/818/400 272/819/258
s 14
f 261/325/401 262/219/299 274/218/298 273/326/402
s 24
f 263/801/262 264/802/403 267/808/404 266/809/263
s 14
f 264/327/405 265/221/301 268/220/300 267/328/406
f 262/219/299 261/325/401 267/328/406 268/220/300
s 24
f 261/814/399 260/815/257 266/809/263 267/808/404
s 14
f 232/206/286 231/329/407 270/324/398 271/207/287
s 24
f 231/762/408 230/760/267 269/755/266 270/758/397
s 14
f 238/217/297 237/264/383 273/326/402 274/218/298
s 24
f 237/822/381 236/823/242 272/819/258 273/818/400
f 275/792/185 276/791/184 303/795/409 302/796/281
s 14
f 276/155/181 277/154/180 304/222/302 303/330/410
f 278/157/183 279/156/182 282/331/411 283/211/291
s 24
f 279/794/187 280/793/186 281/799/271 282/800/412
s 14
f 283/211/291 282/331/411 285/332/413 286/210/290
s 24
f 282/681/412 281/682/271 284/676/273 285/675/414
s 14
f 286/210/290 285/332/413 288/159/189 289/158/188
s 24
f 285/675/414 284/676/273 287/672/193 288/671/192
s 14
f 290/205/191 291/204/190 294/333/415 295/258/303
s 24
f 291/674/195 292/673/194 293/679/277 294/680/416
s 14
f 295/258/303 294/333/415 297/334/417 298/259/304
s 24
f 294/680/416 293/679/277 296/687/279 297/688/418
f 296/687/279 299/693/285 300/694/378 297/688/418
s 14
f 300/263/380 301/260/305 298/259/304 297/334/417
f 264/327/405 303/330/410 304/222/302 265/221/301
s 24
f 263/801/262 302/796/281 303/795/409 264/802/403
s off
f 58/119/419 59/117/420 307/65/421 306/64/422
f 68/132/423 67/131/424 317/75/425 318/76/426
f 307/65/427 59/117/428 60/113/429 320/81/430
f 60/113/431 61/116/432 321/90/433 320/81/434
f 61/116/435 62/130/436 322/91/437 321/90/438
f 322/91/439 62/130/440 63/129/441 324/92/442
f 63/129/443 64/128/444 326/93/445 324/92/446
f 64/128/447 65/127/448 328/94/449 326/93/450
f 328/94/451 65/127/452 66/126/453 330/95/454
f 66/126/455 70/125/456 332/96/457 330/95/458
f 70/125/459 69/133/460 331/87/461 332/96/462
f 318/76/463 331/87/464 69/133/465 68/132/466
s 1
f 380/271/467 334/272/468 2/3/3 57/2/469
f 433/273/470 432/274/471 334/272/468 380/271/467
f 334/272/468 429/275/472 104/7/7 2/3/3
s 2
f 353/276/473 354/277/474 337/278/475 338/279/476
f 378/280/477 366/281/478 360/282/479 379/283/480
f 3/17/481 335/284/482 336/285/483 4/18/18
f 338/279/476 337/278/475 343/286/484 344/287/485
f 342/288/486 343/286/487 337/278/488 340/289/489
f 354/277/490 355/290/491 340/289/489 337/278/492
f 5/26/30 341/291/493 335/284/494 3/17/495
f 346/292/496 347/293/497 343/286/487 342/288/486
f 344/287/485 343/286/484 347/293/497 348/294/498
f 377/295/499 370/296/500 366/281/478 378/280/477
f 338/279/476 344/287/501 351/297/502 352/298/503
f 350/299/504 351/297/502 344/287/501 348/294/498
f 345/300/505 351/297/502 350/299/504 349/301/506
f 339/302/507 352/298/503 351/297/502 345/300/505
f 335/284/482 354/277/474 353/276/473 336/285/483
f 341/291/493 355/290/491 354/277/490 335/284/508
f 374/303/509 359/304/510 358/305/511 375/306/512
f 6/43/513 7/46/54 357/307/514 356/308/515
f 359/304/510 365/309/516 364/310/517 358/305/511
f 363/311/518 361/312/519 358/305/520 364/310/521
f 375/306/522 358/305/523 361/312/519 376/313/524
f 8/52/64 6/43/525 356/308/526 362/314/527
f 367/315/528 363/311/518 364/310/521 368/316/529
f 365/309/516 369/317/530 368/316/529 364/310/517
f 359/304/510 373/318/531 372/319/532 365/309/533
f 371/320/534 369/317/530 365/309/533 372/319/532
f 366/281/535 370/296/500 371/320/534 372/319/532
f 360/282/479 366/281/535 372/319/532 373/318/531
f 356/308/515 357/307/514 374/303/509 375/306/512
f 362/314/527 356/308/536 375/306/522 376/313/524
f 349/301/506 377/295/499 378/280/477 345/300/537
f 345/300/537 378/280/477 379/283/480 339/302/507
s 1
f 333/321/538 426/322/539 433/273/470 380/271/467
f 333/321/538 380/271/467 57/2/469 1/62/80
s 13
f 598/335/540 600/336/541 599/337/542 306/64/543
f 598/335/540 601/338/544 602/339/545 600/336/541
f 311/69/87 603/340/546 602/339/545 601/338/544
f 313/71/89 604/341/547 603/340/546 311/69/87
f 604/341/547 313/71/89 315/74/92 605/342/548
f 317/75/93 606/343/549 605/342/548 315/74/92
s 14
f 413/344/550 412/345/551 94/79/97 93/78/96
s 13
f 600/336/541 607/346/552 608/347/553 599/337/542
f 602/339/545 611/348/554 607/346/552 600/336/541
f 603/340/546 613/349/555 611/348/554 602/339/545
f 604/341/547 615/350/556 613/349/555 603/340/546
f 605/342/548 617/351/557 615/350/556 604/341/547
f 606/343/549 619/352/558 617/351/557 605/342/548
s 14
f 414/353/559 415/354/560 412/345/551 413/344/550
s 13
f 607/346/552 610/355/561 609/356/562 608/347/553
f 607/346/552 611/348/554 612/357/563 610/355/561
f 613/349/555 614/358/564 612/357/563 611/348/554
f 615/350/556 616/359/565 614/358/564 613/349/555
f 616/359/565 615/350/556 617/351/557 618/360/566
f 619/352/558 620/361/567 618/360/566 617/351/557
s 14
f 417/362/568 416/363/569 415/354/560 414/353/559
f 401/364/570 400/365/571 399/366/572 398/367/573
f 402/368/574 403/369/575 400/365/571 401/364/570
f 405/390/576 404/391/577 403/369/575 402/368/574
f 406/392/578 407/393/579 404/391/577 405/390/576
f 407/393/579 406/392/578 409/394/580 408/395/581
f 410/396/582 411/397/583 408/395/581 409/394/580
f 382/433/584 383/434/585 393/435/586 394/436/587
f 381/437/588 382/433/584 394/436/587 397/438/589
f 58/119/137 381/437/588 397/438/589 77/120/138
f 397/438/589 396/439/590 78/121/139 77/120/138
f 395/440/591 396/439/590 397/438/589 394/436/587
f 393/435/586 392/441/592 395/440/591 394/436/587
f 391/442/593 410/396/582 409/394/580 388/443/594
f 387/444/595 388/443/594 409/394/580 406/392/578
f 387/444/595 406/392/578 405/390/576 386/445/596
f 386/445/596 405/390/576 402/368/574 385/446/597
f 384/447/598 385/446/597 402/368/574 401/364/570
f 384/447/598 401/364/570 398/367/573 383/434/585
f 412/345/551 389/448/599 67/131/149 94/79/97
f 389/448/599 412/345/551 415/354/560 390/449/600
f 416/363/569 391/442/593 390/449/600 415/354/560
s 17
f 423/370/601 424/371/602 425/372/603 422/373/604
s 1
f 422/373/605 425/372/606 426/322/539 421/374/607
f 432/274/471 433/273/470 434/375/608 431/376/609
s 17
f 431/376/610 434/375/611 435/377/612 430/378/613
s 1
f 437/379/614 428/380/615 429/275/472 436/381/616
s 17
f 427/382/617 428/380/618 437/379/619 438/383/620
f 444/384/621 445/385/622 446/386/623 443/387/624
s 2
f 443/387/625 446/386/626 447/388/627 442/389/628
s 14
f 570/450/629 571/451/630 572/481/631 569/482/632
s 24
f 569/835/633 572/836/634 573/837/635 568/838/636
s 14
f 582/483/637 583/484/638 584/485/639 581/486/640
s 24
f 581/718/641 584/714/642 585/715/643 580/719/644
s 17
f 109/160/196 439/398/645 418/399/646 101/161/197
f 423/370/601 445/385/622 444/384/621 424/371/602
f 439/398/645 445/385/622 423/370/601 418/399/646
s 1
f 333/321/538 1/62/80 103/165/201 420/400/647
f 420/400/647 421/374/607 426/322/539 333/321/538
s 17
f 110/166/202 106/168/204 427/382/617 448/401/648
f 451/402/649 454/403/650 438/383/620 430/378/613
f 427/382/617 438/383/620 454/403/650 448/401/648
s 1
f 436/381/616 429/275/472 334/272/468 432/274/471
s 2
f 441/404/651 107/172/208 4/18/18 336/285/483
f 113/173/209 490/405/652 341/291/493 5/26/30
f 379/283/480 360/282/479 453/406/653 520/407/654
f 355/290/491 478/408/655 475/409/656 340/289/489
f 472/410/657 342/288/486 340/289/489 475/409/656
f 463/411/658 346/292/496 469/412/659 466/413/660
f 463/411/658 457/414/661 347/293/497 346/292/496
f 348/294/498 347/293/497 457/414/661 460/415/662
f 349/301/506 350/299/504 493/416/663 481/417/664
f 484/418/665 370/296/500 377/295/499 487/419/666
f 469/412/659 346/292/496 342/288/486 472/410/657
f 442/389/628 447/388/627 352/298/503 339/302/507
f 493/416/663 350/299/504 348/294/498 460/415/662
f 478/408/655 355/290/491 341/291/493 490/405/652
f 447/388/627 441/404/651 336/285/483 353/276/473
f 447/388/627 353/276/473 338/279/476 352/298/503
f 450/420/667 357/307/514 7/46/54 112/190/226
f 116/191/227 8/52/64 362/314/527 523/421/668
f 376/313/524 361/312/519 514/422/669 517/423/670
f 511/424/671 514/422/669 361/312/519 363/311/518
f 502/425/672 505/426/673 508/427/674 367/315/528
f 502/425/672 367/315/528 368/316/529 496/428/675
f 369/317/530 499/429/676 496/428/675 368/316/529
f 484/418/665 526/430/677 371/320/534 370/296/500
f 508/427/674 511/424/671 363/311/518 367/315/528
f 453/406/653 360/282/479 373/318/531 456/431/678
f 526/430/677 499/429/676 369/317/530 371/320/534
f 362/314/527 376/313/524 517/423/670 523/421/668
f 357/307/514 450/420/667 456/431/678 374/303/509
f 456/431/678 373/318/531 359/304/510 374/303/509
f 487/419/666 377/295/499 349/301/506 481/417/664
f 339/302/507 379/283/480 520/407/654 442/389/628
s 17
f 424/371/602 444/384/621 522/432/679 435/377/612
f 435/377/612 522/432/679 451/402/649 430/378/613
s 24
f 459/873/680 532/870/681 529/867/682 462/869/683
f 465/877/684 535/874/685 532/870/681 459/873/680
f 468/784/686 538/783/687 535/787/685 465/788/684
f 471/780/688 541/779/689 538/783/687 468/784/686
f 474/776/690 544/775/691 541/779/689 471/780/688
f 477/772/692 547/771/693 544/775/691 474/776/690
f 480/768/694 550/767/695 547/771/693 477/772/692
f 483/861/696 495/865/697 565/862/698 553/859/699
f 489/857/700 559/854/701 556/849/702 486/852/703
f 115/759/264 230/760/267 562/763/704 492/764/705
f 462/869/683 529/867/682 565/862/698 495/865/697
f 550/767/695 480/768/694 492/764/705 562/763/704
f 501/841/706 568/838/636 573/837/635 498/842/707
f 498/842/707 573/837/635 574/840/708 504/845/709
f 504/729/709 574/727/708 577/723/710 507/725/711
f 507/725/711 577/723/710 580/719/644 510/721/712
f 510/721/712 580/719/644 585/715/643 513/717/713
f 513/717/713 585/715/643 586/711/714 516/713/715
f 516/713/715 586/711/714 589/706/716 519/709/717
f 556/849/702 595/843/718 528/846/719 486/852/703
f 525/705/720 592/702/721 233/698/284 118/701/283
f 528/846/719 595/843/718 568/838/636 501/841/706
f 519/709/717 589/706/716 592/702/721 525/705/720
f 483/861/696 553/859/699 559/854/701 489/857/700
s 14
f 396/439/590 564/487/722 232/206/286 78/121/139
f 395/440/591 552/488/723 564/487/722 396/439/590
f 392/441/592 549/489/724 552/488/723 395/440/591
f 579/490/725 576/491/726 411/397/583 410/396/582
f 543/492/727 546/493/728 549/489/724 392/441/592
f 537/494/729 540/495/730 398/367/573 399/366/572
f 540/495/730 543/492/727 392/441/592 393/435/586
f 537/494/729 399/366/572 531/653/731 534/654/732
f 400/365/571 567/655/733 531/653/731 399/366/572
f 400/365/571 403/369/575 555/656/734 567/655/733
f 404/391/577 561/657/735 555/656/734 403/369/575
f 407/393/579 558/658/736 561/657/735 404/391/577
f 407/393/579 408/395/581 597/659/737 558/658/736
f 411/397/583 570/450/629 597/659/737 408/395/581
f 576/491/726 571/451/630 570/450/629 411/397/583
f 582/483/637 579/490/725 416/363/569 417/362/568
f 540/495/730 393/435/586 383/434/585 398/367/573
f 579/490/725 410/396/582 391/442/593 416/363/569
f 582/483/637 417/362/568 588/660/738 583/484/638
f 591/661/739 588/660/738 417/362/568 414/353/559
f 414/353/559 413/344/550 594/662/740 591/661/739
f 235/261/306 594/662/740 413/344/550 93/78/96
s 17
f 101/161/197 418/399/646 419/452/741 102/223/307
s 1
f 102/223/309 419/452/742 420/400/647 103/165/201
s 17
f 110/166/202 448/401/648 449/453/743 111/225/311
s 2
f 111/225/313 449/453/744 450/420/667 112/190/226
f 116/191/227 523/421/668 524/454/745 117/227/315
s 24
f 117/704/317 524/708/746 525/705/720 118/701/283
s 17
f 418/399/646 423/370/601 422/373/604 419/452/741
s 1
f 419/452/742 422/373/605 421/374/607 420/400/647
f 104/7/7 429/275/472 428/380/615 105/229/319
s 17
f 105/229/320 428/380/618 427/382/617 106/168/204
f 438/383/620 437/379/619 431/376/610 430/378/613
s 1
f 437/379/614 436/381/616 432/274/471 431/376/609
s 17
f 424/371/602 435/377/612 434/375/611 425/372/603
s 1
f 425/372/606 434/375/608 433/273/470 426/322/539
s 2
f 107/172/208 441/404/651 440/455/747 108/230/321
s 17
f 108/230/323 440/455/748 439/398/645 109/160/196
s 2
f 442/389/628 520/407/654 521/456/749 443/387/625
s 17
f 443/387/624 521/456/750 522/432/679 444/384/621
f 439/398/645 440/455/748 446/386/623 445/385/622
s 2
f 446/386/626 440/455/747 441/404/651 447/388/627
s 17
f 454/403/650 455/457/751 449/453/743 448/401/648
s 2
f 455/457/752 456/431/678 450/420/667 449/453/744
f 452/458/753 453/406/653 456/431/678 455/457/752
s 17
f 451/402/649 452/458/754 455/457/751 454/403/650
s 2
f 457/414/661 463/411/658 464/459/755 458/460/756
s 24
f 458/876/757 464/878/758 465/877/684 459/873/680
f 459/873/680 462/869/683 461/872/759 458/876/757
s 2
f 458/460/756 461/461/760 460/415/662 457/414/661
f 463/411/658 466/413/660 467/462/761 464/459/755
s 24
f 464/789/758 467/785/762 468/784/686 465/788/684
s 2
f 466/413/660 469/412/659 470/463/763 467/462/761
s 24
f 467/785/762 470/781/764 471/780/688 468/784/686
s 2
f 469/412/659 472/410/657 473/464/765 470/463/763
s 24
f 470/781/764 473/777/766 474/776/690 471/780/688
s 2
f 472/410/657 475/409/656 476/465/767 473/464/765
s 24
f 473/777/766 476/773/768 477/772/692 474/776/690
s 2
f 475/409/656 478/408/655 479/466/769 476/465/767
s 24
f 476/773/768 479/769/770 480/768/694 477/772/692
s 2
f 490/405/652 491/467/771 479/466/769 478/408/655
s 24
f 491/765/772 492/764/705 480/768/694 479/769/770
s 2
f 481/417/664 493/416/663 494/468/773 482/469/774
s 24
f 482/864/775 494/868/776 495/865/697 483/861/696
s 2
f 484/418/665 487/419/666 488/470/777 485/471/778
s 24
f 485/856/779 488/860/780 489/857/700 486/852/703
f 483/861/696 489/857/700 488/860/780 482/864/775
s 2
f 482/469/774 488/470/777 487/419/666 481/417/664
s 24
f 115/759/264 492/764/705 491/765/772 114/761/357
s 2
f 114/248/358 491/467/771 490/405/652 113/173/209
s 24
f 462/869/683 495/865/697 494/868/776 461/872/759
s 2
f 461/461/760 494/468/773 493/416/663 460/415/662
f 496/428/675 499/429/676 500/472/781 497/473/782
s 24
f 497/847/783 500/848/784 501/841/706 498/842/707
s 2
f 499/429/676 526/430/677 527/474/785 500/472/781
s 24
f 500/848/784 527/853/786 528/846/719 501/841/706
f 498/842/707 504/845/709 503/851/787 497/847/783
s 2
f 497/473/782 503/475/788 502/425/672 496/428/675
s 24
f 504/729/709 507/725/711 506/728/789 503/730/787
s 2
f 503/475/788 506/476/790 505/426/673 502/425/672
s 24
f 507/725/711 510/721/712 509/724/791 506/728/789
s 2
f 506/476/790 509/477/792 508/427/674 505/426/673
s 24
f 510/721/712 513/717/713 512/720/793 509/724/791
s 2
f 509/477/792 512/478/794 511/424/671 508/427/674
s 24
f 513/717/713 516/713/715 515/716/795 512/720/793
s 2
f 512/478/794 515/479/796 514/422/669 511/424/671
s 24
f 516/713/715 519/709/717 518/712/797 515/716/795
s 2
f 515/479/796 518/480/798 517/423/670 514/422/669
s 17
f 451/402/649 522/432/679 521/456/750 452/458/754
s 2
f 452/458/753 521/456/749 520/407/654 453/406/653
f 517/423/670 518/480/798 524/454/745 523/421/668
s 24
f 524/708/746 518/712/797 519/709/717 525/705/720
f 485/856/779 486/852/703 528/846/719 527/853/786
s 2
f 484/418/665 485/471/778 527/474/785 526/430/677
s 24
f 233/698/284 592/702/721 593/703/799 234/699/377
s 14
f 234/262/379 593/663/800 594/662/740 235/261/306
s 24
f 529/867/682 532/870/681 533/871/801 530/866/802
s 14
f 530/665/803 533/664/804 534/654/732 531/653/731
s 24
f 532/870/681 535/874/685 536/875/805 533/871/801
s 14
f 533/664/804 536/666/806 537/494/729 534/654/732
s 24
f 535/787/685 538/783/687 539/786/807 536/790/805
s 14
f 536/666/806 539/667/808 540/495/730 537/494/729
s 24
f 538/783/687 541/779/689 542/782/809 539/786/807
s 14
f 539/667/808 542/668/810 543/492/727 540/495/730
s 24
f 541/779/689 544/775/691 545/778/811 542/782/809
s 14
f 542/668/810 545/669/812 546/493/728 543/492/727
s 24
f 544/775/691 547/771/693 548/774/813 545/778/811
s 14
f 545/669/812 548/670/814 549/489/724 546/493/728
s 24
f 547/771/693 550/767/695 551/770/815 548/774/813
s 14
f 548/670/814 551/652/816 552/488/723 549/489/724
s 24
f 562/763/704 563/766/817 551/770/815 550/767/695
s 14
f 563/651/818 564/487/722 552/488/723 551/652/816
s 24
f 553/859/699 565/862/698 566/863/819 554/858/820
s 14
f 554/649/821 566/650/822 567/655/733 555/656/734
s 24
f 556/849/702 559/854/701 560/855/823 557/850/824
s 14
f 557/647/825 560/648/826 561/657/735 558/658/736
f 555/656/734 561/657/735 560/648/826 554/649/821
s 24
f 554/858/820 560/855/823 559/854/701 553/859/699
s 14
f 232/206/286 564/487/722 563/651/818 231/329/407
s 24
f 231/762/408 563/766/817 562/763/704 230/760/267
s 14
f 531/653/731 567/655/733 566/650/822 530/665/803
s 24
f 530/866/802 566/863/819 565/862/698 529/867/682
f 568/838/636 595/843/718 596/844/827 569/835/633
s 14
f 569/482/632 596/646/828 597/659/737 570/450/629
f 571/451/630 576/491/726 575/645/829 572/481/631
s 24
f 572/836/634 575/839/830 574/840/708 573/837/635
s 14
f 576/491/726 579/490/725 578/644/831 575/645/829
s 24
f 575/726/830 578/722/832 577/723/710 574/727/708
s 14
f 579/490/725 582/483/637 581/486/640 578/644/831
s 24
f 578/722/832 581/718/641 580/719/644 577/723/710
s 14
f 583/484/638 588/660/738 587/643/833 584/485/639
s 24
f 584/714/642 587/710/834 586/711/714 585/715/643
s 14
f 588/660/738 591/661/739 590/642/835 587/643/833
s 24
f 587/710/834 590/707/836 589/706/716 586/711/714
f 589/706/716 590/707/836 593/703/799 592/702/721
s 14
f 593/663/800 590/642/835 591/661/739 594/662/740
f 557/647/825 558/658/736 597/659/737 596/646/828
s 24
f 556/849/702 557/850/824 596/844/827 595/843/718
s off
f 58/119/837 306/64/838 599/337/839 381/437/840
f 389/448/841 606/343/842 317/75/843 67/131/844
f 599/337/845 608/347/846 382/433/847 381/437/848
f 382/433/849 608/347/850 609/356/851 383/434/852
f 383/434/853 609/356/854 610/355/855 384/447/856
f 610/355/857 612/357/858 385/446/859 384/447/860
f 385/446/861 612/357/862 614/358/863 386/445/864
f 386/445/865 614/358/866 616/359/867 387/444/868
f 616/359/869 618/360/870 388/443/871 387/444/872
f 388/443/873 618/360/874 620/361/875 391/442/876
f 391/442/877 620/361/878 619/352/879 390/449/880
f 606/343/881 389/448/882 390/449/883 619/352/884
s 57
f 621/496/885 622/497/886 657/498/887 646/499/888
s 58
f 622/497/889 623/500/890 656/501/891 657/498/892
s 59
f 623/500/893 624/502/894 655/503/895 656/501/896
s 60
f 624/502/897 625/504/898 654/505/899 655/503/900
s 61
f 625/504/901 626/506/902 653/507/903 654/505/904
s 62
f 626/506/905 627/508/906 652/509/907 653/507/908
s 63
f 627/508/909 628/510/910 651/511/911 652/509/912
s 64
f 628/510/913 629/512/914 650/513/915 651/511/916
s 65
f 629/512/917 630/514/918 649/515/919 650/513/920
s 66
f 630/514/921 631/516/922 648/517/923 649/515/924
s 67
f 631/516/925 632/518/926 647/519/927 648/517/928
s 68
f 632/518/929 621/496/930 646/499/931 647/519/932
s 69
f 659/520/933 658/521/934 660/522/935
f 661/523/936 659/520/933 660/522/935
f 662/524/937 661/523/936 660/522/935
f 663/525/938 662/524/937 660/522/935
f 664/526/939 663/525/938 660/522/935
f 665/527/940 664/526/939 660/522/935
f 666/528/941 665/527/940 660/522/935
f 667/529/942 666/528/941 660/522/935
f 668/530/943 667/529/942 660/522/935
f 669/531/944 668/530/943 660/522/935
f 670/532/945 669/531/944 660/522/935
f 658/521/934 670/532/945 660/522/935
s 70
f 633/533/946 634/534/947 645/535/948
f 634/534/947 635/536/949 645/535/948
f 635/536/949 636/537/950 645/535/948
f 636/537/950 637/538/951 645/535/948
f 637/538/951 638/539/952 645/535/948
f 638/539/952 639/540/953 645/535/948
f 639/540/953 640/541/954 645/535/948
f 640/541/954 641/542/955 645/535/948
f 641/542/955 642/543/956 645/535/948
f 642/543/956 643/544/957 645/535/948
f 643/544/957 644/545/958 645/535/948
f 644/545/958 633/533/946 645/535/948
s 68
f 647/519/932 646/499/931 633/533/959 644/545/960
s 67
f 648/517/928 647/519/927 644/545/961 643/544/962
s 66
f 649/515/924 648/517/923 643/544/963 642/543/964
s 65
f 650/513/920 649/515/919 642/543/965 641/542/966
s 64
f 651/511/916 650/513/915 641/542/967 640/541/968
s 63
f 652/509/912 651/511/911 640/541/969 639/540/970
s 62
f 653/507/908 652/509/907 639/540/971 638/539/972
s 61
f 654/505/904 653/507/903 638/539/973 637/538/974
s 60
f 655/503/900 654/505/899 637/538/975 636/537/976
s 59
f 656/501/896 655/503/895 636/537/977 635/536/978
s 58
f 657/498/892 656/501/891 635/536/979 634/534/980
s 57
f 646/499/888 657/498/887 634/534/981 633/533/982
s off
f 622/497/983 621/496/984 658/521/985 659/520/986
f 623/500/987 622/497/988 659/520/989 661/523/990
f 624/502/991 623/500/992 661/523/993 662/524/994
f 625/504/995 624/502/996 662/524/997 663/525/998
f 626/506/999 625/504/1000 663/525/1001 664/526/1002
f 627/508/1003 626/506/1004 664/526/1005 665/527/1006
f 628/510/1007 627/508/1008 665/527/1009 666/528/1010
f 629/512/1011 628/510/1012 666/528/1013 667/529/1014
f 630/514/1015 629/512/1016 667/529/1017 668/530/1018
f 631/516/1019 630/514/1020 668/530/1021 669/531/1022
f 632/518/1023 631/516/1024 669/531/1025 670/532/1026
f 621/496/1027 632/518/1028 670/532/1029 658/521/1030
s 71
f 671/546/1031 672/547/1032 684/548/1033 683/549/1034
s 72
f 672/547/1035 673/550/1036 685/551/1037 684/548/1038
s 73
f 673/550/1039 674/552/1040 686/553/1041 685/551/1042
s 74
f 674/552/1043 675/554/1044 687/555/1045 686/553/1046
s 75
f 675/554/1047 676/556/1048 688/557/1049 687/555/1050
s 76
f 676/556/1051 677/558/1052 689/559/1053 688/557/1054
s 77
f 677/558/1055 678/560/1056 690/561/1057 689/559/1058
s 78
f 678/560/1059 679/562/1060 691/563/1061 690/561/1062
s 79
f 679/562/1063 680/564/1064 692/565/1065 691/563/1066
s 80
f 680/564/1067 681/566/1068 693/567/1069 692/565/1070
s 81
f 681/566/1071 682/568/1072 694/569/1073 693/567/1074
s 82
f 682/568/1075 671/546/1076 683/549/1077 694/569/1078
s 83
f 672/547/1079 671/546/1080 695/570/1081
f 673/550/1082 672/547/1079 695/570/1081
f 674/552/1083 673/550/1082 695/570/1081
f 675/554/1084 674/552/1083 695/570/1081
f 676/556/1085 675/554/1084 695/570/1081
f 677/558/1086 676/556/1085 695/570/1081
f 678/560/1087 677/558/1086 695/570/1081
f 679/562/1088 678/560/1087 695/570/1081
f 680/564/1089 679/562/1088 695/570/1081
f 681/566/1090 680/564/1089 695/570/1081
f 682/568/1091 681/566/1090 695/570/1081
f 671/546/1080 682/568/1091 695/570/1081
s 84
f 696/571/1092 697/572/1093 698/573/1094
f 697/572/1093 699/574/1095 698/573/1094
f 699/574/1095 700/575/1096 698/573/1094
f 700/575/1096 701/576/1097 698/573/1094
f 701/576/1097 702/577/1098 698/573/1094
f 702/577/1098 703/578/1099 698/573/1094
f 703/578/1099 704/579/1100 698/573/1094
f 704/579/1100 705/580/1101 698/573/1094
f 705/580/1101 706/581/1102 698/573/1094
f 706/581/1102 707/582/1103 698/573/1094
f 707/582/1103 708/583/1104 698/573/1094
f 708/583/1104 696/571/1092 698/573/1094
s 71
f 683/549/1034 684/548/1033 697/572/1105 696/571/1106
s 72
f 684/548/1038 685/551/1037 699/574/1107 697/572/1108
s 73
f 685/551/1042 686/553/1041 700/575/1109 699/574/1110
s 74
f 686/553/1046 687/555/1045 701/576/1111 700/575/1112
s 75
f 687/555/1050 688/557/1049 702/577/1113 701/576/1114
s 76
f 688/557/1054 689/559/1053 703/578/1115 702/577/1116
s 77
f 689/559/1058 690/561/1057 704/579/1117 703/578/1118
s 78
f 690/561/1062 691/563/1061 705/580/1119 704/579/1120
s 79
f 691/563/1066 692/565/1065 706/581/1121 705/580/1122
s 80
f 692/565/1070 693/567/1069 707/582/1123 706/581/1124
s 81
f 693/567/1074 694/569/1073 708/583/1125 707/582/1126
s 82
f 694/569/1078 683/549/1077 696/571/1127 708/583/1128
s off
f 709/584/1129 710/585/1130 718/586/1131 717/587/1132
f 710/585/1133 711/588/1134 719/589/1135 718/586/1136
f 711/588/1137 712/590/1138 720/591/1139 719/589/1140
f 712/590/1141 713/592/1142 721/593/1143 720/591/1144
f 713/592/1145 714/594/1146 722/595/1147 721/593/1148
f 714/594/1149 715/596/1150 723/597/1151 722/595/1152
f 715/596/1153 716/598/1154 724/599/1155 723/597/1156
f 716/598/1157 709/584/1158 717/587/1159 724/599/1160
f 717/587/1161 718/586/1162 726/600/1163 725/601/1164
f 718/586/1165 719/589/1166 727/602/1167 726/600/1168
f 719/589/1169 720/591/1170 728/603/1171 727/602/1172
f 720/591/1173 721/593/1174 729/604/1175 728/603/1176
f 721/593/1177 722/595/1178 730/605/1179 729/604/1180
f 722/595/1181 723/597/1182 731/606/1183 730/605/1184
f 723/597/1185 724/599/1186 732/607/1187 731/606/1188
f 724/599/1189 717/587/1190 725/601/1191 732/607/1192
f 725/601/1193 726/600/1194 734/608/1195 733/609/1196
f 726/600/1197 727/602/1198 735/610/1199 734/608/1200
f 727/602/1201 728/603/1202 736/611/1203 735/610/1204
f 728/603/1205 729/604/1206 737/612/1207 736/611/1208
f 729/604/1209 730/605/1210 738/613/1211 737/612/1212
f 730/605/1213 731/606/1214 739/614/1215 738/613/1216
f 731/606/1217 732/607/1218 740/615/1219 739/614/1220
f 732/607/1221 725/601/1222 733/609/1223 740/615/1224
f 733/609/1225 734/608/1226 742/616/1227 741/617/1228
f 734/608/1229 735/610/1230 743/618/1231 742/616/1232
f 735/610/1233 736/611/1234 744/619/1235 743/618/1236
f 736/611/1237 737/612/1238 745/620/1239 744/619/1240
f 737/612/1241 738/613/1242 746/621/1243 745/620/1244
f 738/613/1245 739/614/1246 747/622/1247 746/621/1248
f 739/614/1249 740/615/1250 748/623/1251 747/622/1252
f 740/615/1253 733/609/1254 741/617/1255 748/623/1256
f 741/617/1257 742/616/1258 750/624/1259 749/625/1260
f 742/616/1261 743/618/1262 751/626/1263 750/624/1264
f 743/618/1265 744/619/1266 752/627/1267 751/626/1268
f 744/619/1269 745/620/1270 753/628/1271 752/627/1272
f 745/620/1273 746/621/1274 754/629/1275 753/628/1276
f 746/621/1277 747/622/1278 755/630/1279 754/629/1280
f 747/622/1281 748/623/1282 756/631/1283 755/630/1284
f 748/623/1285 741/617/1286 749/625/1287 756/631/1288
f 749/625/1289 750/624/1290 758/632/1291 757/633/1292
f 750/624/1293 751/626/1294 759/634/1295 758/632/1296
f 751/626/1297 752/627/1298 760/635/1299 759/634/1300
f 752/627/1301 753/628/1302 761/636/1303 760/635/1304
f 753/628/1305 754/629/1306 762/637/1307 761/636/1308
f 754/629/1309 755/630/1310 763/638/1311 762/637/1312
f 755/630/1313 756/631/1314 764/639/1315 763/638/1316
f 756/631/1317 749/625/1318 757/633/1319 764/639/1320
f 710/585/1321 709/584/1322 765/640/1323
f 711/588/1324 710/585/1325 765/640/1326
f 712/590/1327 711/588/1328 765/640/1329
f 713/592/1330 712/590/1331 765/640/1332
f 714/594/1333 713/592/1334 765/640/1335
f 715/596/1336 714/594/1337 765/640/1338
f 716/598/1339 715/596/1340 765/640/1341
f 709/584/1342 716/598/1343 765/640/1344
f 757/633/1345 758/632/1346 766/641/1347
f 758/632/1348 759/634/1349 766/641/1350
f 759/634/1351 760/635/1352 766/641/1353
f 760/635/1354 761/636/1355 766/641/1356
f 761/636/1357 762/637/1358 766/641/1359
f 762/637/1360 763/638/1361 766/641/1362
f 763/638/1363 764/639/1364 766/641/1365
f 764/639/1366 757/633/1367 766/641/1368
g default
v 2.616146 23.906935 -1.723277
v 4.784750 23.906935 -1.723277
v 2.616146 27.881845 -1.723277
v 4.784750 27.881845 -1.723277
v 2.616146 27.881845 -4.297792
v 4.784750 27.881845 -4.297792
v 2.616146 23.906935 -4.297792
v 4.784750 23.906935 -4.297792
v 2.616146 23.906935 1.287258
v 4.784750 23.906935 1.287258
v 2.616146 27.881845 1.287258
v 4.784750 27.881845 1.287258
v 2.616146 27.881845 -1.287258
v 4.784750 27.881845 -1.287258
v 2.616146 23.906935 -1.287258
v 4.784750 23.906935 -1.287258
v 2.616146 23.906935 4.297792
v 4.784750 23.906935 4.297792
v 2.616146 27.881845 4.297792
v 4.784750 27.881845 4.297792
v 2.616146 27.881845 1.723276
v 4.784750 27.881845 1.723276
v 2.616146 23.906935 1.723276
v 4.784750 23.906935 1.723276
v 2.616111 18.957966 4.297791
v 4.784715 18.957966 4.297791
v 2.616111 22.932877 4.297791
v 4.784715 22.932877 4.297791
v 2.616111 22.932877 1.723276
v 4.784715 22.932877 1.723276
v 2.616111 18.957966 1.723276
v 4.784715 18.957966 1.723276
v 2.616111 18.957966 1.287258
v 4.784715 18.957966 1.287258
v 2.616111 22.932877 1.287258
v 4.784715 22.932877 1.287258
v 2.616111 22.932877 -1.287258
v 4.784715 22.932877 -1.287258
v 2.616111 18.957966 -1.287258
v 4.784715 18.957966 -1.287258
v 2.616111 18.957966 -1.723277
v 4.784715 18.957966 -1.723277
v 2.616111 22.932877 -1.723277
v 4.784715 22.932877 -1.723277
v 2.616111 22.932877 -4.297792
v 4.784715 22.932877 -4.297792
v 2.616111 18.957966 -4.297792
v 4.784715 18.957966 -4.297792
v 2.616075 14.008996 -1.723277
v 4.784680 14.008996 -1.723277
v 2.616075 17.983906 -1.723277
v 4.784680 17.983906 -1.723277
v 2.616075 17.983906 -4.297792
v 4.784680 17.983906 -4.297792
v 2.616075 14.008996 -4.297792
v 4.784680 14.008996 -4.297792
v 2.616075 14.008996 1.287258
v 4.784680 14.008996 1.287258
v 2.616075 17.983906 1.287258
v 4.784680 17.983906 1.287258
v 2.616075 17.983906 -1.287258
v 4.784680 17.983906 -1.287258
v 2.616075 14.008996 -1.287258
v 4.784680 14.008996 -1.287258
v 2.616075 14.008996 4.297791
v 4.784680 14.008996 4.297791
v 2.616075 17.983906 4.297791
v 4.784680 17.983906 4.297791
v 2.616075 17.983906 1.723276
v 4.784680 17.983906 1.723276
v 2.616075 14.008996 1.723276
v 4.784680 14.008996 1.723276
v 2.616040 9.060025 4.297791
v 4.784645 9.060025 4.297791
v 2.616040 13.034934 4.297791
v 4.784645 13.034934 4.297791
v 2.616040 13.034934 1.723275
v 4.784645 13.034934 1.723275
v 2.616040 9.060025 1.723275
v 4.784645 9.060025 1.723275
v 2.616040 9.060025 1.287258
v 4.784645 9.060025 1.287258
v 2.616040 13.034934 1.287258
v 4.784645 13.034934 1.287258
v 2.616040 13.034934 -1.287258
v 4.784645 13.034934 -1.287258
v 2.616040 9.060025 -1.287258
v 4.784645 9.060025 -1.287258
v 2.616040 9.060025 -1.723277
v 4.784645 9.060025 -1.723277
v 2.616040 13.034934 -1.723277
v 4.784645 13.034934 -1.723277
v 2.616040 13.034934 -4.297792
v 4.784645 13.034934 -4.297792
v 2.616040 9.060025 -4.297792
v 4.784645 9.060025 -4.297792
v 3.969461 7.912021 -5.071704
v 3.960571 7.927303 0.000000
v 10.896258 4.314846 -4.314495
v 10.560830 4.496314 0.008129
v 11.324902 4.080863 -4.061544
v 11.036530 4.237492 0.009255
v 11.476258 3.998242 0.010052
v 10.896259 4.314845 4.334599
v 3.969223 7.912438 5.071703
v 11.324902 4.080863 4.081647
v 4.112789 28.521841 -5.071756
v 4.112789 28.521841 0.000000
v 5.212347 38.080105 -2.605101
v 5.288378 39.598305 0.000000
v 5.220212 36.966621 -1.511078
v 6.043828 34.404110 -0.000000
v 6.054735 35.336300 0.000000
v 6.276040 39.545731 -5.073042
v 6.230636 39.555984 -4.195807
v 5.201592 39.584705 -2.990203
v 5.223059 36.556335 0.000000
v 5.191053 41.072090 -2.575434
v 5.220212 36.966621 1.511077
v 4.112789 28.521841 5.071756
v 5.183081 42.150208 -1.481680
v 5.212347 38.080105 2.605100
v 5.179876 42.542736 0.000000
v 5.201592 39.584705 2.990203
v 6.492688 44.544868 -5.074845
v 6.515291 44.559532 0.000000
v 5.183081 42.150208 1.481680
v 5.191053 41.072090 2.575434
v 6.542596 45.161415 -0.000000
v 6.276040 39.545731 5.073042
v 6.230636 39.555984 4.195807
v 6.492688 44.544868 5.074845
v 6.043849 34.404224 -5.071841
v 6.077248 35.905613 -2.109710
v 6.141694 37.455170 -3.645212
v 6.043849 34.404224 5.071841
v 6.319829 41.652245 -3.626044
v 6.141694 37.455170 3.645212
v 6.077247 35.905613 2.109709
v 6.390476 43.176167 -2.091856
v 6.424337 43.733414 -0.000000
v 6.319829 41.652245 3.626044
v 6.390476 43.176167 2.091856
v 6.542569 45.161415 4.445610
v 6.542569 45.161415 -4.445610
v 11.499747 3.985420 3.472577
v 11.499746 3.985420 -3.452473
v 2.231858 6.921699 -5.071810
v 2.240748 6.906416 -0.000000
v 9.940013 2.558260 -4.314763
v 9.604533 2.739756 0.008129
v 10.368063 2.324600 -4.061871
v 10.079825 2.481156 0.009255
v 10.519784 2.241780 0.010052
v 9.940012 2.558260 4.334867
v 2.232096 6.921281 5.071810
v 10.368061 2.324601 4.081975
v 2.137994 28.838362 -5.071756
v 2.137994 28.838362 -0.000000
v 3.364409 37.719051 -3.279465
v 3.288378 39.598305 0.000000
v 3.356544 36.345421 -1.886379
v 4.076209 34.762547 0.000000
v 4.112202 34.860310 -0.000000
v 4.277926 39.632538 -5.070498
v 4.326257 39.632492 -4.802014
v 3.375164 39.611904 -3.804709
v 3.353697 35.845360 -0.000000
v 3.385703 41.521973 -3.309132
v 3.356544 36.345421 1.886379
v 2.137994 28.838362 5.071756
v 3.393674 42.930969 -1.915776
v 3.364409 37.719051 3.279465
v 3.396880 43.448788 -0.000000
v 3.375164 39.611904 3.804709
v 4.495206 44.645020 -5.068696
v 4.518182 44.667030 -0.000000
v 3.393674 42.930969 1.915776
v 3.385703 41.521973 3.309132
v 4.546439 45.285347 0.000000
v 4.277926 39.632538 5.070498
v 4.326257 39.632492 4.802014
v 4.495206 44.645020 5.068696
v 4.076188 34.762432 -5.071696
v 4.139691 35.496769 -2.390290
v 4.218025 37.241440 -4.149016
v 4.076188 34.762432 5.071696
v 4.435067 42.044365 -4.168184
v 4.218025 37.241440 4.149016
v 4.139692 35.496769 2.390291
v 4.521713 43.814671 -2.408144
v 4.562237 44.463196 0.000000
v 4.435067 42.044365 4.168184
v 4.521713 43.814671 2.408144
v 4.546418 45.285347 4.441062
v 4.546418 45.285347 -4.441062
v 10.543271 2.228959 3.472664
v 10.543272 2.228958 -3.452560
v 9.898570 3.816566 1.987306
v 9.651155 3.926153 1.875221
v 9.403742 4.035742 1.987306
v 9.301259 4.081134 2.257905
v 9.403742 4.035742 2.528502
v 9.651155 3.926153 2.640588
v 9.898570 3.816566 2.528502
v 10.001053 3.771173 2.257905
v 10.196107 3.921862 1.757905
v 9.738945 4.124354 1.550798
v 9.281783 4.326846 1.757905
v 9.092421 4.410721 2.257905
v 9.281783 4.326846 2.757905
v 9.738945 4.124354 2.965011
v 10.196107 3.921862 2.757905
v 10.385469 3.837987 2.257905
v 10.467642 4.156413 1.604623
v 9.870332 4.420982 1.334025
v 9.273022 4.685551 1.604623
v 9.025607 4.795139 2.257905
v 9.273022 4.685551 2.911186
v 9.870332 4.420982 3.181784
v 10.467642 4.156413 2.911186
v 10.715056 4.046825 2.257905
v 10.671837 4.484511 1.550798
v 10.025312 4.770878 1.257905
v 9.378788 5.057246 1.550798
v 9.110989 5.175863 2.257905
v 9.378788 5.057246 2.965011
v 10.025312 4.770878 3.257905
v 10.671837 4.484511 2.965011
v 10.939636 4.365894 2.257905
v 10.777603 4.856206 1.604623
v 10.180293 5.120775 1.334025
v 9.582983 5.385344 1.604623
v 9.335568 5.494932 2.257905
v 9.582983 5.385344 2.911186
v 10.180293 5.120775 3.181784
v 10.777603 4.856206 2.911186
v 11.025018 4.746618 2.257905
v 10.768842 5.214911 1.757905
v 10.311680 5.417403 1.550798
v 9.854518 5.619895 1.757905
v 9.665155 5.703770 2.257905
v 9.854518 5.619895 2.757905
v 10.311680 5.417403 2.965011
v 10.768842 5.214911 2.757905
v 10.958204 5.131035 2.257905
v 10.646883 5.506015 1.987306
v 10.399469 5.615603 1.875221
v 10.152055 5.725191 1.987306
v 10.049573 5.770584 2.257905
v 10.152055 5.725191 2.528502
v 10.399469 5.615603 2.640588
v 10.646883 5.506015 2.528502
v 10.749366 5.460622 2.257905
v 9.620328 3.856555 2.257905
v 10.430297 5.685202 2.257905
v 9.898570 3.816566 -1.979177
v 9.651155 3.926153 -1.867091
v 9.403741 4.035742 -1.979177
v 9.301259 4.081134 -2.249777
v 9.403742 4.035742 -2.520375
v 9.651155 3.926154 -2.632461
v 9.898570 3.816566 -2.520375
v 10.001052 3.771173 -2.249777
v 10.196107 3.921862 -1.749775
v 9.738945 4.124354 -1.542668
v 9.281783 4.326846 -1.749775
v 9.092421 4.410721 -2.249777
v 9.281783 4.326846 -2.749777
v 9.738945 4.124353 -2.956883
v 10.196107 3.921862 -2.749777
v 10.385469 3.837987 -2.249777
v 10.467642 4.156413 -1.596495
v 9.870332 4.420982 -1.325897
v 9.273022 4.685551 -1.596495
v 9.025607 4.795139 -2.249777
v 9.273022 4.685551 -2.903059
v 9.870332 4.420982 -3.173656
v 10.467643 4.156413 -2.903059
v 10.715056 4.046825 -2.249777
v 10.671837 4.484511 -1.542668
v 10.025312 4.770878 -1.249775
v 9.378788 5.057246 -1.542668
v 9.110989 5.175863 -2.249775
v 9.378788 5.057246 -2.956882
v 10.025312 4.770878 -3.249775
v 10.671837 4.484511 -2.956882
v 10.939636 4.365894 -2.249775
v 10.777603 4.856206 -1.596492
v 10.180293 5.120775 -1.325894
v 9.582983 5.385344 -1.596492
v 9.335568 5.494932 -2.249773
v 9.582983 5.385344 -2.903054
v 10.180293 5.120775 -3.173652
v 10.777603 4.856206 -2.903054
v 11.025018 4.746618 -2.249773
v 10.768842 5.214911 -1.749775
v 10.311680 5.417403 -1.542668
v 9.854518 5.619895 -1.749775
v 9.665155 5.703770 -2.249773
v 9.854518 5.619895 -2.749773
v 10.311680 5.417403 -2.956880
v 10.768842 5.214911 -2.749773
v 10.958204 5.131035 -2.249773
v 10.646884 5.506015 -1.979177
v 10.399469 5.615603 -1.867092
v 10.152055 5.725191 -1.979177
v 10.049573 5.770584 -2.249773
v 10.152055 5.725191 -2.520371
v 10.399469 5.615603 -2.632457
v 10.646883 5.506015 -2.520371
v 10.749366 5.460622 -2.249773
v 9.620328 3.856555 -2.249775
v 10.430297 5.685202 -2.249774
v 5.060012 34.583328 6.071768
v 5.493941 45.009155 6.071771
v 5.544491 46.223385 4.857553
v 11.692751 -0.084164 4.005660
v 11.583124 -0.084164 4.934267
v 10.788231 -0.084164 5.324690
v 11.051258 3.090950 5.334742
v 11.560010 2.813238 4.944318
v 11.592511 2.795497 4.015713
v 11.103735 -1.379180 3.863492
v 10.969259 -1.379180 4.518690
v 10.240206 -1.379180 4.661456
v 3.100655 7.416862 6.071757
v -5.411529 34.583336 0.000000
v -5.411529 7.627136 0.000000
v -5.411529 2.290349 0.000000
v -5.411529 -0.084164 0.000000
v 11.592529 2.795487 0.010052
v 11.692770 -0.084164 0.000000
v 5.544517 46.223385 0.000000
v 11.103765 -1.379180 0.000000
v -5.411529 28.678083 0.000000
v 3.125386 28.680101 6.071756
v 5.060019 34.583328 5.071768
v 5.493947 44.594944 5.071771
v 5.544494 45.223381 4.443336
v 10.846481 3.202732 4.081811
v 3.100659 7.416860 5.071757
v 10.998021 3.120011 0.010052
v 5.544518 45.223381 0.000000
v 3.125391 28.680101 5.071756
v -5.411529 45.009140 0.000000
v 10.240206 -1.379180 0.000000
v 11.021509 3.107189 3.472621
v 10.418136 3.436553 4.334733
v 5.060012 34.583328 -6.071768
v 5.493941 45.009155 -6.071771
v 5.544491 46.223385 -4.857553
v 11.692751 -0.084164 -4.005660
v 11.583124 -0.084164 -4.934267
v 10.788231 -0.084164 -5.324690
v 11.051258 3.090950 -5.314638
v 11.560009 2.813238 -4.924214
v 11.592510 2.795497 -3.995610
v 11.103735 -1.379180 -3.863492
v 10.969259 -1.379180 -4.518690
v 10.240206 -1.379180 -4.661456
v 3.100655 7.416862 -6.071757
v 3.125386 28.680101 -6.071756
v 5.060019 34.583328 -5.071768
v 5.493947 44.594944 -5.071771
v 5.544494 45.223381 -4.443336
v 10.846482 3.202732 -4.061707
v 3.100659 7.416860 -5.071757
v 3.125391 28.680101 -5.071756
v 11.021509 3.107189 -3.452517
v 10.418136 3.436553 -4.314629
v -4.775150 -0.084164 6.023585
v -5.411564 -0.084164 5.447350
v -4.784940 2.356165 6.026889
v -5.411563 2.290349 5.440041
v -4.804506 34.583328 6.071709
v -5.411564 34.583328 5.464643
v -4.804506 45.009155 6.071709
v -5.411564 44.757706 5.464643
v -5.411557 45.616325 4.606036
v -4.804495 46.223385 4.857494
v -4.260473 -1.379180 5.360449
v -5.034783 -0.912564 4.980397
v -4.804504 7.627136 6.071709
v -5.411564 7.627136 5.464645
v -4.804506 28.678226 6.071709
v -5.411564 28.678080 5.464643
v -4.312010 -1.379180 0.000000
v -5.033882 -0.914476 0.000000
v -5.411529 45.616322 0.000000
v -4.804467 46.223385 0.000000
v -4.775159 -0.084164 -6.023586
v -5.411564 -0.084164 -5.447359
v -4.784940 2.356165 -6.026889
v -5.411563 2.290349 -5.440041
v -4.804506 34.583328 -6.071709
v -5.411564 34.583328 -5.464643
v -4.804506 45.009155 -6.071709
v -5.411564 44.757706 -5.464644
v -4.804495 46.223385 -4.857494
v -5.411557 45.616325 -4.606036
v -5.034783 -0.912564 -4.980397
v -4.260473 -1.379180 -5.360449
v -4.804504 7.627136 -6.071709
v -5.411564 7.627136 -5.464645
v -4.804506 28.678226 -6.071709
v -5.411564 28.678080 -5.464643
v 2.708258 34.583328 5.071768
v 3.142187 44.594944 5.071771
v 3.192733 45.223381 4.443336
v 0.889350 7.627136 5.071757
v 2.731350 3.650805 4.071759
v 2.476120 4.201769 4.324681
v 0.773631 28.680101 5.071756
v 3.192757 45.223381 0.000000
v 2.835639 3.425675 3.462569
v 2.821645 3.455886 0.000000
v 2.708258 34.583328 -5.071768
v 3.142187 44.594944 -5.071771
v 3.192733 45.223381 -4.443336
v 0.889350 7.627136 -5.071757
v 2.731350 3.650805 -4.071759
v 2.476120 4.201769 -4.324681
v 0.773631 28.680101 -5.071756
v 2.835639 3.425675 -3.462569
v 2.476120 4.201769 0.000000
v 0.889350 7.627136 0.000000
v 0.773631 28.680101 0.000000
v 2.708258 34.583328 0.000000
v 3.142187 44.594944 0.000000
v 2.731350 3.650805 0.000000
v -1.367257 45.223385 -2.928761
v -1.733282 45.223385 -3.294786
v -2.233282 45.223385 -3.428761
v -2.733282 45.223385 -3.294786
v -3.099308 45.223385 -2.928761
v -3.233282 45.223385 -2.428761
v -3.099308 45.223385 -1.928761
v -2.733282 45.223385 -1.562736
v -2.233282 45.223385 -1.428761
v -1.733282 45.223385 -1.562736
v -1.367257 45.223385 -1.928761
v -1.233282 45.223385 -2.428761
v -2.233282 45.223385 -2.428761
v -2.233282 75.706619 -2.428761
v -1.677936 75.396950 -2.749390
v -1.759256 75.615921 -2.702440
v -1.955581 75.706619 -2.589092
v -1.912653 75.396950 -2.984107
v -1.959603 75.615921 -2.902787
v -2.072952 75.706619 -2.706462
v -2.233282 75.396950 -3.070020
v -2.233282 75.615921 -2.976119
v -2.233282 75.706619 -2.749423
v -2.553912 75.396950 -2.984107
v -2.506961 75.615921 -2.902787
v -2.393613 75.706619 -2.706462
v -2.788629 75.396950 -2.749390
v -2.707308 75.615921 -2.702440
v -2.510983 75.706619 -2.589092
v -2.874541 75.396950 -2.428761
v -2.780640 75.615921 -2.428761
v -2.553944 75.706619 -2.428761
v -2.788629 75.396950 -2.108132
v -2.707308 75.615921 -2.155082
v -2.510983 75.706619 -2.268430
v -2.553912 75.396950 -1.873415
v -2.506961 75.615921 -1.954735
v -2.393613 75.706619 -2.151060
v -2.233282 75.396950 -1.787502
v -2.233282 75.615921 -1.881403
v -2.233282 75.706619 -2.108099
v -1.912653 75.396950 -1.873415
v -1.959603 75.615921 -1.954735
v -2.072952 75.706619 -2.151060
v -1.677936 75.396950 -2.108132
v -1.759256 75.615921 -2.155082
v -1.955581 75.706619 -2.268430
v -1.592024 75.396950 -2.428761
v -1.685925 75.615921 -2.428761
v -1.912621 75.706619 -2.428761
v -1.367257 45.223385 2.928761
v -1.733282 45.223385 3.294786
v -2.233282 45.223385 3.428761
v -2.733282 45.223385 3.294786
v -3.099308 45.223385 2.928761
v -3.233282 45.223385 2.428761
v -3.099308 45.223385 1.928761
v -2.733282 45.223385 1.562736
v -2.233282 45.223385 1.428761
v -1.733282 45.223385 1.562736
v -1.367257 45.223385 1.928761
v -1.233282 45.223385 2.428761
v -2.233282 45.223385 2.428761
v -2.233282 75.706619 2.428761
v -1.677936 75.396950 2.749390
v -1.759256 75.615921 2.702440
v -1.955581 75.706619 2.589092
v -1.912653 75.396950 2.984106
v -1.959603 75.615921 2.902787
v -2.072952 75.706619 2.706462
v -2.233282 75.396950 3.070021
v -2.233282 75.615921 2.976118
v -2.233282 75.706619 2.749422
v -2.553912 75.396950 2.984106
v -2.506961 75.615921 2.902787
v -2.393613 75.706619 2.706462
v -2.788629 75.396950 2.749390
v -2.707308 75.615921 2.702440
v -2.510983 75.706619 2.589092
v -2.874541 75.396950 2.428761
v -2.780640 75.615921 2.428761
v -2.553944 75.706619 2.428761
v -2.788629 75.396950 2.108131
v -2.707308 75.615921 2.155082
v -2.510983 75.706619 2.268430
v -2.553912 75.396950 1.873415
v -2.506961 75.615921 1.954735
v -2.393613 75.706619 2.151060
v -2.233282 75.396950 1.787502
v -2.233282 75.615921 1.881403
v -2.233282 75.706619 2.108099
v -1.912653 75.396950 1.873415
v -1.959603 75.615921 1.954735
v -2.072952 75.706619 2.151060
v -1.677936 75.396950 2.108131
v -1.759256 75.615921 2.155082
v -1.955581 75.706619 2.268430
v -1.592024 75.396950 2.428761
v -1.685925 75.615921 2.428761
v -1.912621 75.706619 2.428761
v 3.324637 38.718231 -0.508111
v 3.324637 39.090195 -0.880075
v 3.324637 39.598305 -1.016223
v 3.324637 40.106415 -0.880075
v 3.324637 40.478378 -0.508111
v 3.324637 40.614529 0.000000
v 3.324637 40.478378 0.508111
v 3.324637 40.106415 0.880075
v 3.324637 39.598305 1.016223
v 3.324637 39.090195 0.880075
v 3.324637 38.718231 0.508111
v 3.324637 38.582081 -0.000000
v 3.571492 37.898132 -0.981596
v 3.571492 38.616707 -1.700174
v 3.571492 39.598305 -1.963192
v 3.571492 40.579903 -1.700174
v 3.571492 41.298477 -0.981596
v 3.571492 41.561497 0.000000
v 3.571492 41.298477 0.981596
v 3.571492 40.579903 1.700174
v 3.571492 39.598305 1.963192
v 3.571492 38.616707 1.700174
v 3.571492 37.898132 0.981596
v 3.571492 37.635113 -0.000000
v 3.964182 37.193897 -1.388186
v 3.964182 38.210117 -2.404409
v 3.964182 39.598305 -2.776373
v 3.964182 40.986492 -2.404409
v 3.964182 42.002712 -1.388186
v 3.964182 42.374676 -0.000000
v 3.964182 42.002712 1.388186
v 3.964182 40.986492 2.404409
v 3.964182 39.598305 2.776373
v 3.964182 38.210117 2.404409
v 3.964182 37.193897 1.388186
v 3.964182 36.821934 0.000000
v 4.475945 36.653519 -1.700174
v 4.475945 37.898132 -2.944788
v 4.475945 39.598305 -3.400348
v 4.475945 41.298477 -2.944788
v 4.475945 42.543091 -1.700174
v 4.475945 42.998653 -0.000000
v 4.475945 42.543091 1.700174
v 4.475945 41.298477 2.944788
v 4.475945 39.598305 3.400348
v 4.475945 37.898132 2.944788
v 4.475945 36.653519 1.700174
v 4.475945 36.197956 0.000000
v 5.071905 36.313820 -1.896298
v 5.071905 37.702007 -3.284484
v 5.071905 39.598305 -3.792596
v 5.071905 41.494602 -3.284484
v 5.071905 42.882790 -1.896298
v 5.071905 43.390900 -0.000000
v 5.071905 42.882790 1.896298
v 5.071905 41.494602 3.284484
v 5.071905 39.598305 3.792596
v 5.071905 37.702007 3.284484
v 5.071905 36.313820 1.896298
v 5.071905 35.805710 0.000000
v 5.711450 36.197956 -1.963192
v 5.711450 37.635113 -3.400348
v 5.711450 39.598305 -3.926384
v 5.711450 41.561497 -3.400348
v 5.711450 42.998653 -1.963192
v 5.711450 43.524689 0.000000
v 5.711450 42.998653 1.963192
v 5.711450 41.561497 3.400348
v 5.711450 39.598305 3.926384
v 5.711450 37.635113 3.400348
v 5.711450 36.197956 1.963192
v 5.711450 35.671921 0.000000
v 6.350995 36.313820 -1.896298
v 6.350995 37.702007 -3.284484
v 6.350995 39.598305 -3.792596
v 6.350995 41.494602 -3.284484
v 6.350995 42.882790 -1.896298
v 6.350995 43.390900 0.000000
v 6.350995 42.882790 1.896298
v 6.350995 41.494602 3.284484
v 6.350995 39.598305 3.792596
v 6.350995 37.702007 3.284484
v 6.350995 36.313820 1.896298
v 6.350995 35.805710 -0.000000
v 6.946956 36.653519 -1.700174
v 6.946956 37.898132 -2.944788
v 6.946956 39.598305 -3.400348
v 6.946956 41.298477 -2.944788
v 6.946956 42.543091 -1.700174
v 6.946956 42.998653 0.000000
v 6.946956 42.543091 1.700174
v 6.946956 41.298477 2.944788
v 6.946956 39.598305 3.400348
v 6.946956 37.898132 2.944788
v 6.946956 36.653519 1.700174
v 6.946956 36.197956 -0.000000
v 7.458718 37.193897 -1.388186
v 7.458718 38.210117 -2.404409
v 7.458718 39.598305 -2.776373
v 7.458718 40.986492 -2.404409
v 7.458718 42.002712 -1.388186
v 7.458718 42.374676 0.000000
v 7.458718 42.002712 1.388186
v 7.458718 40.986492 2.404409
v 7.458718 39.598305 2.776373
v 7.458718 38.210117 2.404409
v 7.458718 37.193897 1.388186
v 7.458718 36.821934 0.000000
v 7.851408 37.898132 -0.981596
v 7.851408 38.616707 -1.700174
v 7.851408 39.598305 -1.963192
v 7.851408 40.579903 -1.700174
v 7.851408 41.298477 -0.981596
v 7.851408 41.561497 -0.000000
v 7.851408 41.298477 0.981596
v 7.851408 40.579903 1.700174
v 7.851408 39.598305 1.963192
v 7.851408 38.616707 1.700174
v 7.851408 37.898132 0.981596
v 7.851408 37.635113 0.000000
v 8.098263 38.718231 -0.508111
v 8.098263 39.090195 -0.880075
v 8.098263 39.598305 -1.016223
v 8.098263 40.106415 -0.880075
v 8.098263 40.478378 -0.508111
v 8.098263 40.614529 0.000000
v 8.098263 40.478378 0.508111
v 8.098263 40.106415 0.880075
v 8.098263 39.598305 1.016223
v 8.098263 39.090195 0.880075
v 8.098263 38.718231 0.508111
v 8.098263 38.582081 0.000000
v 3.240439 39.598305 0.000000
v 8.182461 39.598305 -0.000000
vt 0.640074 0.808344
vt 0.640074 0.808344
vt 0.640074 0.936556
vt 0.640074 0.936556
vt 0.723116 0.936556
vt 0.723116 0.936556
vt 0.723116 0.808344
vt 0.723116 0.808344
vt 0.542968 0.808344
vt 0.542968 0.808344
vt 0.542968 0.936556
vt 0.542968 0.936556
vt 0.626010 0.936556
vt 0.626010 0.936556
vt 0.626010 0.808344
vt 0.626010 0.808344
vt 0.445862 0.808344
vt 0.445862 0.808344
vt 0.445862 0.936556
vt 0.445862 0.936556
vt 0.528904 0.936556
vt 0.528904 0.936556
vt 0.528904 0.808344
vt 0.528904 0.808344
vt 0.445862 0.648713
vt 0.445862 0.648713
vt 0.445862 0.776925
vt 0.445862 0.776925
vt 0.528904 0.776925
vt 0.528904 0.776925
vt 0.528904 0.648713
vt 0.528904 0.648713
vt 0.542968 0.648713
vt 0.542968 0.648713
vt 0.542968 0.776925
vt 0.542968 0.776925
vt 0.626010 0.776925
vt 0.626010 0.776925
vt 0.626010 0.648713
vt 0.626010 0.648713
vt 0.640074 0.648713
vt 0.640074 0.648713
vt 0.640074 0.776925
vt 0.640074 0.776925
vt 0.723116 0.776925
vt 0.723116 0.776925
vt 0.723116 0.648713
vt 0.723116 0.648713
vt 0.640074 0.489082
vt 0.640074 0.489082
vt 0.640074 0.617294
vt 0.640074 0.617294
vt 0.723116 0.617294
vt 0.723116 0.617294
vt 0.723116 0.489082
vt 0.723116 0.489082
vt 0.542968 0.489082
vt 0.542968 0.489082
vt 0.542968 0.617294
vt 0.542968 0.617294
vt 0.626010 0.617294
vt 0.626010 0.617294
vt 0.626010 0.489082
vt 0.626010 0.489082
vt 0.445862 0.489082
vt 0.445862 0.489082
vt 0.445862 0.617294
vt 0.445862 0.617294
vt 0.528904 0.617294
vt 0.528904 0.617294
vt 0.528904 0.489082
vt 0.528904 0.489082
vt 0.445862 0.329451
vt 0.445862 0.329451
vt 0.445862 0.457663
vt 0.445862 0.457663
vt 0.528904 0.457663
vt 0.528904 0.457663
vt 0.528904 0.329451
vt 0.528904 0.329451
vt 0.542968 0.329451
vt 0.542968 0.329451
vt 0.542968 0.457663
vt 0.542968 0.457663
vt 0.626010 0.457663
vt 0.626010 0.457663
vt 0.626010 0.329451
vt 0.626010 0.329451
vt 0.640074 0.329451
vt 0.640074 0.329451
vt 0.640074 0.457663
vt 0.640074 0.457663
vt 0.723116 0.457663
vt 0.723116 0.457663
vt 0.723116 0.329451
vt 0.723116 0.329451
vt 0.916971 0.251216
vt 0.925788 0.293100
vt 0.866735 0.293278
vt 0.866640 0.253329
vt 0.914026 0.248491
vt 0.866628 0.250315
vt 0.866618 0.247529
vt 0.906934 0.247380
vt 0.807682 0.293105
vt 0.816265 0.251216
vt 0.819210 0.248491
vt 0.826302 0.247380
vt 0.925789 0.533072
vt 0.866735 0.533072
vt 0.884330 0.631399
vt 0.897068 0.644364
vt 0.866735 0.662041
vt 0.866735 0.626622
vt 0.925790 0.601564
vt 0.909178 0.637088
vt 0.891300 0.619045
vt 0.901552 0.661883
vt 0.896722 0.679201
vt 0.836402 0.644364
vt 0.849141 0.631399
vt 0.807682 0.533072
vt 0.883987 0.691755
vt 0.866735 0.696325
vt 0.836748 0.679201
vt 0.831919 0.661883
vt 0.866735 0.719808
vt 0.925825 0.719637
vt 0.918498 0.726816
vt 0.866735 0.726816
vt 0.849483 0.691755
vt 0.824292 0.637088
vt 0.807681 0.601564
vt 0.842171 0.619045
vt 0.814972 0.726816
vt 0.807646 0.719637
vt 0.866735 0.601562
vt 0.915589 0.661548
vt 0.908955 0.685956
vt 0.891092 0.703700
vt 0.866735 0.710189
vt 0.824515 0.685956
vt 0.817881 0.661548
vt 0.842378 0.703700
vt 0.866735 0.612416
vt 0.925803 0.661429
vt 0.807667 0.661429
vt 0.866735 0.281391
vt 0.925789 0.281569
vt 0.916974 0.230763
vt 0.866640 0.232876
vt 0.914030 0.228042
vt 0.866628 0.229865
vt 0.866618 0.227078
vt 0.906935 0.226928
vt 0.816262 0.230763
vt 0.807681 0.281564
vt 0.826301 0.226928
vt 0.819206 0.228042
vt 0.866735 0.536757
vt 0.925789 0.536757
vt 0.888699 0.624166
vt 0.866735 0.618344
vt 0.866735 0.662041
vt 0.904920 0.640160
vt 0.925788 0.605734
vt 0.894567 0.614285
vt 0.915045 0.634599
vt 0.905265 0.684440
vt 0.911036 0.662200
vt 0.844771 0.624166
vt 0.828551 0.640160
vt 0.807682 0.536757
vt 0.866735 0.706875
vt 0.889042 0.700845
vt 0.822435 0.662200
vt 0.828205 0.684440
vt 0.866735 0.721059
vt 0.866735 0.728259
vt 0.918445 0.728259
vt 0.925753 0.720803
vt 0.844429 0.700845
vt 0.818426 0.634599
vt 0.838904 0.614285
vt 0.807683 0.605734
vt 0.807717 0.720803
vt 0.815025 0.728259
vt 0.866735 0.605736
vt 0.922648 0.662439
vt 0.915268 0.690522
vt 0.894775 0.711135
vt 0.866735 0.718686
vt 0.810823 0.662439
vt 0.818203 0.690522
vt 0.838696 0.711135
vt 0.866735 0.606874
vt 0.925774 0.662440
vt 0.807696 0.662440
vt 0.826551 0.060977
vt 0.829046 0.063757
vt 0.836265 0.068037
vt 0.831656 0.062900
vt 0.826551 0.066538
vt 0.831656 0.073174
vt 0.820529 0.067689
vt 0.820529 0.075302
vt 0.814507 0.066538
vt 0.809402 0.073174
vt 0.812013 0.063757
vt 0.804793 0.068037
vt 0.814507 0.060977
vt 0.809402 0.062900
vt 0.820529 0.059826
vt 0.820529 0.060772
vt 0.841090 0.074441
vt 0.835068 0.067729
vt 0.835068 0.081153
vt 0.820529 0.083933
vt 0.805990 0.081153
vt 0.799968 0.074441
vt 0.805990 0.067729
vt 0.820529 0.064949
vt 0.842784 0.081996
vt 0.836265 0.074731
vt 0.836265 0.089261
vt 0.820529 0.092270
vt 0.804793 0.089261
vt 0.798275 0.081996
vt 0.804793 0.074731
vt 0.820529 0.071722
vt 0.841090 0.089550
vt 0.835068 0.082838
vt 0.835068 0.096262
vt 0.820529 0.099042
vt 0.805990 0.096262
vt 0.799968 0.089550
vt 0.805990 0.082838
vt 0.820529 0.080058
vt 0.836265 0.095955
vt 0.831656 0.090818
vt 0.831656 0.101092
vt 0.820529 0.103220
vt 0.809402 0.101092
vt 0.804793 0.095955
vt 0.809402 0.090818
vt 0.820529 0.088690
vt 0.829046 0.100234
vt 0.826551 0.097454
vt 0.826551 0.103014
vt 0.820529 0.104166
vt 0.814507 0.103014
vt 0.812013 0.100234
vt 0.814507 0.097454
vt 0.820529 0.096302
vt 0.820529 0.062255
vt 0.820529 0.101737
vt 0.914824 0.060977
vt 0.909718 0.062900
vt 0.905109 0.068037
vt 0.912329 0.063757
vt 0.909718 0.073174
vt 0.914824 0.066538
vt 0.920846 0.075302
vt 0.920846 0.067689
vt 0.931973 0.073174
vt 0.926868 0.066538
vt 0.936582 0.068037
vt 0.929362 0.063757
vt 0.931973 0.062900
vt 0.926868 0.060977
vt 0.920846 0.060772
vt 0.920846 0.059826
vt 0.906307 0.067729
vt 0.900285 0.074441
vt 0.906307 0.081153
vt 0.920846 0.083933
vt 0.935384 0.081153
vt 0.941406 0.074441
vt 0.935384 0.067729
vt 0.920846 0.064949
vt 0.905109 0.074731
vt 0.898591 0.081996
vt 0.905109 0.089261
vt 0.920846 0.092270
vt 0.936582 0.089261
vt 0.943100 0.081996
vt 0.936582 0.074731
vt 0.920846 0.071722
vt 0.906307 0.082838
vt 0.900285 0.089550
vt 0.906307 0.096262
vt 0.920846 0.099042
vt 0.935384 0.096262
vt 0.941406 0.089550
vt 0.935384 0.082838
vt 0.920846 0.080058
vt 0.909718 0.090818
vt 0.905109 0.095955
vt 0.909718 0.101092
vt 0.920846 0.103220
vt 0.931973 0.101092
vt 0.936582 0.095955
vt 0.931973 0.090818
vt 0.920846 0.088690
vt 0.914824 0.097454
vt 0.912329 0.100234
vt 0.914824 0.103014
vt 0.920846 0.104166
vt 0.926868 0.103014
vt 0.929362 0.100234
vt 0.926868 0.097454
vt 0.920846 0.096302
vt 0.920846 0.062255
vt 0.920846 0.101737
vt 0.193027 0.352844
vt 0.195248 0.352844
vt 0.195248 0.368873
vt 0.193027 0.372596
vt 0.200532 0.352844
vt 0.200532 0.368635
vt 0.197613 0.345476
vt 0.201341 0.345476
vt 0.221073 0.338624
vt 0.216550 0.338624
vt 0.213432 0.331256
vt 0.217580 0.331256
vt 0.188776 0.550090
vt 0.194466 0.550090
vt 0.194466 0.607053
vt 0.188776 0.609410
vt 0.198041 0.610629
vt 0.195685 0.616318
vt 0.200156 0.374095
vt 0.203622 0.372814
vt 0.198717 0.377229
vt 0.194466 0.396719
vt 0.188776 0.396719
vt 0.188776 0.516503
vt 0.194466 0.516503
vt 0.223323 0.345476
vt 0.223323 0.352844
vt 0.223323 0.610629
vt 0.223323 0.616318
vt 0.223323 0.368635
vt 0.260130 0.640783
vt 0.260130 0.614261
vt 0.265043 0.614261
vt 0.265043 0.636243
vt 0.264278 0.639971
vt 0.223323 0.372986
vt 0.253618 0.352844
vt 0.253618 0.372596
vt 0.251397 0.368873
vt 0.251397 0.352844
vt 0.246113 0.368635
vt 0.246113 0.352844
vt 0.245305 0.345476
vt 0.249032 0.345476
vt 0.169060 0.598624
vt 0.165567 0.605992
vt 0.161419 0.605992
vt 0.164537 0.598624
vt 0.257869 0.550090
vt 0.257869 0.609410
vt 0.252179 0.607053
vt 0.252179 0.550090
vt 0.250960 0.616318
vt 0.248604 0.610629
vt 0.246490 0.374095
vt 0.243023 0.372814
vt 0.252179 0.396719
vt 0.257869 0.396719
vt 0.257869 0.516503
vt 0.252179 0.516503
vt 0.247929 0.377229
vt 0.260130 0.587739
vt 0.265043 0.592279
vt 0.264278 0.588552
vt 0.789399 0.198320
vt 0.789399 0.195707
vt 0.786099 0.193590
vt 0.784241 0.195314
vt 0.799119 0.198335
vt 0.798857 0.195674
vt 0.820115 0.198538
vt 0.820115 0.195786
vt 0.927488 0.198538
vt 0.927488 0.195786
vt 0.903966 0.195786
vt 0.903967 0.198538
vt 0.969017 0.198538
vt 0.968015 0.195786
vt 0.973853 0.193033
vt 0.971435 0.191893
vt 0.973853 0.171011
vt 0.971435 0.171011
vt 0.786092 0.171011
vt 0.784241 0.171011
vt 0.786099 0.148431
vt 0.784241 0.146708
vt 0.973853 0.148989
vt 0.971435 0.150129
vt 0.789399 0.143702
vt 0.789399 0.146314
vt 0.798857 0.146348
vt 0.799119 0.143687
vt 0.820115 0.146236
vt 0.820115 0.143484
vt 0.927488 0.143484
vt 0.927488 0.146236
vt 0.968015 0.146236
vt 0.969017 0.143484
vt 0.903967 0.143484
vt 0.903966 0.146236
vt 0.111725 0.159944
vt 0.257178 0.159944
vt 0.267519 0.585814
vt 0.267519 0.578906
vt 0.326114 0.578906
vt 0.326402 0.585814
vt 0.162981 0.338624
vt 0.219766 0.358376
vt 0.162926 0.352509
vt 0.165910 0.331256
vt 0.162814 0.382499
vt 0.208591 0.382499
vt 0.228652 0.072900
vt 0.111725 0.072872
vt 0.789399 0.171011
vt 0.326402 0.613452
vt 0.267520 0.613452
vt 0.927488 0.171011
vt 0.903966 0.171011
vt 0.798857 0.171011
vt 0.820115 0.171011
vt 0.969017 0.171011
vt 0.212607 0.644760
vt 0.212314 0.614261
vt 0.166927 0.401377
vt 0.110801 0.401377
vt 0.110801 0.342058
vt 0.169396 0.342058
vt 0.326114 0.647998
vt 0.267519 0.647998
vt 0.267519 0.641090
vt 0.326402 0.641090
vt 0.110968 0.598624
vt 0.110913 0.584739
vt 0.167753 0.578872
vt 0.113897 0.605992
vt 0.156578 0.554749
vt 0.110801 0.554749
vt 0.110801 0.434975
vt 0.155920 0.434965
vt 0.212607 0.583762
vt 0.277934 0.344336
vt 0.275465 0.401299
vt 0.262084 0.401299
vt 0.264553 0.344336
vt 0.209838 0.637900
vt 0.209551 0.641476
vt 0.196170 0.641476
vt 0.196458 0.637900
vt 0.274144 0.574160
vt 0.275596 0.577295
vt 0.262216 0.577295
vt 0.260763 0.574160
vt 0.264458 0.434887
vt 0.251077 0.434887
vt 0.251735 0.554671
vt 0.265116 0.554671
vt 0.209838 0.612619
vt 0.196458 0.612619
vt 0.193101 0.609881
vt 0.193694 0.613347
vt 0.180313 0.613347
vt 0.179720 0.609881
vt 0.193614 0.633048
vt 0.180234 0.633048
vt 0.305352 0.520332
vt 0.307821 0.577295
vt 0.294440 0.577295
vt 0.291971 0.520332
vt 0.209551 0.583762
vt 0.209838 0.587338
vt 0.196458 0.587338
vt 0.196170 0.583762
vt 0.281622 0.366960
vt 0.295003 0.366960
vt 0.294344 0.486745
vt 0.280964 0.486745
vt 0.305483 0.344336
vt 0.304031 0.347471
vt 0.290650 0.347471
vt 0.292102 0.344336
vt 0.193694 0.652749
vt 0.193101 0.656215
vt 0.179720 0.656215
vt 0.180313 0.652749
vt 0.190376 0.368241
vt 0.194627 0.348752
vt 0.219233 0.348752
vt 0.219233 0.368241
vt 0.219233 0.488026
vt 0.219233 0.521613
vt 0.190376 0.521613
vt 0.190376 0.488026
vt 0.190376 0.578576
vt 0.219233 0.578576
vt 0.243839 0.348752
vt 0.248090 0.368241
vt 0.248090 0.488026
vt 0.248090 0.521613
vt 0.248090 0.578576
vt 0.196066 0.345617
vt 0.219233 0.345617
vt 0.219233 0.344508
vt 0.199532 0.344336
vt 0.242400 0.345617
vt 0.238934 0.344336
vt 0.219233 0.582151
vt 0.193952 0.582151
vt 0.244514 0.582151
vt 0.470189 0.029591
vt 0.431602 0.029591
vt 0.475701 0.029591
vt 0.464676 0.029591
vt 0.459164 0.029591
vt 0.453651 0.029591
vt 0.448139 0.029591
vt 0.442627 0.029591
vt 0.437114 0.029591
vt 0.431602 0.029591
vt 0.492238 0.029591
vt 0.486726 0.029591
vt 0.481213 0.029591
vt 0.475701 0.265468
vt 0.470189 0.265468
vt 0.464676 0.265468
vt 0.459164 0.265468
vt 0.453651 0.265468
vt 0.448139 0.265468
vt 0.442627 0.265468
vt 0.437114 0.265468
vt 0.431602 0.265468
vt 0.486726 0.265468
vt 0.481213 0.265468
vt 0.431602 0.267888
vt 0.464676 0.267888
vt 0.459164 0.267888
vt 0.453651 0.267888
vt 0.448139 0.267888
vt 0.442627 0.267888
vt 0.437114 0.267888
vt 0.431602 0.267888
vt 0.481213 0.267179
vt 0.475701 0.267179
vt 0.470189 0.267179
vt 0.464676 0.267179
vt 0.459164 0.267179
vt 0.453651 0.267179
vt 0.448139 0.267179
vt 0.442626 0.267179
vt 0.437114 0.267179
vt 0.431602 0.267179
vt 0.492238 0.267179
vt 0.486726 0.267179
vt 0.441625 0.033800
vt 0.436040 0.033800
vt 0.413700 0.033800
vt 0.380193 0.033800
vt 0.385778 0.033800
vt 0.391362 0.033800
vt 0.396947 0.033800
vt 0.402532 0.033800
vt 0.408117 0.033800
vt 0.413702 0.033800
vt 0.419286 0.033800
vt 0.424871 0.033800
vt 0.430456 0.033800
vt 0.436040 0.272773
vt 0.380193 0.272773
vt 0.385778 0.272773
vt 0.391362 0.272773
vt 0.396947 0.272773
vt 0.402532 0.272773
vt 0.408117 0.272773
vt 0.413702 0.272773
vt 0.419286 0.272773
vt 0.424871 0.272773
vt 0.430456 0.272773
vt 0.436040 0.275225
vt 0.441625 0.275225
vt 0.413700 0.275225
vt 0.380193 0.275225
vt 0.385778 0.275225
vt 0.391362 0.275225
vt 0.396947 0.275225
vt 0.402532 0.275225
vt 0.408117 0.275225
vt 0.413702 0.275225
vt 0.419286 0.275225
vt 0.424871 0.275225
vt 0.430456 0.275225
vt 0.436040 0.274507
vt 0.430456 0.274507
vt 0.380193 0.274507
vt 0.385778 0.274507
vt 0.391362 0.274507
vt 0.396947 0.274507
vt 0.402532 0.274507
vt 0.408117 0.274507
vt 0.413702 0.274507
vt 0.419286 0.274507
vt 0.424871 0.274507
vt 0.497751 0.265468
vt 0.497751 0.267179
vt 0.481213 0.267888
vt 0.497751 0.267888
vt 0.497751 0.029591
vt 0.492238 0.265468
vt 0.497751 0.029591
vt 0.475701 0.267888
vt 0.470189 0.267888
vt 0.530825 0.267888
vt 0.497751 0.267888
vt 0.492238 0.267888
vt 0.486726 0.267888
vt 0.447210 0.033800
vt 0.441625 0.272773
vt 0.447210 0.275225
vt 0.441625 0.274507
vt 0.447210 0.274507
vt 0.447210 0.272773
vt 0.130694 0.359989
vt 0.251533 0.356774
vt 0.251911 0.681804
vt 0.130694 0.681775
vt 0.263576 0.313674
vt 0.111725 0.313674
vt 0.882086 0.837481
vt 0.890364 0.845758
vt 0.908615 0.835221
vt 0.892623 0.819230
vt 0.893393 0.857066
vt 0.914468 0.857066
vt 0.890364 0.868374
vt 0.908615 0.878911
vt 0.882086 0.876652
vt 0.892623 0.894903
vt 0.870778 0.879682
vt 0.870778 0.900756
vt 0.859470 0.876652
vt 0.848933 0.894903
vt 0.851192 0.868374
vt 0.832941 0.878911
vt 0.848162 0.857066
vt 0.827088 0.857066
vt 0.851192 0.845758
vt 0.832941 0.835221
vt 0.859470 0.837481
vt 0.848933 0.819230
vt 0.870778 0.834451
vt 0.870778 0.813376
vt 0.924287 0.826173
vt 0.901671 0.803557
vt 0.932565 0.857066
vt 0.924287 0.887960
vt 0.901671 0.910575
vt 0.870778 0.918853
vt 0.839884 0.910575
vt 0.817269 0.887960
vt 0.808991 0.857066
vt 0.817269 0.826173
vt 0.839884 0.803557
vt 0.870778 0.795279
vt 0.936313 0.819230
vt 0.908615 0.791531
vt 0.946451 0.857066
vt 0.936313 0.894903
vt 0.908615 0.922601
vt 0.870778 0.932740
vt 0.832941 0.922601
vt 0.805243 0.894903
vt 0.795105 0.857066
vt 0.805243 0.819230
vt 0.832941 0.791531
vt 0.870778 0.781393
vt 0.943873 0.814865
vt 0.912979 0.783971
vt 0.955181 0.857066
vt 0.943873 0.899268
vt 0.912979 0.930161
vt 0.870778 0.941469
vt 0.828576 0.930161
vt 0.797683 0.899268
vt 0.786375 0.857066
vt 0.797683 0.814865
vt 0.828576 0.783971
vt 0.870778 0.772664
vt 0.946451 0.813376
vt 0.914468 0.781393
vt 0.958158 0.857066
vt 0.946451 0.900756
vt 0.914468 0.932740
vt 0.870778 0.944446
vt 0.827088 0.932740
vt 0.795105 0.900756
vt 0.783398 0.857066
vt 0.795105 0.813376
vt 0.827088 0.781393
vt 0.870778 0.769686
vt 0.943873 0.814865
vt 0.912979 0.783971
vt 0.955181 0.857066
vt 0.943873 0.899268
vt 0.912979 0.930161
vt 0.870778 0.941469
vt 0.828576 0.930161
vt 0.797683 0.899268
vt 0.786375 0.857066
vt 0.797683 0.814865
vt 0.828576 0.783971
vt 0.870778 0.772664
vt 0.936313 0.819230
vt 0.908615 0.791531
vt 0.946451 0.857066
vt 0.936313 0.894903
vt 0.908615 0.922601
vt 0.870778 0.932740
vt 0.832941 0.922601
vt 0.805243 0.894903
vt 0.795105 0.857066
vt 0.805243 0.819230
vt 0.832941 0.791531
vt 0.870778 0.781393
vt 0.924287 0.826173
vt 0.901671 0.803557
vt 0.932565 0.857066
vt 0.924287 0.887960
vt 0.901671 0.910575
vt 0.870778 0.918853
vt 0.839884 0.910575
vt 0.817269 0.887960
vt 0.808991 0.857066
vt 0.817269 0.826173
vt 0.839884 0.803557
vt 0.870778 0.795279
vt 0.908615 0.835221
vt 0.892623 0.819230
vt 0.914468 0.857066
vt 0.908615 0.878911
vt 0.892623 0.894903
vt 0.870778 0.900756
vt 0.848933 0.894903
vt 0.832941 0.878911
vt 0.827088 0.857066
vt 0.832941 0.835221
vt 0.848933 0.819230
vt 0.870778 0.813376
vt 0.890364 0.845758
vt 0.882086 0.837481
vt 0.893393 0.857066
vt 0.890364 0.868374
vt 0.882086 0.876652
vt 0.870778 0.879682
vt 0.859470 0.876652
vt 0.851192 0.868374
vt 0.848162 0.857066
vt 0.851192 0.845758
vt 0.859470 0.837481
vt 0.870778 0.834451
vt 0.870778 0.857066
vt 0.870778 0.857066
vn 0.000000 0.000000 1.000000
vn 0.000000 0.000000 1.000000
vn 0.000000 0.000000 1.000000
vn 0.000000 0.000000 1.000000
vn 0.000000 1.000000 0.000000
vn 0.000000 1.000000 0.000000
vn 0.000000 1.000000 0.000000
vn 0.000000 1.000000 0.000000
vn 0.000000 0.000000 -1.000000
vn 0.000000 0.000000 -1.000000
vn 0.000000 0.000000 -1.000000
vn 0.000000 0.000000 -1.000000
vn 0.000000 -1.000000 0.000000
vn 0.000000 -1.000000 0.000000
vn 0.000000 -1.000000 0.000000
vn 0.000000 -1.000000 0.000000
vn 1.000000 0.000000 0.000000
vn 1.000000 0.000000 0.000000
vn 1.000000 0.000000 0.000000
vn 1.000000 0.000000 0.000000
vn -1.000000 0.000000 0.000000
vn -1.000000 0.000000 0.000000
vn -1.000000 0.000000 0.000000
vn -1.000000 0.000000 0.000000
vn 0.000000 0.000000 1.000000
vn 0.000000 0.000000 1.000000
vn 0.000000 0.000000 1.000000
vn 0.000000 0.000000 1.000000
vn 0.000000 1.000000 0.000000
vn 0.000000 1.000000 0.000000
vn 0.000000 1.000000 0.000000
vn 0.000000 1.000000 0.000000
vn 0.000000 0.000000 -1.000000
vn 0.000000 0.000000 -1.000000
vn 0.000000 0.000000 -1.000000
vn 0.000000 0.000000 -1.000000
vn 0.000000 -1.000000 0.000000
vn 0.000000 -1.000000 0.000000
vn 0.000000 -1.000000 0.000000
vn 0.000000 -1.000000 0.000000
vn 1.000000 0.000000 0.000000
vn 1.000000 0.000000 0.000000
vn 1.000000 0.000000 0.000000
vn 1.000000 0.000000 0.000000
vn -1.000000 0.000000 0.000000
vn -1.000000 0.000000 0.000000
vn -1.000000 0.000000 0.000000
vn -1.000000 0.000000 0.000000
vn 0.000000 0.000000 1.000000
vn 0.000000 0.000000 1.000000
vn 0.000000 0.000000 1.000000
vn 0.000000 0.000000 1.000000
vn 0.000000 1.000000 0.000000
vn 0.000000 1.000000 0.000000
vn 0.000000 1.000000 0.000000
vn 0.000000 1.000000 0.000000
vn 0.000000 0.000000 -1.000000
vn 0.000000 0.000000 -1.000000
vn 0.000000 0.000000 -1.000000
vn 0.000000 0.000000 -1.000000
vn 0.000000 -1.000000 0.000000
vn 0.000000 -1.000000 0.000000
vn 0.000000 -1.000000 0.000000
vn 0.000000 -1.000000 0.000000
vn 1.000000 0.000000 0.000000
vn 1.000000 0.000000 0.000000
vn 1.000000 0.000000 0.000000
vn 1.000000 0.000000 0.000000
vn -1.000000 0.000000 0.000000
vn -1.000000 0.000000 0.000000
vn -1.000000 0.000000 0.000000
vn -1.000000 0.000000 0.000000
vn 0.000000 0.000000 1.000000
vn 0.000000 0.000000 1.000000
vn 0.000000 0.000000 1.000000
vn 0.000000 0.000000 1.000000
vn 0.000000 1.000000 0.000000
vn 0.000000 1.000000 0.000000
vn 0.000000 1.000000 0.000000
vn 0.000000 1.000000 0.000000
vn 0.000000 0.000000 -1.000000
vn 0.000000 0.000000 -1.000000
vn 0.000000 0.000000 -1.000000
vn 0.000000 0.000000 -1.000000
vn 0.000000 -1.000000 0.000000
vn 0.000000 -1.000000 0.000000
vn 0.000000 -1.000000 0.000000
vn 0.000000 -1.000000 0.000000
vn 1.000000 0.000000 0.000000
vn 1.000000 0.000000 0.000000
vn 1.000000 0.000000 0.000000
vn 1.000000 0.000000 0.000000
vn -1.000000 0.000000 0.000000
vn -1.000000 0.000000 0.000000
vn -1.000000 0.000000 0.000000
vn -1.000000 0.000000 0.000000
vn 0.000000 0.000000 1.000000
vn 0.000000 0.000000 1.000000
vn 0.000000 0.000000 1.000000
vn 0.000000 0.000000 1.000000
vn 0.000000 1.000000 0.000000
vn 0.000000 1.000000 0.000000
vn 0.000000 1.000000 0.000000
vn 0.000000 1.000000 0.000000
vn 0.000000 0.000000 -1.000000
vn 0.000000 0.000000 -1.000000
vn 0.000000 0.000000 -1.000000
vn 0.000000 0.000000 -1.000000
vn 0.000000 -1.000000 0.000000
vn 0.000000 -1.000000 0.000000
vn 0.000000 -1.000000 0.000000
vn 0.000000 -1.000000 0.000000
vn 1.000000 0.000000 0.000000
vn 1.000000 0.000000 0.000000
vn 1.000000 0.000000 0.000000
vn 1.000000 0.000000 0.000000
vn -1.000000 0.000000 0.000000
vn -1.000000 0.000000 0.000000
vn -1.000000 0.000000 0.000000
vn -1.000000 0.000000 0.000000
vn 0.000000 0.000000 1.000000
vn 0.000000 0.000000 1.000000
vn 0.000000 0.000000 1.000000
vn 0.000000 0.000000 1.000000
vn 0.000000 1.000000 0.000000
vn 0.000000 1.000000 0.000000
vn 0.000000 1.000000 0.000000
vn 0.000000 1.000000 0.000000
vn 0.000000 0.000000 -1.000000
vn 0.000000 0.000000 -1.000000
vn 0.000000 0.000000 -1.000000
vn 0.000000 0.000000 -1.000000
vn 0.000000 -1.000000 0.000000
vn 0.000000 -1.000000 0.000000
vn 0.000000 -1.000000 0.000000
vn 0.000000 -1.000000 0.000000
vn 1.000000 0.000000 0.000000
vn 1.000000 0.000000 0.000000
vn 1.000000 0.000000 0.000000
vn 1.000000 0.000000 0.000000
vn -1.000000 0.000000 0.000000
vn -1.000000 0.000000 0.000000
vn -1.000000 0.000000 0.000000
vn -1.000000 0.000000 0.000000
vn 0.000000 0.000000 1.000000
vn 0.000000 0.000000 1.000000
vn 0.000000 0.000000 1.000000
vn 0.000000 0.000000 1.000000
vn 0.000000 1.000000 0.000000
vn 0.000000 1.000000 0.000000
vn 0.000000 1.000000 0.000000
vn 0.000000 1.000000 0.000000
vn 0.000000 0.000000 -1.000000
vn 0.000000 0.000000 -1.000000
vn 0.000000 0.000000 -1.000000
vn 0.000000 0.000000 -1.000000
vn 0.000000 -1.000000 0.000000
vn 0.000000 -1.000000 0.000000
vn 0.000000 -1.000000 0.000000
vn 0.000000 -1.000000 0.000000
vn 1.000000 0.000000 0.000000
vn 1.000000 0.000000 0.000000
vn 1.000000 0.000000 0.000000
vn 1.000000 0.000000 0.000000
vn -1.000000 0.000000 0.000000
vn -1.000000 0.000000 0.000000
vn -1.000000 0.000000 0.000000
vn -1.000000 0.000000 0.000000
vn 0.000000 0.000000 1.000000
vn 0.000000 0.000000 1.000000
vn 0.000000 0.000000 1.000000
vn 0.000000 0.000000 1.000000
vn 0.000000 1.000000 0.000000
vn 0.000000 1.000000 0.000000
vn 0.000000 1.000000 0.000000
vn 0.000000 1.000000 0.000000
vn 0.000000 0.000000 -1.000000
vn 0.000000 0.000000 -1.000000
vn 0.000000 0.000000 -1.000000
vn 0.000000 0.000000 -1.000000
vn 0.000000 -1.000000 0.000000
vn 0.000000 -1.000000 0.000000
vn 0.000000 -1.000000 0.000000
vn 0.000000 -1.000000 0.000000
vn 1.000000 0.000000 0.000000
vn 1.000000 0.000000 0.000000
vn 1.000000 0.000000 0.000000
vn 1.000000 0.000000 0.000000
vn -1.000000 0.000000 0.000000
vn -1.000000 0.000000 0.000000
vn -1.000000 0.000000 0.000000
vn -1.000000 0.000000 0.000000
vn 0.000000 0.000000 1.000000
vn 0.000000 0.000000 1.000000
vn 0.000000 0.000000 1.000000
vn 0.000000 0.000000 1.000000
vn 0.000000 1.000000 0.000000
vn 0.000000 1.000000 0.000000
vn 0.000000 1.000000 0.000000
vn 0.000000 1.000000 0.000000
vn 0.000000 0.000000 -1.000000
vn 0.000000 0.000000 -1.000000
vn 0.000000 0.000000 -1.000000
vn 0.000000 0.000000 -1.000000
vn 0.000000 -1.000000 0.000000
vn 0.000000 -1.000000 0.000000
vn 0.000000 -1.000000 0.000000
vn 0.000000 -1.000000 0.000000
vn 1.000000 0.000000 0.000000
vn 1.000000 0.000000 0.000000
vn 1.000000 0.000000 0.000000
vn 1.000000 0.000000 0.000000
vn -1.000000 0.000000 0.000000
vn -1.000000 0.000000 0.000000
vn -1.000000 0.000000 0.000000
vn -1.000000 0.000000 0.000000
vn 0.000000 0.000000 1.000000
vn 0.000000 0.000000 1.000000
vn 0.000000 0.000000 1.000000
vn 0.000000 0.000000 1.000000
vn 0.000000 1.000000 0.000000
vn 0.000000 1.000000 0.000000
vn 0.000000 1.000000 0.000000
vn 0.000000 1.000000 0.000000
vn 0.000000 0.000000 -1.000000
vn 0.000000 0.000000 -1.000000
vn 0.000000 0.000000 -1.000000
vn 0.000000 0.000000 -1.000000
vn 0.000000 -1.000000 0.000000
vn 0.000000 -1.000000 0.000000
vn 0.000000 -1.000000 0.000000
vn 0.000000 -1.000000 0.000000
vn 1.000000 0.000000 0.000000
vn 1.000000 0.000000 0.000000
vn 1.000000 0.000000 0.000000
vn 1.000000 0.000000 0.000000
vn -1.000000 0.000000 0.000000
vn -1.000000 0.000000 0.000000
vn -1.000000 0.000000 0.000000
vn -1.000000 0.000000 0.000000
vn 0.000000 0.000000 1.000000
vn 0.000000 0.000000 1.000000
vn 0.000000 0.000000 1.000000
vn 0.000000 0.000000 1.000000
vn 0.000000 1.000000 0.000000
vn 0.000000 1.000000 0.000000
vn 0.000000 1.000000 0.000000
vn 0.000000 1.000000 0.000000
vn 0.000000 0.000000 -1.000000
vn 0.000000 0.000000 -1.000000
vn 0.000000 0.000000 -1.000000
vn 0.000000 0.000000 -1.000000
vn 0.000000 -1.000000 0.000000
vn 0.000000 -1.000000 0.000000
vn 0.000000 -1.000000 0.000000
vn 0.000000 -1.000000 0.000000
vn 1.000000 0.000000 0.000000
vn 1.000000 0.000000 0.000000
vn 1.000000 0.000000 0.000000
vn 1.000000 0.000000 0.000000
vn -1.000000 0.000000 0.000000
vn -1.000000 0.000000 0.000000
vn -1.000000 0.000000 0.000000
vn -1.000000 0.000000 0.000000
vn 0.000000 0.000000 1.000000
vn 0.000000 0.000000 1.000000
vn 0.000000 0.000000 1.000000
vn 0.000000 0.000000 1.000000
vn 0.000000 1.000000 0.000000
vn 0.000000 1.000000 0.000000
vn 0.000000 1.000000 0.000000
vn 0.000000 1.000000 0.000000
vn 0.000000 0.000000 -1.000000
vn 0.000000 0.000000 -1.000000
vn 0.000000 0.000000 -1.000000
vn 0.000000 0.000000 -1.000000
vn 0.000000 -1.000000 0.000000
vn 0.000000 -1.000000 0.000000
vn 0.000000 -1.000000 0.000000
vn 0.000000 -1.000000 0.000000
vn 1.000000 0.000000 0.000000
vn 1.000000 0.000000 0.000000
vn 1.000000 0.000000 0.000000
vn 1.000000 0.000000 0.000000
vn -1.000000 0.000000 0.000000
vn -1.000000 0.000000 0.000000
vn -1.000000 0.000000 0.000000
vn -1.000000 0.000000 0.000000
vn 0.461888 0.886937 -0.001601
vn 0.971602 0.236621 0.000290
vn 0.968754 0.248024 0.000006
vn 0.462035 0.886862 -0.000012
vn 0.478433 0.878124 0.000172
vn 0.478378 0.878154 -0.000000
vn 0.478236 0.878231 0.000000
vn 0.478236 0.878231 0.000043
vn 0.971508 0.237008 -0.000277
vn 0.461899 0.886931 0.001573
vn 0.478433 0.878124 -0.000171
vn 0.478236 0.878231 -0.000043
vn 0.996933 -0.078253 0.000688
vn 0.996933 -0.078255 0.000009
vn 0.999741 -0.017618 -0.014416
vn 0.999753 -0.005387 -0.021569
vn 0.999974 0.007232 0.000000
vn 0.999845 -0.017620 0.000000
vn 0.959925 -0.280254 0.001516
vn 0.998872 -0.039969 0.025652
vn 0.999703 -0.024190 0.002906
vn 0.999551 0.007402 -0.029044
vn 0.999563 0.019874 -0.021886
vn 0.999753 -0.005387 0.021569
vn 0.999741 -0.017618 0.014416
vn 0.996933 -0.078258 -0.000669
vn 0.999356 0.032859 -0.014426
vn 0.999460 0.032863 0.000000
vn 0.999563 0.019874 0.021886
vn 0.999551 0.007402 0.029044
vn 0.996949 -0.078057 -0.000000
vn 0.998004 -0.062236 0.010669
vn 0.998070 -0.062051 -0.002277
vn 0.998073 -0.062051 0.000000
vn 0.999356 0.032859 0.014426
vn 0.998872 -0.039969 -0.025652
vn 0.959925 -0.280254 -0.001516
vn 0.999703 -0.024190 -0.002906
vn 0.998070 -0.062051 0.002277
vn 0.998004 -0.062236 -0.010669
vn 0.961544 -0.274653 0.000000
vn 0.796004 0.416640 0.439078
vn 0.796003 0.416640 0.439078
vn 0.796003 0.416640 0.439078
vn 0.796004 0.416640 0.439078
vn 0.732176 -0.195332 0.652506
vn 0.732176 -0.195332 0.652506
vn 0.732176 -0.195332 0.652506
vn 0.732176 -0.195332 0.652506
vn 0.796003 0.416639 -0.439079
vn 0.796003 0.416639 -0.439079
vn 0.796003 0.416639 -0.439079
vn 0.796003 0.416639 -0.439079
vn 0.683965 -0.706473 0.181901
vn 0.683965 -0.706473 0.181901
vn 0.683965 -0.706473 0.181901
vn 0.683965 -0.706473 0.181901
vn 0.732176 -0.195332 -0.652506
vn 0.732176 -0.195332 -0.652506
vn 0.732176 -0.195332 -0.652506
vn 0.732176 -0.195332 -0.652506
vn 0.683965 -0.706473 -0.181901
vn 0.683965 -0.706473 -0.181901
vn 0.683965 -0.706473 -0.181901
vn 0.683965 -0.706473 -0.181901
vn 0.813014 0.560909 0.156169
vn 0.813014 0.560909 0.156169
vn 0.813014 0.560909 0.156169
vn 0.813014 0.560909 0.156169
vn 0.813014 0.560909 -0.156169
vn 0.813014 0.560909 -0.156169
vn 0.813014 0.560909 -0.156169
vn 0.813014 0.560909 -0.156169
vn 0.702908 -0.513748 0.491918
vn 0.702908 -0.513748 0.491918
vn 0.702908 -0.513748 0.491918
vn 0.702908 -0.513748 0.491918
vn 0.996058 -0.088707 -0.000000
vn 0.996829 -0.079552 0.001870
vn 0.702908 -0.513748 -0.491918
vn 0.702908 -0.513748 -0.491918
vn 0.702908 -0.513748 -0.491918
vn 0.702908 -0.513748 -0.491918
vn 0.998400 -0.048521 -0.029046
vn 0.996829 -0.079553 -0.001871
vn 0.766254 0.145789 0.625780
vn 0.766254 0.145789 0.625780
vn 0.766254 0.145789 0.625780
vn 0.766254 0.145789 0.625780
vn 0.766254 0.145789 -0.625780
vn 0.766253 0.145789 -0.625780
vn 0.766254 0.145789 -0.625780
vn 0.766254 0.145789 -0.625780
vn 0.998400 -0.048520 0.029046
vn 0.998432 -0.043877 0.034750
vn 0.998435 -0.043849 0.034724
vn 0.998435 -0.043849 -0.034724
vn 0.998432 -0.043877 -0.034750
vn 0.999798 -0.020082 0.000000
vn -0.964240 -0.265032 0.000005
vn -0.967681 -0.252176 0.000228
vn -0.491933 -0.870632 -0.001662
vn -0.491832 -0.870690 -0.000012
vn -0.478433 -0.878124 -0.000172
vn -0.478378 -0.878154 0.000000
vn -0.478238 -0.878230 0.000000
vn -0.478238 -0.878231 -0.000043
vn -0.491925 -0.870636 0.001636
vn -0.967580 -0.252563 -0.000215
vn -0.478238 -0.878230 0.000043
vn -0.478433 -0.878124 0.000171
vn -0.997825 0.065921 0.000009
vn -0.997824 0.065923 0.000683
vn -0.999832 -0.014315 -0.011445
vn -0.999898 -0.014316 0.000000
vn -0.999984 0.005605 0.000000
vn -0.999843 -0.004271 -0.017218
vn -0.956525 0.291645 0.001530
vn -0.996425 0.084230 0.006526
vn -0.997867 0.049960 0.042029
vn -0.999738 0.015429 -0.016924
vn -0.999726 0.005420 -0.022785
vn -0.999832 -0.014315 0.011445
vn -0.999843 -0.004271 0.017218
vn -0.997825 0.065919 -0.000665
vn -0.999685 0.025119 -0.000000
vn -0.999621 0.025117 -0.011249
vn -0.999726 0.005420 0.022785
vn -0.999738 0.015429 0.016924
vn -0.999839 0.017941 -0.000000
vn -0.998083 0.061886 0.000000
vn -0.998081 0.061886 0.002270
vn -0.999209 0.034698 0.019433
vn -0.999621 0.025117 0.011249
vn -0.997867 0.049960 -0.042029
vn -0.996425 0.084230 -0.006527
vn -0.956526 0.291645 -0.001530
vn -0.999209 0.034698 -0.019433
vn -0.998081 0.061886 -0.002270
vn -0.954256 0.298992 -0.000000
vn -0.759211 -0.452170 -0.468126
vn -0.759211 -0.452170 -0.468126
vn -0.759211 -0.452170 -0.468126
vn -0.759211 -0.452170 -0.468126
vn -0.695088 0.199672 -0.690640
vn -0.695088 0.199672 -0.690640
vn -0.695088 0.199673 -0.690640
vn -0.695088 0.199672 -0.690640
vn -0.759211 -0.452170 0.468126
vn -0.759211 -0.452170 0.468126
vn -0.759211 -0.452170 0.468126
vn -0.759211 -0.452170 0.468126
vn -0.649866 0.735447 -0.191810
vn -0.649866 0.735447 -0.191810
vn -0.649866 0.735447 -0.191810
vn -0.649866 0.735447 -0.191810
vn -0.695087 0.199672 0.690641
vn -0.695087 0.199672 0.690641
vn -0.695087 0.199672 0.690641
vn -0.695087 0.199672 0.690641
vn -0.649866 0.735447 0.191810
vn -0.649866 0.735447 0.191810
vn -0.649866 0.735447 0.191810
vn -0.649866 0.735447 0.191810
vn -0.776806 -0.607227 -0.166880
vn -0.776806 -0.607227 -0.166880
vn -0.776806 -0.607227 -0.166880
vn -0.776806 -0.607227 -0.166880
vn -0.776806 -0.607227 0.166880
vn -0.776806 -0.607227 0.166880
vn -0.776806 -0.607227 0.166880
vn -0.776806 -0.607227 0.166880
vn -0.667177 0.534479 -0.518851
vn -0.667177 0.534479 -0.518851
vn -0.667177 0.534479 -0.518851
vn -0.667177 0.534479 -0.518851
vn -0.999800 -0.013761 0.014489
vn -0.999291 -0.037660 -0.000000
vn -0.667177 0.534479 0.518851
vn -0.667177 0.534479 0.518851
vn -0.667177 0.534479 0.518851
vn -0.667177 0.534479 0.518851
vn -0.997887 0.034862 -0.054837
vn -0.999800 -0.013762 -0.014489
vn -0.728997 -0.162630 -0.664917
vn -0.728998 -0.162630 -0.664917
vn -0.728998 -0.162630 -0.664917
vn -0.728997 -0.162630 -0.664917
vn -0.728998 -0.162630 0.664917
vn -0.728998 -0.162630 0.664917
vn -0.728998 -0.162630 0.664917
vn -0.728998 -0.162630 0.664917
vn -0.996878 0.042707 0.066410
vn -0.996876 0.042673 0.066455
vn -0.997887 0.034862 0.054837
vn -0.996876 0.042673 -0.066455
vn -0.996878 0.042707 -0.066410
vn -0.994727 0.102559 -0.000000
vn 0.000029 -0.000000 1.000000
vn 0.000029 -0.000000 1.000000
vn 0.000029 -0.000000 1.000000
vn 0.000029 -0.000000 1.000000
vn -0.000035 0.000009 1.000000
vn -0.000035 0.000009 1.000000
vn -0.000035 0.000009 1.000000
vn -0.000035 0.000009 1.000000
vn -0.000675 0.000029 1.000000
vn -0.000675 0.000029 1.000000
vn -0.000675 0.000029 1.000000
vn -0.000675 0.000029 1.000000
vn -0.002171 0.000094 0.999998
vn -0.002171 0.000094 0.999998
vn -0.002171 0.000094 0.999998
vn -0.002171 0.000094 0.999998
vn 0.037666 0.705087 0.708119
vn 0.037666 0.705087 0.708119
vn 0.037666 0.705087 0.708119
vn 0.037666 0.705087 0.708119
vn 0.061966 0.998078 0.000001
vn 0.061966 0.998078 0.000001
vn 0.061966 0.998078 0.000001
vn 0.061966 0.998078 0.000001
vn 0.061966 0.998078 -0.000001
vn 0.061966 0.998078 -0.000001
vn 0.061966 0.998078 -0.000001
vn 0.061966 0.998078 -0.000001
vn 0.037666 0.705087 -0.708119
vn 0.037666 0.705087 -0.708119
vn 0.037666 0.705087 -0.708119
vn 0.037666 0.705087 -0.708119
vn -0.002171 0.000094 -0.999998
vn -0.002171 0.000094 -0.999998
vn -0.002171 0.000094 -0.999998
vn -0.002171 0.000094 -0.999998
vn -0.000675 0.000029 -1.000000
vn -0.000675 0.000029 -1.000000
vn -0.000675 0.000029 -1.000000
vn -0.000675 0.000029 -1.000000
vn -0.000035 0.000009 -1.000000
vn -0.000035 0.000009 -1.000000
vn -0.000035 0.000009 -1.000000
vn -0.000035 0.000009 -1.000000
vn 0.000028 -0.000000 -1.000000
vn 0.000028 -0.000000 -1.000000
vn 0.000028 -0.000000 -1.000000
vn 0.000028 -0.000000 -1.000000
vn 0.067224 -0.065790 -0.995567
vn 0.067224 -0.065790 -0.995567
vn 0.067224 -0.065790 -0.995567
vn 0.067224 -0.065790 -0.995567
vn 0.404168 -0.219959 -0.887844
vn 0.404168 -0.219959 -0.887844
vn 0.404168 -0.219959 -0.887844
vn 0.404168 -0.219959 -0.887844
vn 0.834622 -0.454566 -0.311088
vn 0.834622 -0.454566 -0.311088
vn 0.834622 -0.454566 -0.311088
vn 0.834622 -0.454566 -0.311088
vn 0.878205 -0.478223 0.007728
vn 0.878205 -0.478223 0.007728
vn 0.878205 -0.478223 0.007728
vn 0.878205 -0.478223 0.007728
vn 0.878204 -0.478224 -0.007728
vn 0.878204 -0.478224 -0.007728
vn 0.878204 -0.478224 -0.007728
vn 0.878204 -0.478224 -0.007728
vn 0.834621 -0.454567 0.311089
vn 0.834621 -0.454567 0.311089
vn 0.834621 -0.454567 0.311089
vn 0.834621 -0.454567 0.311089
vn 0.404169 -0.219959 0.887843
vn 0.404169 -0.219959 0.887843
vn 0.404169 -0.219959 0.887843
vn 0.404169 -0.219959 0.887843
vn 0.065466 -0.064035 0.995798
vn 0.065466 -0.064035 0.995798
vn 0.065466 -0.064035 0.995798
vn 0.065466 -0.064035 0.995798
vn -0.123106 -0.831692 -0.541418
vn -0.123106 -0.831692 -0.541418
vn -0.123106 -0.831692 -0.541418
vn -0.123106 -0.831692 -0.541418
vn -0.533205 -0.650045 -0.541419
vn -0.533205 -0.650045 -0.541419
vn -0.533205 -0.650045 -0.541419
vn -0.533205 -0.650045 -0.541419
vn -0.823186 -0.521605 -0.224263
vn -0.823186 -0.521605 -0.224263
vn -0.823186 -0.521605 -0.224263
vn -0.823186 -0.521605 -0.224263
vn -0.823187 -0.521603 0.224264
vn -0.823187 -0.521603 0.224264
vn -0.823187 -0.521603 0.224264
vn -0.823187 -0.521603 0.224264
vn -0.533205 -0.650045 0.541419
vn -0.533205 -0.650045 0.541419
vn -0.533205 -0.650045 0.541419
vn -0.533205 -0.650045 0.541419
vn -0.123106 -0.831692 0.541418
vn -0.123106 -0.831692 0.541418
vn -0.123106 -0.831692 0.541418
vn -0.123106 -0.831692 0.541418
vn 0.166877 -0.960135 0.224263
vn 0.166877 -0.960135 0.224263
vn 0.166877 -0.960135 0.224263
vn 0.166877 -0.960135 0.224262
vn 0.166877 -0.960135 -0.224262
vn 0.166877 -0.960135 -0.224263
vn 0.166877 -0.960135 -0.224263
vn 0.166877 -0.960135 -0.224263
vn 0.085001 -0.612161 -0.786151
vn 0.085001 -0.612161 -0.786151
vn 0.085001 -0.612161 -0.786151
vn 0.085001 -0.612161 -0.786151
vn -0.510469 -0.348407 -0.786151
vn -0.510469 -0.348407 -0.786151
vn -0.510469 -0.348407 -0.786151
vn -0.510469 -0.348407 -0.786151
vn -0.931531 -0.161903 -0.325635
vn -0.931531 -0.161903 -0.325635
vn -0.931531 -0.161903 -0.325635
vn -0.931531 -0.161903 -0.325635
vn -0.931531 -0.161903 0.325635
vn -0.931531 -0.161903 0.325635
vn -0.931531 -0.161903 0.325635
vn -0.931531 -0.161903 0.325635
vn -0.510469 -0.348407 0.786151
vn -0.510469 -0.348407 0.786151
vn -0.510469 -0.348407 0.786151
vn -0.510469 -0.348407 0.786151
vn 0.085001 -0.612162 0.786151
vn 0.085001 -0.612162 0.786151
vn 0.085001 -0.612162 0.786151
vn 0.085001 -0.612162 0.786151
vn 0.506063 -0.798663 0.325635
vn 0.506063 -0.798663 0.325635
vn 0.506063 -0.798663 0.325635
vn 0.506063 -0.798663 0.325635
vn 0.506063 -0.798663 -0.325635
vn 0.506063 -0.798663 -0.325635
vn 0.506063 -0.798663 -0.325635
vn 0.506063 -0.798663 -0.325635
vn 0.270935 -0.317687 -0.908663
vn 0.270935 -0.317687 -0.908664
vn 0.270935 -0.317687 -0.908664
vn 0.270935 -0.317687 -0.908664
vn -0.417333 -0.012831 -0.908663
vn -0.417333 -0.012831 -0.908663
vn -0.417333 -0.012831 -0.908663
vn -0.417333 -0.012831 -0.908663
vn -0.904011 0.202734 -0.376381
vn -0.904011 0.202734 -0.376381
vn -0.904011 0.202734 -0.376381
vn -0.904011 0.202734 -0.376381
vn -0.904011 0.202732 0.376381
vn -0.904011 0.202732 0.376381
vn -0.904011 0.202732 0.376381
vn -0.904011 0.202732 0.376381
vn -0.417333 -0.012830 0.908663
vn -0.417333 -0.012830 0.908663
vn -0.417333 -0.012830 0.908663
vn -0.417333 -0.012830 0.908663
vn 0.270935 -0.317687 0.908664
vn 0.270935 -0.317687 0.908664
vn 0.270935 -0.317687 0.908664
vn 0.270935 -0.317687 0.908663
vn 0.757613 -0.533254 0.376381
vn 0.757613 -0.533254 0.376381
vn 0.757613 -0.533254 0.376381
vn 0.757613 -0.533254 0.376381
vn 0.757613 -0.533254 -0.376381
vn 0.757613 -0.533254 -0.376381
vn 0.757613 -0.533254 -0.376381
vn 0.757613 -0.533254 -0.376381
vn 0.417333 0.012831 -0.908663
vn 0.417333 0.012831 -0.908663
vn 0.417333 0.012831 -0.908663
vn 0.417333 0.012831 -0.908663
vn -0.270935 0.317686 -0.908664
vn -0.270935 0.317686 -0.908664
vn -0.270935 0.317686 -0.908664
vn -0.270935 0.317686 -0.908664
vn -0.757613 0.533254 -0.376380
vn -0.757613 0.533254 -0.376380
vn -0.757613 0.533254 -0.376380
vn -0.757613 0.533254 -0.376380
vn -0.757612 0.533256 0.376380
vn -0.757612 0.533256 0.376380
vn -0.757612 0.533256 0.376380
vn -0.757612 0.533256 0.376380
vn -0.270935 0.317687 0.908664
vn -0.270935 0.317686 0.908663
vn -0.270935 0.317687 0.908664
vn -0.270935 0.317687 0.908664
vn 0.417333 0.012831 0.908663
vn 0.417333 0.012831 0.908663
vn 0.417333 0.012831 0.908663
vn 0.417333 0.012831 0.908663
vn 0.904011 -0.202733 0.376381
vn 0.904011 -0.202733 0.376381
vn 0.904011 -0.202733 0.376381
vn 0.904011 -0.202733 0.376381
vn 0.904011 -0.202734 -0.376381
vn 0.904011 -0.202734 -0.376381
vn 0.904011 -0.202734 -0.376381
vn 0.904011 -0.202734 -0.376381
vn 0.510469 0.348407 -0.786151
vn 0.510469 0.348407 -0.786151
vn 0.510469 0.348407 -0.786151
vn 0.510469 0.348407 -0.786151
vn -0.085001 0.612163 -0.786150
vn -0.085001 0.612163 -0.786150
vn -0.085001 0.612163 -0.786150
vn -0.085001 0.612163 -0.786150
vn -0.506063 0.798663 -0.325635
vn -0.506063 0.798663 -0.325635
vn -0.506063 0.798663 -0.325635
vn -0.506063 0.798663 -0.325635
vn -0.506063 0.798663 0.325635
vn -0.506063 0.798663 0.325635
vn -0.506063 0.798663 0.325635
vn -0.506063 0.798663 0.325635
vn -0.085001 0.612163 0.786150
vn -0.085001 0.612163 0.786150
vn -0.085001 0.612162 0.786150
vn -0.085001 0.612162 0.786150
vn 0.510469 0.348407 0.786152
vn 0.510469 0.348407 0.786152
vn 0.510469 0.348407 0.786152
vn 0.510469 0.348407 0.786152
vn 0.931531 0.161901 0.325635
vn 0.931531 0.161901 0.325635
vn 0.931531 0.161901 0.325635
vn 0.931531 0.161901 0.325635
vn 0.931531 0.161901 -0.325635
vn 0.931531 0.161901 -0.325635
vn 0.931531 0.161901 -0.325635
vn 0.931531 0.161901 -0.325635
vn 0.533204 0.650045 -0.541419
vn 0.533204 0.650045 -0.541419
vn 0.533204 0.650045 -0.541419
vn 0.533204 0.650045 -0.541419
vn 0.123105 0.831692 -0.541419
vn 0.123105 0.831692 -0.541419
vn 0.123105 0.831692 -0.541419
vn 0.123105 0.831692 -0.541419
vn -0.166877 0.960134 -0.224264
vn -0.166877 0.960134 -0.224264
vn -0.166877 0.960134 -0.224264
vn -0.166877 0.960134 -0.224264
vn -0.166877 0.960134 0.224264
vn -0.166877 0.960134 0.224264
vn -0.166877 0.960134 0.224264
vn -0.166877 0.960134 0.224264
vn 0.123105 0.831693 0.541417
vn 0.123105 0.831693 0.541417
vn 0.123105 0.831693 0.541417
vn 0.123105 0.831693 0.541417
vn 0.533205 0.650045 0.541418
vn 0.533205 0.650045 0.541418
vn 0.533205 0.650045 0.541418
vn 0.533205 0.650045 0.541418
vn 0.823186 0.521604 0.224263
vn 0.823186 0.521604 0.224263
vn 0.823186 0.521604 0.224263
vn 0.823186 0.521604 0.224263
vn 0.823186 0.521604 -0.224263
vn 0.823186 0.521604 -0.224263
vn 0.823186 0.521604 -0.224263
vn 0.823186 0.521604 -0.224263
vn -0.322265 -0.926462 -0.194455
vn -0.322265 -0.926462 -0.194455
vn -0.322265 -0.926462 -0.194455
vn -0.469561 -0.861220 -0.194456
vn -0.469561 -0.861220 -0.194456
vn -0.469561 -0.861220 -0.194456
vn -0.573708 -0.815090 -0.080549
vn -0.573708 -0.815090 -0.080549
vn -0.573708 -0.815090 -0.080549
vn -0.573708 -0.815090 0.080550
vn -0.573708 -0.815090 0.080550
vn -0.573708 -0.815090 0.080550
vn -0.469558 -0.861221 0.194455
vn -0.469559 -0.861221 0.194455
vn -0.469558 -0.861221 0.194455
vn -0.322267 -0.926462 0.194456
vn -0.322267 -0.926462 0.194456
vn -0.322267 -0.926462 0.194456
vn -0.218115 -0.972594 0.080547
vn -0.218115 -0.972594 0.080547
vn -0.218115 -0.972594 0.080547
vn -0.218115 -0.972594 -0.080547
vn -0.218115 -0.972594 -0.080547
vn -0.218115 -0.972594 -0.080547
vn 0.469561 0.861220 -0.194454
vn 0.469561 0.861220 -0.194454
vn 0.469561 0.861220 -0.194454
vn 0.322267 0.926462 -0.194456
vn 0.322267 0.926462 -0.194456
vn 0.322267 0.926462 -0.194456
vn 0.218116 0.972593 -0.080549
vn 0.218116 0.972593 -0.080549
vn 0.218116 0.972593 -0.080549
vn 0.218116 0.972593 0.080552
vn 0.218116 0.972593 0.080552
vn 0.218116 0.972593 0.080552
vn 0.322269 0.926460 0.194459
vn 0.322269 0.926460 0.194459
vn 0.322269 0.926460 0.194459
vn 0.469560 0.861221 0.194454
vn 0.469560 0.861221 0.194454
vn 0.469560 0.861221 0.194454
vn 0.573707 0.815090 0.080551
vn 0.573707 0.815090 0.080551
vn 0.573707 0.815090 0.080551
vn 0.573708 0.815090 -0.080551
vn 0.573708 0.815090 -0.080551
vn 0.573708 0.815090 -0.080551
vn -0.123106 -0.831691 0.541419
vn -0.123106 -0.831691 0.541419
vn -0.123106 -0.831691 0.541419
vn -0.123106 -0.831691 0.541419
vn -0.533204 -0.650044 0.541421
vn -0.533204 -0.650044 0.541421
vn -0.533204 -0.650044 0.541421
vn -0.533204 -0.650044 0.541421
vn -0.823188 -0.521602 0.224262
vn -0.823188 -0.521602 0.224262
vn -0.823188 -0.521602 0.224262
vn -0.823188 -0.521602 0.224262
vn -0.823186 -0.521604 -0.224264
vn -0.823186 -0.521604 -0.224264
vn -0.823186 -0.521604 -0.224264
vn -0.823186 -0.521604 -0.224264
vn -0.533205 -0.650046 -0.541417
vn -0.533205 -0.650046 -0.541417
vn -0.533205 -0.650046 -0.541417
vn -0.533205 -0.650046 -0.541417
vn -0.123106 -0.831691 -0.541419
vn -0.123106 -0.831691 -0.541419
vn -0.123106 -0.831691 -0.541419
vn -0.123106 -0.831692 -0.541419
vn 0.166877 -0.960135 -0.224263
vn 0.166877 -0.960135 -0.224263
vn 0.166877 -0.960135 -0.224263
vn 0.166877 -0.960135 -0.224263
vn 0.166878 -0.960135 0.224262
vn 0.166878 -0.960135 0.224262
vn 0.166878 -0.960135 0.224262
vn 0.166878 -0.960135 0.224262
vn 0.085002 -0.612160 0.786152
vn 0.085002 -0.612159 0.786152
vn 0.085002 -0.612159 0.786152
vn 0.085002 -0.612159 0.786152
vn -0.510468 -0.348406 0.786153
vn -0.510468 -0.348406 0.786152
vn -0.510468 -0.348406 0.786153
vn -0.510468 -0.348406 0.786153
vn -0.931531 -0.161902 0.325634
vn -0.931531 -0.161902 0.325634
vn -0.931531 -0.161902 0.325634
vn -0.931531 -0.161902 0.325634
vn -0.931531 -0.161903 -0.325635
vn -0.931531 -0.161903 -0.325635
vn -0.931531 -0.161903 -0.325635
vn -0.931531 -0.161903 -0.325635
vn -0.510469 -0.348407 -0.786151
vn -0.510469 -0.348407 -0.786151
vn -0.510469 -0.348407 -0.786152
vn -0.510469 -0.348407 -0.786151
vn 0.085001 -0.612162 -0.786151
vn 0.085001 -0.612162 -0.786151
vn 0.085001 -0.612162 -0.786151
vn 0.085001 -0.612162 -0.786151
vn 0.506061 -0.798664 -0.325634
vn 0.506061 -0.798664 -0.325634
vn 0.506061 -0.798664 -0.325634
vn 0.506061 -0.798664 -0.325634
vn 0.506064 -0.798662 0.325634
vn 0.506064 -0.798662 0.325634
vn 0.506065 -0.798662 0.325634
vn 0.506065 -0.798662 0.325634
vn 0.270934 -0.317689 0.908663
vn 0.270934 -0.317689 0.908663
vn 0.270934 -0.317689 0.908663
vn 0.270934 -0.317689 0.908663
vn -0.417334 -0.012833 0.908662
vn -0.417334 -0.012833 0.908662
vn -0.417334 -0.012833 0.908663
vn -0.417334 -0.012833 0.908662
vn -0.904012 0.202731 0.376381
vn -0.904012 0.202731 0.376381
vn -0.904012 0.202731 0.376381
vn -0.904012 0.202731 0.376381
vn -0.904011 0.202736 -0.376381
vn -0.904011 0.202736 -0.376381
vn -0.904011 0.202736 -0.376381
vn -0.904011 0.202736 -0.376381
vn -0.417331 -0.012825 -0.908664
vn -0.417331 -0.012826 -0.908664
vn -0.417331 -0.012826 -0.908664
vn -0.417332 -0.012826 -0.908664
vn 0.270937 -0.317683 -0.908664
vn 0.270937 -0.317683 -0.908664
vn 0.270937 -0.317683 -0.908664
vn 0.270937 -0.317683 -0.908664
vn 0.757615 -0.533252 -0.376381
vn 0.757615 -0.533252 -0.376381
vn 0.757615 -0.533252 -0.376381
vn 0.757615 -0.533252 -0.376381
vn 0.757612 -0.533257 0.376380
vn 0.757612 -0.533257 0.376380
vn 0.757612 -0.533257 0.376380
vn 0.757612 -0.533257 0.376380
vn 0.417332 0.012827 0.908664
vn 0.417332 0.012827 0.908664
vn 0.417332 0.012827 0.908664
vn 0.417332 0.012827 0.908664
vn -0.270936 0.317685 0.908664
vn -0.270936 0.317685 0.908664
vn -0.270936 0.317685 0.908664
vn -0.270936 0.317685 0.908664
vn -0.757614 0.533253 0.376381
vn -0.757614 0.533253 0.376381
vn -0.757614 0.533253 0.376381
vn -0.757614 0.533253 0.376381
vn -0.757612 0.533257 -0.376380
vn -0.757612 0.533257 -0.376380
vn -0.757612 0.533257 -0.376380
vn -0.757612 0.533257 -0.376380
vn -0.270932 0.317691 -0.908663
vn -0.270932 0.317691 -0.908663
vn -0.270932 0.317691 -0.908663
vn -0.270932 0.317691 -0.908663
vn 0.417336 0.012837 -0.908662
vn 0.417336 0.012837 -0.908662
vn 0.417336 0.012837 -0.908662
vn 0.417336 0.012837 -0.908662
vn 0.904012 -0.202731 -0.376381
vn 0.904012 -0.202731 -0.376381
vn 0.904012 -0.202731 -0.376381
vn 0.904012 -0.202731 -0.376381
vn 0.904011 -0.202734 0.376382
vn 0.904011 -0.202734 0.376381
vn 0.904011 -0.202734 0.376381
vn 0.904011 -0.202734 0.376382
vn 0.510469 0.348408 0.786151
vn 0.510469 0.348408 0.786151
vn 0.510469 0.348408 0.786151
vn 0.510469 0.348408 0.786151
vn -0.085000 0.612164 0.786149
vn -0.085000 0.612164 0.786149
vn -0.085000 0.612164 0.786149
vn -0.085000 0.612164 0.786149
vn -0.506062 0.798663 0.325636
vn -0.506062 0.798663 0.325636
vn -0.506062 0.798663 0.325636
vn -0.506062 0.798663 0.325636
vn -0.506063 0.798663 -0.325636
vn -0.506063 0.798663 -0.325636
vn -0.506063 0.798663 -0.325636
vn -0.506063 0.798663 -0.325636
vn -0.085001 0.612163 -0.786150
vn -0.085001 0.612163 -0.786150
vn -0.085001 0.612163 -0.786150
vn -0.085001 0.612163 -0.786150
vn 0.510469 0.348405 -0.786152
vn 0.510469 0.348405 -0.786152
vn 0.510469 0.348405 -0.786152
vn 0.510469 0.348405 -0.786152
vn 0.931531 0.161903 -0.325635
vn 0.931531 0.161903 -0.325635
vn 0.931530 0.161903 -0.325635
vn 0.931531 0.161903 -0.325635
vn 0.931531 0.161901 0.325636
vn 0.931531 0.161901 0.325636
vn 0.931530 0.161901 0.325636
vn 0.931530 0.161901 0.325636
vn 0.533205 0.650046 0.541418
vn 0.533205 0.650046 0.541418
vn 0.533205 0.650046 0.541418
vn 0.533205 0.650046 0.541418
vn 0.123106 0.831693 0.541416
vn 0.123106 0.831693 0.541416
vn 0.123106 0.831693 0.541416
vn 0.123106 0.831693 0.541416
vn -0.166877 0.960134 0.224265
vn -0.166877 0.960134 0.224265
vn -0.166877 0.960134 0.224265
vn -0.166877 0.960134 0.224265
vn -0.166877 0.960134 -0.224263
vn -0.166877 0.960134 -0.224263
vn -0.166877 0.960134 -0.224263
vn -0.166877 0.960134 -0.224263
vn 0.123106 0.831692 -0.541418
vn 0.123106 0.831692 -0.541419
vn 0.123106 0.831692 -0.541419
vn 0.123106 0.831692 -0.541419
vn 0.533204 0.650046 -0.541419
vn 0.533204 0.650046 -0.541419
vn 0.533204 0.650046 -0.541419
vn 0.533204 0.650046 -0.541419
vn 0.823187 0.521602 -0.224263
vn 0.823187 0.521602 -0.224263
vn 0.823187 0.521602 -0.224263
vn 0.823187 0.521602 -0.224263
vn 0.823186 0.521605 0.224263
vn 0.823186 0.521605 0.224263
vn 0.823186 0.521605 0.224263
vn 0.823186 0.521605 0.224263
vn -0.322267 -0.926462 0.194455
vn -0.322267 -0.926462 0.194455
vn -0.322267 -0.926462 0.194455
vn -0.469557 -0.861222 0.194454
vn -0.469557 -0.861222 0.194454
vn -0.469557 -0.861222 0.194454
vn -0.573706 -0.815091 0.080547
vn -0.573706 -0.815091 0.080547
vn -0.573706 -0.815091 0.080547
vn -0.573708 -0.815089 -0.080550
vn -0.573708 -0.815089 -0.080550
vn -0.573708 -0.815089 -0.080550
vn -0.469558 -0.861222 -0.194454
vn -0.469558 -0.861222 -0.194454
vn -0.469558 -0.861222 -0.194454
vn -0.322269 -0.926461 -0.194457
vn -0.322269 -0.926461 -0.194457
vn -0.322269 -0.926461 -0.194457
vn -0.218117 -0.972593 -0.080547
vn -0.218117 -0.972593 -0.080547
vn -0.218117 -0.972593 -0.080547
vn -0.218117 -0.972593 0.080547
vn -0.218117 -0.972593 0.080547
vn -0.218117 -0.972593 0.080547
vn 0.469556 0.861223 0.194455
vn 0.469556 0.861223 0.194455
vn 0.469556 0.861223 0.194455
vn 0.322269 0.926460 0.194459
vn 0.322269 0.926460 0.194459
vn 0.322269 0.926460 0.194459
vn 0.218116 0.972593 0.080550
vn 0.218116 0.972593 0.080550
vn 0.218116 0.972593 0.080550
vn 0.218116 0.972593 -0.080550
vn 0.218116 0.972593 -0.080550
vn 0.218116 0.972593 -0.080550
vn 0.322268 0.926461 -0.194459
vn 0.322268 0.926461 -0.194459
vn 0.322268 0.926461 -0.194459
vn 0.469558 0.861222 -0.194453
vn 0.469558 0.861222 -0.194453
vn 0.469558 0.861222 -0.194453
vn 0.573709 0.815088 -0.080552
vn 0.573709 0.815089 -0.080552
vn 0.573709 0.815088 -0.080552
vn 0.573706 0.815091 0.080550
vn 0.573706 0.815091 0.080550
vn 0.573706 0.815091 0.080550
vn 0.065395 -0.133082 0.988945
vn 0.510102 -0.022999 0.859807
vn 0.510102 -0.022999 0.859807
vn 0.053546 -0.021702 0.998330
vn 0.996880 0.021021 0.076088
vn 0.996880 0.021021 0.076088
vn 0.996880 0.021021 0.076088
vn 0.996880 0.021021 0.076088
vn 0.886876 -0.441324 0.136689
vn 0.886876 -0.441324 0.136689
vn 0.886876 -0.441324 0.136689
vn 0.886876 -0.441324 0.136689
vn 0.290425 -0.476036 0.830086
vn 0.050304 -0.457087 0.887998
vn 0.290425 -0.476036 0.830086
vn 0.989365 -0.145352 0.005521
vn 0.989365 -0.145352 0.005521
vn 0.999111 -0.040728 0.010898
vn 0.999111 -0.040728 0.010898
vn 0.999248 -0.027408 0.027415
vn 0.999248 -0.027408 0.027415
vn 0.479132 0.877743 -0.000000
vn 0.479132 0.877743 -0.000000
vn 0.479132 0.877743 -0.000000
vn 0.479132 0.877743 0.000000
vn 0.478060 0.878327 0.000440
vn 0.477986 0.878368 0.000471
vn 0.952062 0.305905 0.000178
vn 0.959489 0.281746 0.000164
vn 0.997409 -0.071937 0.000005
vn 0.997409 -0.071937 0.000005
vn 0.910269 -0.414017 0.000006
vn 0.910269 -0.414017 0.000006
vn 0.910269 -0.414017 0.000006
vn 0.910269 -0.414017 0.000006
vn 1.000000 0.000000 0.000005
vn 1.000000 0.000000 0.000005
vn 1.000000 0.000000 0.000005
vn 1.000000 0.000000 0.000005
vn 0.999395 0.034789 0.000005
vn 0.999395 0.034789 0.000005
vn 0.999395 0.034789 0.000005
vn 0.999395 0.034789 0.000005
vn 0.000000 -1.000000 -0.000000
vn 0.000000 -1.000000 0.000000
vn 0.000000 -1.000000 0.000000
vn 0.000000 -1.000000 0.000000
vn 0.000000 -1.000000 0.000000
vn 0.479132 0.877743 0.000000
vn 0.479132 0.877743 0.000000
vn 0.479133 0.877742 0.000001
vn 0.479133 0.877742 0.000001
vn 0.065822 -0.130401 -0.989274
vn 0.054269 -0.019672 -0.998333
vn 0.511049 -0.017345 -0.859377
vn 0.511049 -0.017345 -0.859377
vn 0.996869 0.021551 -0.076082
vn 0.996869 0.021551 -0.076082
vn 0.996869 0.021551 -0.076082
vn 0.996869 0.021551 -0.076082
vn 0.886876 -0.441324 -0.136689
vn 0.886876 -0.441324 -0.136689
vn 0.886876 -0.441324 -0.136689
vn 0.886876 -0.441324 -0.136689
vn 0.290425 -0.476036 -0.830086
vn 0.290425 -0.476036 -0.830086
vn 0.050304 -0.457087 -0.887998
vn 0.989365 -0.145352 -0.005521
vn 0.999111 -0.040728 -0.010898
vn 0.999111 -0.040728 -0.010898
vn 0.989365 -0.145352 -0.005521
vn 0.999248 -0.027408 -0.027415
vn 0.999248 -0.027408 -0.027415
vn 0.479133 0.877742 0.000000
vn 0.479133 0.877743 -0.000000
vn 0.479133 0.877743 -0.000000
vn 0.479133 0.877742 0.000000
vn 0.951896 0.306422 -0.000178
vn 0.959532 0.281599 -0.000164
vn 0.997409 -0.071937 -0.000005
vn 0.997409 -0.071937 -0.000005
vn 0.478061 0.878327 -0.000440
vn 0.477986 0.878367 -0.000471
vn 0.910269 -0.414017 -0.000006
vn 0.910269 -0.414017 -0.000006
vn 0.910269 -0.414017 -0.000006
vn 0.910269 -0.414017 -0.000006
vn 1.000000 0.000001 -0.000005
vn 1.000000 0.000001 -0.000005
vn 1.000000 0.000001 -0.000005
vn 1.000000 0.000001 -0.000005
vn 0.999395 0.034789 -0.000005
vn 0.999395 0.034789 -0.000005
vn 0.999395 0.034789 -0.000005
vn 0.999395 0.034789 -0.000005
vn 0.000000 -1.000000 0.000000
vn 0.000000 -1.000000 0.000000
vn 0.000000 -1.000000 0.000000
vn 0.000000 -1.000000 0.000000
vn 0.479132 0.877743 -0.000000
vn 0.479132 0.877743 -0.000000
vn 0.479133 0.877742 -0.000000
vn 0.479133 0.877742 -0.000000
vn -0.584009 -0.558625 0.588957
vn -0.584009 -0.558625 0.588957
vn -0.584009 -0.558625 0.588957
vn -0.584009 -0.558625 0.588957
vn -0.677378 -0.000765 0.735634
vn -0.677378 -0.000765 0.735634
vn -0.690085 -0.004464 0.723715
vn -0.689335 -0.004244 0.724430
vn -0.704746 -0.001202 0.709459
vn -0.704738 -0.001207 0.709467
vn -0.707111 0.000000 0.707102
vn -0.707111 0.000000 0.707102
vn -0.707111 -0.000000 0.707103
vn -0.707111 -0.000000 0.707103
vn -0.707111 0.000000 0.707102
vn -0.707111 0.000000 0.707102
vn -0.707108 0.499999 0.500000
vn -0.707108 0.499999 0.500000
vn -0.707108 0.499999 0.500000
vn -0.707108 0.499999 0.500000
vn -0.707106 0.707108 -0.000004
vn -0.707106 0.707108 -0.000004
vn -0.707106 0.707108 0.000000
vn -0.707106 0.707108 0.000000
vn -0.528951 -0.848648 0.002747
vn -0.528951 -0.848648 0.002747
vn -0.528953 -0.848651 -0.000000
vn -0.528953 -0.848651 -0.000000
vn -0.528951 -0.848648 -0.002747
vn -0.528951 -0.848648 -0.002747
vn -0.707106 0.707108 0.000004
vn -0.707106 0.707108 0.000004
vn -0.677378 -0.000762 -0.735634
vn -0.677378 -0.000762 -0.735635
vn -0.689335 -0.004243 -0.724430
vn -0.690085 -0.004463 -0.723714
vn -0.584009 -0.558629 -0.588955
vn -0.584009 -0.558629 -0.588955
vn -0.584009 -0.558629 -0.588955
vn -0.584009 -0.558629 -0.588955
vn -0.704738 -0.001207 -0.709467
vn -0.704746 -0.001202 -0.709459
vn -0.707111 -0.000000 -0.707102
vn -0.707111 -0.000000 -0.707102
vn -0.707111 -0.000000 -0.707102
vn -0.707111 -0.000000 -0.707102
vn -0.707111 -0.000000 -0.707103
vn -0.707111 -0.000000 -0.707103
vn -0.707109 0.499999 -0.499998
vn -0.707109 0.499999 -0.499998
vn -0.707109 0.499999 -0.499998
vn -0.707109 0.499999 -0.499998
vn -0.000006 -0.000000 1.000000
vn -0.000006 -0.000000 1.000000
vn -0.000006 0.000000 1.000000
vn -0.000006 0.000000 1.000000
vn -0.000004 0.707103 0.707111
vn -0.000004 0.707103 0.707111
vn -0.000004 0.707103 0.707111
vn -0.000004 0.707103 0.707111
vn 0.044497 -0.132012 0.990249
vn 0.036581 -0.033126 0.998782
vn 0.041340 -0.455845 0.889099
vn 0.007603 -0.014074 0.999872
vn 0.011353 -0.021008 0.999715
vn -0.000006 0.000000 1.000000
vn -0.000006 0.000000 1.000000
vn -0.910270 -0.414014 -0.000006
vn -0.996301 -0.085932 -0.000006
vn -0.993564 -0.113274 -0.000000
vn -0.910270 -0.414014 -0.000000
vn 0.000000 1.000000 0.000000
vn 0.000000 1.000000 0.000000
vn 0.000000 1.000000 -0.000000
vn 0.000000 1.000000 -0.000000
vn -1.000000 0.000000 -0.000006
vn -1.000000 -0.000000 0.000000
vn -1.000000 -0.000000 0.000000
vn -1.000000 0.000000 -0.000006
vn -1.000000 0.000000 -0.000006
vn -1.000000 0.000000 0.000000
vn -1.000000 -0.000000 -0.000006
vn -1.000000 -0.000000 0.000000
vn -1.000000 0.000000 -0.000006
vn -1.000000 0.000000 0.000000
vn 0.000000 -1.000000 -0.000000
vn 0.000000 -1.000000 0.000000
vn -1.000000 0.000001 -0.000006
vn -1.000000 0.000001 0.000000
vn -0.000006 -0.000000 -1.000000
vn -0.000006 -0.000000 -1.000000
vn -0.000006 0.000000 -1.000000
vn -0.000006 0.000000 -1.000000
vn -0.000004 0.707103 -0.707111
vn -0.000004 0.707103 -0.707111
vn -0.000004 0.707103 -0.707111
vn -0.000004 0.707103 -0.707111
vn 0.044923 -0.129426 -0.990571
vn 0.037314 -0.032304 -0.998781
vn 0.041340 -0.455845 -0.889099
vn 0.011679 -0.021517 -0.999700
vn 0.007823 -0.014416 -0.999866
vn -0.000006 0.000000 -1.000000
vn -0.000006 0.000000 -1.000000
vn -0.996301 -0.085931 0.000006
vn -0.910270 -0.414014 0.000006
vn 0.000000 1.000000 -0.000001
vn 0.000000 1.000000 -0.000001
vn -1.000000 -0.000000 0.000006
vn -1.000000 -0.000000 0.000006
vn -1.000000 0.000000 0.000006
vn -1.000000 -0.000000 0.000006
vn -1.000000 -0.000000 0.000006
vn 0.000000 -1.000000 0.000000
vn -1.000000 0.000001 0.000006
vn 0.000000 0.000000 -1.000000
vn 0.000000 0.000000 -1.000000
vn 0.000000 0.000000 -1.000000
vn 0.000000 0.000000 -1.000000
vn 0.000000 -0.707107 -0.707107
vn 0.000000 -0.707107 -0.707107
vn 0.000000 -0.707107 -0.707107
vn 0.000000 -0.707107 -0.707107
vn 0.043948 0.568012 -0.821846
vn 0.043948 0.568012 -0.821846
vn 0.043948 0.568012 -0.821846
vn 0.043948 0.568012 -0.821846
vn 0.000000 0.000002 -1.000000
vn 0.000000 0.000002 -1.000000
vn 0.000000 0.000002 -1.000000
vn 0.000000 0.000002 -1.000000
vn -0.000000 -0.000000 -1.000000
vn -0.000000 -0.000000 -1.000000
vn -0.000000 -0.000000 -1.000000
vn -0.000000 -0.000000 -1.000000
vn 0.000000 -1.000000 0.000000
vn 0.000000 -1.000000 0.000000
vn 0.000000 -1.000000 0.000000
vn 0.000000 -1.000000 0.000000
vn 0.045849 0.968586 -0.244417
vn 0.045849 0.968586 -0.244417
vn 0.045849 0.968586 -0.244417
vn 0.045849 0.968586 -0.244417
vn 0.039952 0.999184 0.005993
vn 0.039952 0.999184 0.005993
vn 0.039952 0.999184 0.005993
vn 0.039952 0.999184 0.005993
vn 0.022310 0.222165 -0.974754
vn 0.022310 0.222165 -0.974754
vn 0.022310 0.222165 -0.974754
vn 0.022310 0.222165 -0.974754
vn 0.000000 0.000000 1.000000
vn 0.000000 0.000000 1.000000
vn 0.000000 0.000000 1.000000
vn 0.000000 0.000000 1.000000
vn 0.000000 -0.707107 0.707107
vn 0.000000 -0.707107 0.707107
vn 0.000000 -0.707107 0.707107
vn 0.000000 -0.707107 0.707107
vn 0.000000 -0.000000 1.000000
vn 0.000000 -0.000000 1.000000
vn 0.000000 -0.000000 1.000000
vn 0.000000 -0.000000 1.000000
vn 0.041795 0.566764 0.822820
vn 0.041795 0.566764 0.822820
vn 0.041795 0.566764 0.822820
vn 0.041795 0.566764 0.822820
vn 0.000000 0.000002 1.000000
vn 0.000000 0.000002 1.000000
vn 0.000000 0.000002 1.000000
vn 0.000000 0.000002 1.000000
vn 0.045246 0.968580 0.244553
vn 0.045246 0.968580 0.244553
vn 0.045246 0.968580 0.244553
vn 0.045246 0.968580 0.244553
vn 0.039967 0.999183 -0.005993
vn 0.039967 0.999183 -0.005993
vn 0.039967 0.999183 -0.005993
vn 0.039967 0.999183 -0.005993
vn 0.020414 0.222524 0.974713
vn 0.020414 0.222524 0.974714
vn 0.020414 0.222524 0.974713
vn 0.020414 0.222524 0.974713
vn 0.000000 -1.000000 0.000000
vn 0.000000 -1.000000 0.000000
vn 0.000000 -1.000000 0.000000
vn 0.000000 -1.000000 0.000000
vn 0.907371 0.420331 0.000000
vn 0.907371 0.420331 0.000000
vn 0.907371 0.420331 0.000000
vn 0.907371 0.420331 0.000000
vn 0.950270 -0.311426 0.000000
vn 0.950270 -0.311426 0.000000
vn 0.950270 -0.311426 0.000000
vn 0.950270 -0.311426 0.000000
vn 0.999062 -0.043302 0.000000
vn 0.999062 -0.043302 0.000000
vn 0.999062 -0.043302 0.000000
vn 0.999062 -0.043302 0.000000
vn 0.999985 0.005496 0.000000
vn 0.999985 0.005496 0.000000
vn 0.999985 0.005496 0.000000
vn 0.999985 0.005496 0.000000
vn 0.907371 0.420331 0.000000
vn 0.907371 0.420331 0.000000
vn 0.999985 0.005496 0.000000
vn 0.999985 0.005496 0.000000
vn 0.950270 -0.311426 0.000000
vn 0.950270 -0.311426 0.000000
vn 0.999062 -0.043302 0.000000
vn 0.999062 -0.043302 0.000000
vn 0.907370 0.420332 0.000000
vn 0.907370 0.420332 0.000000
vn 0.907370 0.420332 0.000000
vn 0.907370 0.420332 0.000000
vn 0.907370 0.420332 0.000000
vn 0.907370 0.420332 0.000000
vn 0.907370 0.420332 -0.000000
vn 0.907370 0.420332 -0.000000
vn 0.907370 0.420332 0.000000
vn 0.996780 -0.080191 0.000002
vn 0.996780 -0.080191 0.000002
vn 0.996780 -0.080191 0.000002
vn 0.996780 -0.080191 0.000002
vn 0.996780 -0.080191 -0.000002
vn 0.996780 -0.080191 -0.000002
vn 0.996780 -0.080191 -0.000002
vn 0.996780 -0.080191 -0.000002
vn 0.000000 -1.000000 -0.000004
vn 0.000000 -1.000000 0.000004
vn 0.000000 -1.000000 0.000001
vn 0.000000 -1.000000 0.000000
vn 0.000000 -1.000000 0.000008
vn 0.000000 -1.000000 0.000008
vn 0.000000 -1.000000 0.000000
vn 0.000000 -1.000000 -0.000004
vn 0.000000 -1.000000 -0.000004
vn 0.000000 -1.000000 0.000000
vn 0.000000 -1.000000 0.000008
vn 0.000000 -1.000000 0.000000
vn 0.000000 -1.000000 0.000000
vn 0.865964 0.011888 -0.499965
vn 0.707060 0.011483 -0.707060
vn 0.499952 0.013923 -0.865941
vn 0.865942 0.013923 -0.499952
vn 0.258802 0.011483 -0.965862
vn 0.000000 0.011888 -0.999929
vn 0.000000 0.013923 -0.999903
vn -0.258802 0.011483 -0.965862
vn -0.499952 0.013923 -0.865941
vn -0.707060 0.011483 -0.707060
vn -0.865964 0.011888 -0.499965
vn -0.865942 0.013923 -0.499952
vn -0.965862 0.011483 -0.258802
vn -0.999903 0.013923 -0.000000
vn -0.965862 0.011483 0.258802
vn -0.865964 0.011888 0.499965
vn -0.865942 0.013923 0.499952
vn -0.707060 0.011483 0.707060
vn -0.499952 0.013923 0.865941
vn -0.258802 0.011483 0.965862
vn 0.000000 0.011888 0.999929
vn 0.000000 0.013923 0.999903
vn 0.258802 0.011483 0.965862
vn 0.499952 0.013923 0.865941
vn 0.707060 0.011483 0.707060
vn 0.865964 0.011888 0.499965
vn 0.865941 0.013923 0.499952
vn 0.999929 0.011888 0.000000
vn 0.999903 0.013923 -0.000000
vn 0.241602 0.960298 -0.139489
vn 0.139489 0.960299 -0.241595
vn 0.000000 1.000000 0.000000
vn 0.000000 0.960299 -0.278972
vn -0.139489 0.960296 -0.241607
vn -0.241601 0.960296 -0.139502
vn -0.278978 0.960298 -0.000007
vn -0.241602 0.960297 0.139495
vn -0.139488 0.960296 0.241607
vn 0.000000 0.960299 0.278971
vn 0.139490 0.960301 0.241589
vn 0.241602 0.960298 0.139486
vn 0.278978 0.960298 0.000003
vn 0.795929 0.394117 -0.459532
vn 0.919060 0.394117 -0.000000
vn 0.321694 0.928449 -0.185730
vn 0.371460 0.928449 0.000005
vn 0.185731 0.928452 -0.321685
vn 0.459524 0.394114 -0.795934
vn 0.000000 0.928452 -0.371452
vn 0.000001 0.394113 -0.919062
vn -0.185730 0.928447 -0.321701
vn -0.459531 0.394118 -0.795929
vn -0.321693 0.928446 -0.185747
vn -0.795930 0.394118 -0.459528
vn -0.371460 0.928449 -0.000009
vn -0.919060 0.394118 -0.000003
vn -0.321693 0.928447 0.185738
vn -0.795931 0.394119 0.459525
vn -0.185729 0.928447 0.321701
vn -0.459530 0.394118 0.795929
vn 0.000000 0.928452 0.371452
vn 0.000001 0.394113 0.919062
vn 0.185731 0.928455 0.321677
vn 0.459526 0.394116 0.795932
vn 0.321694 0.928450 0.185726
vn 0.795930 0.394118 0.459528
vn 0.000000 -1.000000 0.000004
vn 0.000000 -1.000000 -0.000000
vn 0.000000 -1.000000 0.000000
vn 0.000000 -1.000000 0.000000
vn 0.000000 -1.000000 -0.000004
vn 0.000000 -1.000000 -0.000001
vn 0.000000 -1.000000 0.000000
vn 0.000000 -1.000000 0.000001
vn 0.000000 -1.000000 0.000004
vn 0.000000 -1.000000 0.000000
vn 0.000000 -1.000000 -0.000004
vn 0.000000 -1.000000 0.000000
vn 0.000000 -1.000000 -0.000000
vn 0.865964 0.011888 0.499965
vn 0.865942 0.013923 0.499952
vn 0.499952 0.013923 0.865941
vn 0.707060 0.011483 0.707061
vn 0.258805 0.011483 0.965861
vn -0.000000 0.013923 0.999903
vn 0.000000 0.011888 0.999929
vn -0.499952 0.013923 0.865941
vn -0.258805 0.011483 0.965861
vn -0.707060 0.011483 0.707061
vn -0.865942 0.013923 0.499951
vn -0.865964 0.011888 0.499965
vn -0.999903 0.013923 -0.000000
vn -0.965862 0.011483 0.258802
vn -0.965862 0.011483 -0.258802
vn -0.865941 0.013923 -0.499952
vn -0.865964 0.011888 -0.499965
vn -0.499951 0.013923 -0.865942
vn -0.707060 0.011483 -0.707061
vn -0.258802 0.011483 -0.965862
vn -0.000000 0.013923 -0.999903
vn 0.000000 0.011888 -0.999929
vn 0.499951 0.013923 -0.865942
vn 0.258802 0.011483 -0.965862
vn 0.707060 0.011483 -0.707061
vn 0.865941 0.013923 -0.499952
vn 0.865964 0.011888 -0.499965
vn 0.999903 0.013923 0.000000
vn 0.999929 0.011888 0.000000
vn 0.241602 0.960298 0.139487
vn 0.000000 1.000000 0.000000
vn 0.139489 0.960299 0.241596
vn 0.000000 0.960299 0.278972
vn -0.139489 0.960298 0.241601
vn -0.241602 0.960296 0.139500
vn -0.278978 0.960298 0.000007
vn -0.241602 0.960296 -0.139500
vn -0.139488 0.960296 -0.241607
vn 0.000000 0.960298 -0.278978
vn 0.139489 0.960296 -0.241608
vn 0.241602 0.960297 -0.139493
vn 0.278978 0.960298 0.000000
vn 0.919060 0.394118 0.000003
vn 0.795929 0.394117 0.459531
vn 0.321694 0.928449 0.185730
vn 0.371460 0.928449 0.000000
vn 0.185730 0.928452 0.321685
vn 0.459526 0.394113 0.795934
vn 0.000000 0.928452 0.371452
vn -0.000001 0.394112 0.919062
vn -0.185730 0.928449 0.321693
vn -0.459529 0.394117 0.795931
vn -0.321693 0.928447 0.185739
vn -0.795932 0.394118 0.459524
vn -0.371460 0.928449 0.000009
vn -0.919060 0.394118 -0.000003
vn -0.321694 0.928447 -0.185738
vn -0.795931 0.394119 -0.459527
vn -0.185729 0.928447 -0.321701
vn -0.459529 0.394117 -0.795930
vn 0.000000 0.928449 -0.371460
vn -0.000001 0.394114 -0.919062
vn 0.185729 0.928447 -0.321701
vn 0.459528 0.394116 -0.795932
vn 0.321693 0.928447 -0.185738
vn 0.795931 0.394119 -0.459526
vn -0.975888 -0.189028 -0.109136
vn -0.975888 -0.109135 -0.189029
vn -0.926697 -0.187905 -0.325461
vn -0.926697 -0.325461 -0.187905
vn -0.975888 0.000000 -0.218271
vn -0.926697 0.000000 -0.375810
vn -0.975888 0.109136 -0.189028
vn -0.926697 0.187905 -0.325461
vn -0.975888 0.189028 -0.109136
vn -0.926697 0.325461 -0.187905
vn -0.975888 0.218271 0.000000
vn -0.926696 0.375811 0.000000
vn -0.975888 0.189028 0.109136
vn -0.926697 0.325461 0.187905
vn -0.975888 0.109135 0.189028
vn -0.926697 0.187905 0.325461
vn -0.975888 0.000000 0.218271
vn -0.926697 0.000000 0.375810
vn -0.975888 -0.109136 0.189029
vn -0.926697 -0.187905 0.325461
vn -0.975888 -0.189028 0.109136
vn -0.926697 -0.325461 0.187905
vn -0.975888 -0.218271 0.000000
vn -0.926696 -0.375811 0.000000
vn -0.828760 -0.279802 -0.484632
vn -0.828760 -0.484632 -0.279802
vn -0.828760 0.000000 -0.559604
vn -0.828760 0.279802 -0.484632
vn -0.828760 0.484632 -0.279802
vn -0.828760 0.559604 -0.000000
vn -0.828760 0.484632 0.279802
vn -0.828760 0.279803 0.484632
vn -0.828760 0.000000 0.559604
vn -0.828760 -0.279802 0.484632
vn -0.828760 -0.484632 0.279802
vn -0.828760 -0.559604 0.000000
vn -0.654735 -0.377929 -0.654593
vn -0.654736 -0.654592 -0.377929
vn -0.654736 -0.000000 -0.755858
vn -0.654735 0.377929 -0.654593
vn -0.654736 0.654592 -0.377929
vn -0.654736 0.755858 0.000000
vn -0.654736 0.654592 0.377929
vn -0.654735 0.377929 0.654593
vn -0.654736 0.000000 0.755858
vn -0.654735 -0.377929 0.654593
vn -0.654736 -0.654592 0.377929
vn -0.654736 -0.755858 0.000000
vn -0.374267 -0.463661 -0.803084
vn -0.374267 -0.803083 -0.463661
vn -0.374266 -0.000000 -0.927321
vn -0.374266 0.463661 -0.803084
vn -0.374267 0.803084 -0.463661
vn -0.374267 0.927321 0.000000
vn -0.374267 0.803084 0.463661
vn -0.374266 0.463661 0.803084
vn -0.374266 0.000000 0.927321
vn -0.374266 -0.463661 0.803084
vn -0.374267 -0.803084 0.463661
vn -0.374267 -0.927321 -0.000000
vn -0.000000 -0.500000 -0.866025
vn -0.000000 -0.866025 -0.500000
vn 0.000000 -0.000000 -1.000000
vn 0.000000 0.500000 -0.866025
vn 0.000000 0.866026 -0.500000
vn 0.000000 1.000000 0.000000
vn -0.000000 0.866026 0.500000
vn -0.000000 0.500000 0.866025
vn -0.000000 0.000000 1.000000
vn 0.000000 -0.500000 0.866025
vn 0.000000 -0.866025 0.500000
vn 0.000000 -1.000000 -0.000000
vn 0.374266 -0.463661 -0.803084
vn 0.374267 -0.803083 -0.463661
vn 0.374266 -0.000000 -0.927321
vn 0.374266 0.463661 -0.803084
vn 0.374267 0.803084 -0.463661
vn 0.374267 0.927321 -0.000000
vn 0.374267 0.803084 0.463661
vn 0.374266 0.463661 0.803084
vn 0.374266 0.000000 0.927321
vn 0.374267 -0.463661 0.803084
vn 0.374267 -0.803084 0.463661
vn 0.374267 -0.927321 0.000000
vn 0.654735 -0.377929 -0.654592
vn 0.654736 -0.654592 -0.377929
vn 0.654735 -0.000000 -0.755858
vn 0.654735 0.377929 -0.654593
vn 0.654736 0.654592 -0.377929
vn 0.654736 0.755858 0.000000
vn 0.654736 0.654592 0.377929
vn 0.654735 0.377929 0.654593
vn 0.654735 0.000000 0.755858
vn 0.654735 -0.377929 0.654593
vn 0.654736 -0.654592 0.377929
vn 0.654736 -0.755858 0.000000
vn 0.828759 -0.279803 -0.484632
vn 0.828760 -0.484632 -0.279802
vn 0.828760 -0.000000 -0.559604
vn 0.828760 0.279802 -0.484632
vn 0.828760 0.484632 -0.279802
vn 0.828760 0.559604 0.000000
vn 0.828760 0.484632 0.279802
vn 0.828760 0.279803 0.484632
vn 0.828760 0.000000 0.559604
vn 0.828760 -0.279802 0.484632
vn 0.828760 -0.484632 0.279802
vn 0.828760 -0.559604 0.000000
vn 0.926697 -0.187905 -0.325461
vn 0.926697 -0.325461 -0.187905
vn 0.926697 0.000000 -0.375810
vn 0.926697 0.187905 -0.325461
vn 0.926697 0.325461 -0.187906
vn 0.926696 0.375811 0.000000
vn 0.926696 0.325461 0.187906
vn 0.926697 0.187905 0.325461
vn 0.926697 -0.000000 0.375810
vn 0.926697 -0.187905 0.325461
vn 0.926697 -0.325461 0.187905
vn 0.926696 -0.375811 -0.000000
vn 0.975888 -0.109135 -0.189028
vn 0.975888 -0.189028 -0.109135
vn 0.975888 0.000000 -0.218271
vn 0.975888 0.109135 -0.189028
vn 0.975888 0.189028 -0.109136
vn 0.975888 0.218271 0.000000
vn 0.975888 0.189028 0.109136
vn 0.975888 0.109135 0.189028
vn 0.975888 -0.000000 0.218271
vn 0.975888 -0.109135 0.189028
vn 0.975888 -0.189028 0.109135
vn 0.975888 -0.218271 0.000000
vn -1.000000 -0.000000 0.000000
vn 1.000000 0.000000 -0.000000
s off
g portocom_phone
usemtl lambert2SG
f 767/879/1369 768/880/1370 770/881/1371 769/882/1372
f 769/882/1373 770/881/1374 772/883/1375 771/884/1376
f 771/884/1377 772/883/1378 774/885/1379 773/886/1380
f 773/886/1381 774/885/1382 768/880/1383 767/879/1384
f 768/880/1385 774/885/1386 772/883/1387 770/881/1388
f 773/886/1389 767/879/1390 769/882/1391 771/884/1392
f 775/887/1393 776/888/1394 778/889/1395 777/890/1396
f 777/890/1397 778/889/1398 780/891/1399 779/892/1400
f 779/892/1401 780/891/1402 782/893/1403 781/894/1404
f 781/894/1405 782/893/1406 776/888/1407 775/887/1408
f 776/888/1409 782/893/1410 780/891/1411 778/889/1412
f 781/894/1413 775/887/1414 777/890/1415 779/892/1416
f 783/895/1417 784/896/1418 786/897/1419 785/898/1420
f 785/898/1421 786/897/1422 788/899/1423 787/900/1424
f 787/900/1425 788/899/1426 790/901/1427 789/902/1428
f 789/902/1429 790/901/1430 784/896/1431 783/895/1432
f 784/896/1433 790/901/1434 788/899/1435 786/897/1436
f 789/902/1437 783/895/1438 785/898/1439 787/900/1440
f 791/903/1441 792/904/1442 794/905/1443 793/906/1444
f 793/906/1445 794/905/1446 796/907/1447 795/908/1448
f 795/908/1449 796/907/1450 798/909/1451 797/910/1452
f 797/910/1453 798/909/1454 792/904/1455 791/903/1456
f 792/904/1457 798/909/1458 796/907/1459 794/905/1460
f 797/910/1461 791/903/1462 793/906/1463 795/908/1464
f 799/911/1465 800/912/1466 802/913/1467 801/914/1468
f 801/914/1469 802/913/1470 804/915/1471 803/916/1472
f 803/916/1473 804/915/1474 806/917/1475 805/918/1476
f 805/918/1477 806/917/1478 800/912/1479 799/911/1480
f 800/912/1481 806/917/1482 804/915/1483 802/913/1484
f 805/918/1485 799/911/1486 801/914/1487 803/916/1488
f 807/919/1489 808/920/1490 810/921/1491 809/922/1492
f 809/922/1493 810/921/1494 812/923/1495 811/924/1496
f 811/924/1497 812/923/1498 814/925/1499 813/926/1500
f 813/926/1501 814/925/1502 808/920/1503 807/919/1504
f 808/920/1505 814/925/1506 812/923/1507 810/921/1508
f 813/926/1509 807/919/1510 809/922/1511 811/924/1512
f 815/927/1513 816/928/1514 818/929/1515 817/930/1516
f 817/930/1517 818/929/1518 820/931/1519 819/932/1520
f 819/932/1521 820/931/1522 822/933/1523 821/934/1524
f 821/934/1525 822/933/1526 816/928/1527 815/927/1528
f 816/928/1529 822/933/1530 820/931/1531 818/929/1532
f 821/934/1533 815/927/1534 817/930/1535 819/932/1536
f 823/935/1537 824/936/1538 826/937/1539 825/938/1540
f 825/938/1541 826/937/1542 828/939/1543 827/940/1544
f 827/940/1545 828/939/1546 830/941/1547 829/942/1548
f 829/942/1549 830/941/1550 824/936/1551 823/935/1552
f 824/936/1553 830/941/1554 828/939/1555 826/937/1556
f 829/942/1557 823/935/1558 825/938/1559 827/940/1560
f 831/943/1561 832/944/1562 834/945/1563 833/946/1564
f 833/946/1565 834/945/1566 836/947/1567 835/948/1568
f 835/948/1569 836/947/1570 838/949/1571 837/950/1572
f 837/950/1573 838/949/1574 832/944/1575 831/943/1576
f 832/944/1577 838/949/1578 836/947/1579 834/945/1580
f 837/950/1581 831/943/1582 833/946/1583 835/948/1584
f 839/951/1585 840/952/1586 842/953/1587 841/954/1588
f 841/954/1589 842/953/1590 844/955/1591 843/956/1592
f 843/956/1593 844/955/1594 846/957/1595 845/958/1596
f 845/958/1597 846/957/1598 840/952/1599 839/951/1600
f 840/952/1601 846/957/1602 844/955/1603 842/953/1604
f 845/958/1605 839/951/1606 841/954/1607 843/956/1608
f 847/959/1609 848/960/1610 850/961/1611 849/962/1612
f 849/962/1613 850/961/1614 852/963/1615 851/964/1616
f 851/964/1617 852/963/1618 854/965/1619 853/966/1620
f 853/966/1621 854/965/1622 848/960/1623 847/959/1624
f 848/960/1625 854/965/1626 852/963/1627 850/961/1628
f 853/966/1629 847/959/1630 849/962/1631 851/964/1632
f 855/967/1633 856/968/1634 858/969/1635 857/970/1636
f 857/970/1637 858/969/1638 860/971/1639 859/972/1640
f 859/972/1641 860/971/1642 862/973/1643 861/974/1644
f 861/974/1645 862/973/1646 856/968/1647 855/967/1648
f 856/968/1649 862/973/1650 860/971/1651 858/969/1652
f 861/974/1653 855/967/1654 857/970/1655 859/972/1656
s 1
f 865/975/1657 863/976/1658 864/977/1659 866/978/1660
f 867/979/1661 865/975/1657 866/978/1660 868/980/1662
f 869/981/1663 913/982/1664 867/979/1661 868/980/1662
f 864/977/1659 871/983/1665 870/984/1666 866/978/1660
f 872/985/1667 912/986/1668 869/981/1663 868/980/1662
f 870/984/1666 872/985/1667 868/980/1662 866/978/1660
f 864/977/1659 863/976/1658 873/987/1669 874/988/1670
s 2
f 877/989/1671 875/990/1672 876/991/1673 883/992/1674
s 1
f 899/993/1675 901/994/1676 900/995/1677
s 2
f 876/991/1673 875/990/1672 882/996/1678 884/997/1679
f 876/991/1673 888/998/1680 885/999/1681 883/992/1674
s 1
f 874/988/1670 886/1000/1682 871/983/1665 864/977/1659
s 2
f 876/991/1673 884/997/1679 887/1001/1683 889/1002/1684
f 894/1003/1685 890/1004/1686 888/998/1680 876/991/1673
s 1
f 892/1005/1687 891/1006/1688 911/1007/1689 895/1008/1690
s 2
f 876/991/1673 889/1002/1684 893/1009/1691 894/1003/1685
s 1
f 904/1010/1692 902/1011/1693 905/1012/1694
f 892/1005/1687 895/1008/1690 910/1013/1695 898/1014/1696
f 874/988/1670 873/987/1669 899/993/1675 878/1015/1697
s off
f 900/995/1698 901/994/1699 875/990/1700 877/989/1701
s 1
f 878/1015/1697 902/1011/1693 886/1000/1682 874/988/1670
s off
f 881/1016/1702 903/1017/1703 884/997/1704 882/996/1705
f 904/1010/1706 905/1012/1707 885/999/1708 888/998/1709
f 906/1018/1710 907/1019/1711 889/1002/1712 887/1001/1713
f 908/1020/1714 897/1021/1715 890/1004/1716 894/1003/1717
f 907/1019/1718 909/1022/1719 893/1009/1720 889/1002/1721
f 883/992/1722 879/1023/1723 900/995/1724 877/989/1725
f 885/999/1726 905/1012/1727 879/1023/1728 883/992/1729
f 884/997/1730 903/1017/1731 906/1018/1732 887/1001/1733
s 1
f 891/1006/1688 892/1005/1687 907/1019/1734 906/1018/1735
s off
f 893/1009/1736 909/1022/1737 908/1020/1738 894/1003/1739
s 1
f 908/1020/1740 909/1022/1741 898/1014/1696
s off
f 875/990/1742 901/994/1743 881/1016/1744 882/996/1745
f 890/1004/1746 897/1021/1747 904/1010/1748 888/998/1749
s 1
f 891/1006/1688 903/1017/1750 881/1016/1751 880/1024/1752
f 891/1006/1688 906/1018/1735 903/1017/1750
f 898/1014/1696 909/1022/1741 907/1019/1734 892/1005/1687
f 898/1014/1696 896/1025/1753 897/1021/1754 908/1020/1740
f 897/1021/1754 896/1025/1753 902/1011/1693 904/1010/1692
f 905/1012/1694 902/1011/1693 878/1015/1697 879/1023/1755
f 899/993/1675 900/995/1677 879/1023/1755 878/1015/1697
f 880/1024/1752 881/1016/1751 901/994/1676 899/993/1675
s 6
f 915/1026/1756 914/1027/1757 916/1028/1758 917/1029/1759
f 918/1030/1760 919/1031/1761 917/1029/1759 916/1028/1758
f 920/1032/1762 919/1031/1761 918/1030/1760 964/1033/1763
f 921/1034/1764 922/1035/1765 915/1026/1756 917/1029/1759
f 963/1036/1766 923/1037/1767 919/1031/1761 920/1032/1762
f 923/1037/1767 921/1034/1764 917/1029/1759 919/1031/1761
f 915/1026/1756 925/1038/1768 924/1039/1769 914/1027/1757
s 7
f 928/1040/1770 934/1041/1771 927/1042/1772 926/1043/1773
s 6
f 950/1044/1774 951/1045/1775 952/1046/1776
s 7
f 927/1042/1772 935/1047/1777 933/1048/1778 926/1043/1773
f 936/1049/1779 939/1050/1780 927/1042/1772 934/1041/1771
s 6
f 915/1026/1756 922/1035/1765 937/1051/1781 925/1038/1768
s 7
f 927/1042/1772 940/1052/1782 938/1053/1783 935/1047/1777
f 927/1042/1772 939/1050/1780 941/1054/1784 945/1055/1785
s 6
f 943/1056/1786 946/1057/1787 962/1058/1788 942/1059/1789
s 7
f 927/1042/1772 945/1055/1785 944/1060/1790 940/1052/1782
s 6
f 955/1061/1791 956/1062/1792 953/1063/1793
f 943/1056/1786 949/1064/1794 961/1065/1795 946/1057/1787
f 925/1038/1768 929/1066/1796 950/1044/1774 924/1039/1769
s off
f 951/1045/1797 928/1040/1798 926/1043/1799 952/1046/1800
s 6
f 925/1038/1768 937/1051/1781 953/1063/1793 929/1066/1796
s off
f 932/1067/1801 933/1048/1802 935/1047/1803 954/1068/1804
f 955/1061/1805 939/1050/1806 936/1049/1807 956/1062/1808
f 957/1069/1809 938/1053/1810 940/1052/1811 958/1070/1812
f 945/1055/1813 941/1054/1814 948/1071/1815 959/1072/1816
f 958/1070/1817 940/1052/1818 944/1060/1819 960/1073/1820
f 934/1041/1821 928/1040/1822 951/1045/1823 930/1074/1824
f 956/1062/1825 936/1049/1826 934/1041/1827 930/1074/1828
f 935/1047/1829 938/1053/1830 957/1069/1831 954/1068/1832
s 6
f 942/1059/1789 957/1069/1833 958/1070/1834 943/1056/1786
s off
f 944/1060/1835 945/1055/1836 959/1072/1837 960/1073/1838
s 6
f 959/1072/1839 949/1064/1794 960/1073/1840
s off
f 926/1043/1841 933/1048/1842 932/1067/1843 952/1046/1844
f 941/1054/1845 939/1050/1846 955/1061/1847 948/1071/1848
s 6
f 942/1059/1789 931/1075/1849 932/1067/1850 954/1068/1851
f 942/1059/1789 954/1068/1851 957/1069/1833
f 949/1064/1794 943/1056/1786 958/1070/1834 960/1073/1840
f 959/1072/1839 948/1071/1852 947/1076/1853 949/1064/1794
f 948/1071/1852 955/1061/1791 953/1063/1793 947/1076/1853
f 929/1066/1796 953/1063/1793 956/1062/1792 930/1074/1854
f 950/1044/1774 929/1066/1796 930/1074/1854 951/1045/1775
f 931/1075/1849 950/1044/1774 952/1046/1776 932/1067/1850
s off
f 871/983/1855 886/1000/1856 937/1051/1857 922/1035/1858
f 886/1000/1859 902/1011/1860 953/1063/1861 937/1051/1862
f 902/1011/1863 896/1025/1864 947/1076/1865 953/1063/1866
f 949/1064/1867 947/1076/1868 896/1025/1869 898/1014/1870
f 898/1014/1871 910/1013/1872 961/1065/1873 949/1064/1874
f 910/1013/1875 895/1008/1876 946/1057/1877 961/1065/1878
f 895/1008/1879 911/1007/1880 962/1058/1881 946/1057/1882
f 911/1007/1883 891/1006/1884 942/1059/1885 962/1058/1886
f 891/1006/1887 880/1024/1888 931/1075/1889 942/1059/1890
f 880/1024/1891 899/993/1892 950/1044/1893 931/1075/1894
f 899/993/1895 873/987/1896 924/1039/1897 950/1044/1898
f 873/987/1899 863/976/1900 914/1027/1901 924/1039/1902
f 916/1028/1903 914/1027/1904 863/976/1905 865/975/1906
f 865/975/1907 867/979/1908 918/1030/1909 916/1028/1910
f 867/979/1911 913/982/1912 964/1033/1913 918/1030/1914
f 913/982/1915 869/981/1916 920/1032/1917 964/1033/1918
f 912/986/1919 963/1036/1920 920/1032/1921 869/981/1922
f 912/986/1923 872/985/1924 923/1037/1925 963/1036/1926
f 872/985/1927 870/984/1928 921/1034/1929 923/1037/1930
f 871/983/1931 922/1035/1932 921/1034/1933 870/984/1934
f 965/1077/1935 966/1078/1936 974/1079/1937 973/1080/1938
f 966/1078/1939 967/1081/1940 975/1082/1941 974/1079/1942
f 967/1081/1943 968/1083/1944 976/1084/1945 975/1082/1946
f 968/1083/1947 969/1085/1948 977/1086/1949 976/1084/1950
f 969/1085/1951 970/1087/1952 978/1088/1953 977/1086/1954
f 970/1087/1955 971/1089/1956 979/1090/1957 978/1088/1958
f 971/1089/1959 972/1091/1960 980/1092/1961 979/1090/1962
f 972/1091/1963 965/1077/1964 973/1080/1965 980/1092/1966
f 973/1080/1967 974/1079/1968 982/1093/1969 981/1094/1970
f 974/1079/1971 975/1082/1972 983/1095/1973 982/1093/1974
f 975/1082/1975 976/1084/1976 984/1096/1977 983/1095/1978
f 976/1084/1979 977/1086/1980 985/1097/1981 984/1096/1982
f 977/1086/1983 978/1088/1984 986/1098/1985 985/1097/1986
f 978/1088/1987 979/1090/1988 987/1099/1989 986/1098/1990
f 979/1090/1991 980/1092/1992 988/1100/1993 987/1099/1994
f 980/1092/1995 973/1080/1996 981/1094/1997 988/1100/1998
f 981/1094/1999 982/1093/2000 990/1101/2001 989/1102/2002
f 982/1093/2003 983/1095/2004 991/1103/2005 990/1101/2006
f 983/1095/2007 984/1096/2008 992/1104/2009 991/1103/2010
f 984/1096/2011 985/1097/2012 993/1105/2013 992/1104/2014
f 985/1097/2015 986/1098/2016 994/1106/2017 993/1105/2018
f 986/1098/2019 987/1099/2020 995/1107/2021 994/1106/2022
f 987/1099/2023 988/1100/2024 996/1108/2025 995/1107/2026
f 988/1100/2027 981/1094/2028 989/1102/2029 996/1108/2030
f 989/1102/2031 990/1101/2032 998/1109/2033 997/1110/2034
f 990/1101/2035 991/1103/2036 999/1111/2037 998/1109/2038
f 991/1103/2039 992/1104/2040 1000/1112/2041 999/1111/2042
f 992/1104/2043 993/1105/2044 1001/1113/2045 1000/1112/2046
f 993/1105/2047 994/1106/2048 1002/1114/2049 1001/1113/2050
f 994/1106/2051 995/1107/2052 1003/1115/2053 1002/1114/2054
f 995/1107/2055 996/1108/2056 1004/1116/2057 1003/1115/2058
f 996/1108/2059 989/1102/2060 997/1110/2061 1004/1116/2062
f 997/1110/2063 998/1109/2064 1006/1117/2065 1005/1118/2066
f 998/1109/2067 999/1111/2068 1007/1119/2069 1006/1117/2070
f 999/1111/2071 1000/1112/2072 1008/1120/2073 1007/1119/2074
f 1000/1112/2075 1001/1113/2076 1009/1121/2077 1008/1120/2078
f 1001/1113/2079 1002/1114/2080 1010/1122/2081 1009/1121/2082
f 1002/1114/2083 1003/1115/2084 1011/1123/2085 1010/1122/2086
f 1003/1115/2087 1004/1116/2088 1012/1124/2089 1011/1123/2090
f 1004/1116/2091 997/1110/2092 1005/1118/2093 1012/1124/2094
f 1005/1118/2095 1006/1117/2096 1014/1125/2097 1013/1126/2098
f 1006/1117/2099 1007/1119/2100 1015/1127/2101 1014/1125/2102
f 1007/1119/2103 1008/1120/2104 1016/1128/2105 1015/1127/2106
f 1008/1120/2107 1009/1121/2108 1017/1129/2109 1016/1128/2110
f 1009/1121/2111 1010/1122/2112 1018/1130/2113 1017/1129/2114
f 1010/1122/2115 1011/1123/2116 1019/1131/2117 1018/1130/2118
f 1011/1123/2119 1012/1124/2120 1020/1132/2121 1019/1131/2122
f 1012/1124/2123 1005/1118/2124 1013/1126/2125 1020/1132/2126
f 966/1078/2127 965/1077/2128 1021/1133/2129
f 967/1081/2130 966/1078/2131 1021/1133/2132
f 968/1083/2133 967/1081/2134 1021/1133/2135
f 969/1085/2136 968/1083/2137 1021/1133/2138
f 970/1087/2139 969/1085/2140 1021/1133/2141
f 971/1089/2142 970/1087/2143 1021/1133/2144
f 972/1091/2145 971/1089/2146 1021/1133/2147
f 965/1077/2148 972/1091/2149 1021/1133/2150
f 1013/1126/2151 1014/1125/2152 1022/1134/2153
f 1014/1125/2154 1015/1127/2155 1022/1134/2156
f 1015/1127/2157 1016/1128/2158 1022/1134/2159
f 1016/1128/2160 1017/1129/2161 1022/1134/2162
f 1017/1129/2163 1018/1130/2164 1022/1134/2165
f 1018/1130/2166 1019/1131/2167 1022/1134/2168
f 1019/1131/2169 1020/1132/2170 1022/1134/2171
f 1020/1132/2172 1013/1126/2173 1022/1134/2174
f 1023/1135/2175 1031/1136/2176 1032/1137/2177 1024/1138/2178
f 1024/1138/2179 1032/1137/2180 1033/1139/2181 1025/1140/2182
f 1025/1140/2183 1033/1139/2184 1034/1141/2185 1026/1142/2186
f 1026/1142/2187 1034/1141/2188 1035/1143/2189 1027/1144/2190
f 1027/1144/2191 1035/1143/2192 1036/1145/2193 1028/1146/2194
f 1028/1146/2195 1036/1145/2196 1037/1147/2197 1029/1148/2198
f 1029/1148/2199 1037/1147/2200 1038/1149/2201 1030/1150/2202
f 1030/1150/2203 1038/1149/2204 1031/1136/2205 1023/1135/2206
f 1031/1136/2207 1039/1151/2208 1040/1152/2209 1032/1137/2210
f 1032/1137/2211 1040/1152/2212 1041/1153/2213 1033/1139/2214
f 1033/1139/2215 1041/1153/2216 1042/1154/2217 1034/1141/2218
f 1034/1141/2219 1042/1154/2220 1043/1155/2221 1035/1143/2222
f 1035/1143/2223 1043/1155/2224 1044/1156/2225 1036/1145/2226
f 1036/1145/2227 1044/1156/2228 1045/1157/2229 1037/1147/2230
f 1037/1147/2231 1045/1157/2232 1046/1158/2233 1038/1149/2234
f 1038/1149/2235 1046/1158/2236 1039/1151/2237 1031/1136/2238
f 1039/1151/2239 1047/1159/2240 1048/1160/2241 1040/1152/2242
f 1040/1152/2243 1048/1160/2244 1049/1161/2245 1041/1153/2246
f 1041/1153/2247 1049/1161/2248 1050/1162/2249 1042/1154/2250
f 1042/1154/2251 1050/1162/2252 1051/1163/2253 1043/1155/2254
f 1043/1155/2255 1051/1163/2256 1052/1164/2257 1044/1156/2258
f 1044/1156/2259 1052/1164/2260 1053/1165/2261 1045/1157/2262
f 1045/1157/2263 1053/1165/2264 1054/1166/2265 1046/1158/2266
f 1046/1158/2267 1054/1166/2268 1047/1159/2269 1039/1151/2270
f 1047/1159/2271 1055/1167/2272 1056/1168/2273 1048/1160/2274
f 1048/1160/2275 1056/1168/2276 1057/1169/2277 1049/1161/2278
f 1049/1161/2279 1057/1169/2280 1058/1170/2281 1050/1162/2282
f 1050/1162/2283 1058/1170/2284 1059/1171/2285 1051/1163/2286
f 1051/1163/2287 1059/1171/2288 1060/1172/2289 1052/1164/2290
f 1052/1164/2291 1060/1172/2292 1061/1173/2293 1053/1165/2294
f 1053/1165/2295 1061/1173/2296 1062/1174/2297 1054/1166/2298
f 1054/1166/2299 1062/1174/2300 1055/1167/2301 1047/1159/2302
f 1055/1167/2303 1063/1175/2304 1064/1176/2305 1056/1168/2306
f 1056/1168/2307 1064/1176/2308 1065/1177/2309 1057/1169/2310
f 1057/1169/2311 1065/1177/2312 1066/1178/2313 1058/1170/2314
f 1058/1170/2315 1066/1178/2316 1067/1179/2317 1059/1171/2318
f 1059/1171/2319 1067/1179/2320 1068/1180/2321 1060/1172/2322
f 1060/1172/2323 1068/1180/2324 1069/1181/2325 1061/1173/2326
f 1061/1173/2327 1069/1181/2328 1070/1182/2329 1062/1174/2330
f 1062/1174/2331 1070/1182/2332 1063/1175/2333 1055/1167/2334
f 1063/1175/2335 1071/1183/2336 1072/1184/2337 1064/1176/2338
f 1064/1176/2339 1072/1184/2340 1073/1185/2341 1065/1177/2342
f 1065/1177/2343 1073/1185/2344 1074/1186/2345 1066/1178/2346
f 1066/1178/2347 1074/1186/2348 1075/1187/2349 1067/1179/2350
f 1067/1179/2351 1075/1187/2352 1076/1188/2353 1068/1180/2354
f 1068/1180/2355 1076/1188/2356 1077/1189/2357 1069/1181/2358
f 1069/1181/2359 1077/1189/2360 1078/1190/2361 1070/1182/2362
f 1070/1182/2363 1078/1190/2364 1071/1183/2365 1063/1175/2366
f 1024/1138/2367 1079/1191/2368 1023/1135/2369
f 1025/1140/2370 1079/1191/2371 1024/1138/2372
f 1026/1142/2373 1079/1191/2374 1025/1140/2375
f 1027/1144/2376 1079/1191/2377 1026/1142/2378
f 1028/1146/2379 1079/1191/2380 1027/1144/2381
f 1029/1148/2382 1079/1191/2383 1028/1146/2384
f 1030/1150/2385 1079/1191/2386 1029/1148/2387
f 1023/1135/2388 1079/1191/2389 1030/1150/2390
f 1071/1183/2391 1080/1192/2392 1072/1184/2393
f 1072/1184/2394 1080/1192/2395 1073/1185/2396
f 1073/1185/2397 1080/1192/2398 1074/1186/2399
f 1074/1186/2400 1080/1192/2401 1075/1187/2402
f 1075/1187/2403 1080/1192/2404 1076/1188/2405
f 1076/1188/2406 1080/1192/2407 1077/1189/2408
f 1077/1189/2409 1080/1192/2410 1078/1190/2411
f 1078/1190/2412 1080/1192/2413 1071/1183/2414
s 12
f 1086/1193/2415 1085/1194/2416 1088/1195/2417 1087/1196/2418
s off
f 1085/1194/2419 1084/1197/2420 1089/1198/2421 1088/1195/2422
f 1084/1197/2423 1085/1194/2424 1091/1199/2425 1090/1200/2426
s 12
f 1085/1201/2427 1086/1202/2415 1092/1203/2428 1091/1204/2429
s 14
f 1081/1205/2430 1104/1206/2431 1105/1207/2432 1082/1208/2433
f 1082/1208/2433 1105/1207/2432 1106/1209/2434 1083/1210/2435
s 15
f 1107/1211/2436 1088/1195/2437 1089/1198/2438 1114/1212/2439
s 14
f 1087/1196/2440 1115/1213/2441 1108/1214/2442 1093/1215/2443
f 1104/1206/2431 1081/1205/2430 1103/1216/2444 1111/1217/2445
f 1108/1214/2442 1111/1217/2445 1103/1216/2444 1093/1215/2443
s off
f 1084/1197/2446 1090/1200/2447 1101/1218/2448 1099/1219/2449
f 1083/1210/2450 1106/1209/2451 1110/1220/2452 1100/1221/2453
f 1089/1198/2454 1084/1197/2455 1099/1219/2456 1098/1222/2457
s 17
f 1092/1223/2458 1113/1224/2459 1101/1225/2460 1090/1226/2461
f 1092/1223/2458 1090/1226/2461 1091/1227/2462
s 15
f 1114/1212/2439 1089/1198/2438 1098/1222/2463 1109/1228/2464
s 14
f 1107/1211/2465 1115/1213/2441 1087/1196/2440 1088/1195/2466
s 18
f 1121/1229/2467 1122/1230/2468 1123/1231/2469 1120/1232/2470
s off
f 1120/1232/2471 1123/1231/2472 1124/1233/2473 1119/1234/2474
f 1119/1234/2475 1125/1235/2476 1126/1236/2477 1120/1232/2478
s 18
f 1120/1237/2479 1126/1238/2480 1127/1239/2481 1121/1240/2467
s 20
f 1116/1241/2482 1117/1242/2483 1131/1243/2484 1130/1244/2485
f 1117/1242/2483 1118/1245/2486 1132/1246/2487 1131/1243/2484
s 21
f 1133/1247/2488 1136/1248/2489 1124/1233/2490 1123/1231/2491
s 20
f 1134/1249/2492 1128/1250/2493 1129/1251/2494 1135/1252/2495
f 1122/1230/2496 1128/1250/2493 1134/1249/2492 1137/1253/2497
f 1130/1244/2485 1135/1252/2495 1129/1251/2494 1116/1241/2482
s off
f 1125/1235/2498 1119/1234/2499 1099/1219/2500 1101/1218/2501
f 1132/1246/2502 1118/1245/2503 1100/1221/2504 1110/1220/2505
f 1119/1234/2506 1124/1233/2507 1098/1222/2508 1099/1219/2509
s 17
f 1113/1224/2459 1127/1254/2510 1125/1255/2511 1101/1225/2512
f 1127/1254/2510 1126/1256/2513 1125/1255/2511
s 21
f 1124/1233/2490 1136/1248/2489 1109/1228/2514 1098/1222/2515
s 20
f 1133/1247/2516 1123/1231/2517 1122/1230/2496 1137/1253/2497
s off
f 1138/1257/2518 1139/1258/2519 1149/1259/2520 1148/1260/2521
s 24
f 1139/1258/2522 1138/1257/2523 1140/1261/2524 1141/1262/2525
f 1141/1262/2525 1140/1261/2524 1150/1263/2526 1151/1264/2527
f 1142/1265/2528 1143/1266/2529 1153/1267/2530 1152/1268/2531
f 1143/1266/2529 1142/1265/2528 1144/1269/2532 1145/1270/2533
s off
f 1145/1270/2534 1144/1269/2535 1147/1271/2536 1146/1272/2537
s 26
f 1146/1272/2538 1147/1271/2539 1157/1273/2540 1156/1274/2541
s 27
f 1148/1260/2542 1149/1259/2543 1155/1275/2544 1154/1276/2545
s 24
f 1151/1264/2527 1150/1263/2526 1152/1268/2531 1153/1267/2530
s 27
f 1154/1276/2545 1155/1275/2544 1168/1277/2546 1169/1278/2547
s 26
f 1156/1274/2541 1157/1273/2540 1166/1279/2548 1167/1280/2549
s 28
f 1158/1281/2550 1159/1282/2551 1161/1283/2552 1160/1284/2553
s off
f 1159/1282/2554 1158/1281/2555 1169/1278/2556 1168/1277/2557
s 28
f 1160/1284/2553 1161/1283/2552 1171/1285/2558 1170/1286/2559
f 1162/1287/2560 1163/1288/2561 1165/1289/2562 1164/1290/2563
f 1163/1288/2561 1162/1287/2560 1172/1291/2564 1173/1292/2565
s off
f 1164/1290/2566 1165/1289/2567 1167/1280/2568 1166/1279/2569
s 28
f 1170/1286/2559 1171/1285/2558 1173/1292/2565 1172/1291/2564
s 12
f 1142/1293/2570 1081/1294/2571 1082/1517/2572 1144/1518/2573
s off
f 1147/1295/2574 1144/1296/2575 1082/1297/2576 1083/1298/2577
s 12
f 1138/1299/2578 1086/1202/2415 1087/1300/2418 1140/1301/2579
f 1086/1202/2415 1138/1299/2578 1148/1302/2580 1092/1203/2428
f 1150/1513/2581 1093/1514/2582 1103/1515/2583 1152/1516/2584
f 1140/1301/2579 1087/1300/2418 1093/1304/2582 1150/1303/2581
f 1081/1294/2571 1142/1293/2570 1152/1306/2584 1103/1305/2583
s 31
f 1149/1259/2585 1139/1258/2586 1097/1307/2587 1155/1275/2588
s 32
f 1147/1295/2589 1083/1298/2590 1100/1308/2591 1157/1309/2592
s 31
f 1143/1266/2593 1094/1310/2594 1102/1311/2595 1153/1267/2596
f 1139/1258/2586 1141/1262/2597 1096/1312/2598 1097/1307/2587
f 1141/1262/2597 1151/1264/2599 1095/1313/2600 1096/1312/2598
f 1095/1313/2600 1151/1264/2599 1153/1267/2596 1102/1311/2595
f 1145/1270/2601 1112/1314/2602 1094/1310/2594 1143/1266/2593
s 17
f 1092/1223/2458 1148/1315/2603 1154/1316/2604 1113/1224/2459
s 31
f 1145/1270/2601 1146/1272/2605 1156/1274/2606 1112/1314/2602
s 18
f 1116/1317/2607 1162/1318/2608 1164/1319/2609 1117/1320/2610
s off
f 1117/1321/2611 1164/1322/2612 1166/1323/2613 1118/1324/2614
s 18
f 1158/1325/2615 1160/1326/2616 1122/1327/2468 1121/1240/2467
f 1169/1328/2617 1158/1325/2615 1121/1240/2467 1127/1239/2481
f 1128/1329/2618 1170/1330/2619 1172/1331/2620 1129/1332/2621
f 1122/1327/2468 1160/1326/2616 1170/1330/2619 1128/1329/2618
f 1162/1318/2608 1116/1317/2607 1129/1332/2621 1172/1331/2620
s 31
f 1159/1282/2622 1168/1277/2623 1155/1275/2588 1097/1307/2587
s 32
f 1118/1324/2624 1166/1323/2625 1157/1309/2592 1100/1308/2591
s 31
f 1094/1310/2594 1163/1288/2626 1173/1292/2627 1102/1311/2595
f 1161/1283/2628 1159/1282/2622 1097/1307/2587 1096/1312/2598
f 1171/1285/2629 1161/1283/2628 1096/1312/2598 1095/1313/2600
f 1171/1285/2629 1095/1313/2600 1102/1311/2595 1173/1292/2627
f 1165/1289/2630 1163/1288/2626 1094/1310/2594 1112/1314/2602
s 17
f 1169/1333/2631 1127/1254/2510 1113/1224/2459 1154/1316/2604
s 31
f 1167/1280/2632 1165/1289/2630 1112/1314/2602 1156/1274/2606
s off
f 1105/1334/2633 1104/1335/2634 1174/1336/2635 1175/1337/2636
f 1106/1338/2637 1105/1339/2638 1175/1340/2639 1176/1341/2640
f 1115/1342/2641 1107/1343/2642 1178/1344/2643 1179/1345/2644
f 1174/1336/2645 1104/1335/2646 1111/1346/2647 1180/1347/2648
f 1177/1348/2649 1180/1347/2650 1111/1346/2651 1108/1349/2652
f 1110/1350/2653 1106/1338/2654 1176/1341/2655 1181/1351/2656
f 1107/1352/2657 1114/1353/2658 1182/1354/2659 1178/1355/2660
f 1114/1353/2661 1109/1356/2662 1183/1357/2663 1182/1354/2664
f 1108/1349/2665 1115/1342/2666 1179/1345/2667 1177/1348/2668
f 1130/1358/2669 1131/1359/2670 1185/1360/2671 1184/1361/2672
f 1131/1362/2673 1132/1363/2674 1186/1364/2675 1185/1365/2676
f 1187/1366/2677 1134/1367/2678 1135/1368/2679 1190/1369/2680
f 1133/1370/2681 1137/1371/2682 1189/1372/2683 1188/1373/2684
f 1184/1361/2685 1190/1369/2686 1135/1368/2687 1130/1358/2688
f 1136/1374/2689 1133/1375/2690 1188/1376/2691 1191/1377/2692
f 1109/1356/2693 1136/1374/2694 1191/1377/2695 1183/1357/2696
f 1137/1371/2697 1134/1367/2698 1187/1366/2699 1189/1372/2700
f 1132/1363/2701 1110/1350/2702 1181/1351/2703 1186/1364/2704
s 35
f 1177/1378/2705 1179/1379/2706 1192/1380/2707 1193/1381/2708
s 36
f 1194/1382/2709 1195/1383/2710 1174/1384/2711 1180/1385/2712
s 37
f 1175/1386/2713 1174/1384/2714 1195/1383/2715 1196/1387/2716
s 38
f 1193/1381/2717 1194/1382/2718 1180/1385/2719 1177/1378/2720
s 35
f 1193/1381/2708 1192/1380/2707 1189/1388/2721 1187/1389/2722
s 38
f 1187/1389/2723 1190/1390/2724 1194/1382/2718 1193/1381/2717
s 36
f 1184/1391/2725 1195/1383/2710 1194/1382/2709 1190/1390/2726
s 37
f 1196/1387/2716 1195/1383/2715 1184/1391/2727 1185/1392/2728
s 39
f 1179/1379/2729 1178/1393/2730 1197/1394/2731 1192/1380/2732
f 1183/1395/2733 1197/1394/2731 1178/1393/2730 1182/1396/2734
f 1188/1397/2735 1197/1394/2731 1183/1395/2733 1191/1398/2736
f 1192/1380/2732 1197/1394/2731 1188/1397/2735 1189/1388/2737
s off
f 1181/1399/2738 1176/1400/2739 1175/1386/2740 1196/1387/2741
f 1186/1401/2742 1181/1399/2743 1196/1387/2744 1185/1392/2745
s 40
f 1199/1446/2746 1198/1447/2747 1210/1448/2748
f 1200/1507/2749 1199/1446/2746 1210/1448/2748
f 1201/1450/2750 1200/1449/2749 1210/1448/2748
f 1202/1451/2751 1201/1450/2750 1210/1448/2748
f 1203/1452/2752 1202/1451/2751 1210/1448/2748
f 1204/1453/2753 1203/1452/2752 1210/1448/2748
f 1205/1454/2754 1204/1453/2753 1210/1448/2748
f 1206/1455/2755 1205/1454/2754 1210/1448/2748
f 1207/1456/2756 1206/1455/2755 1210/1448/2748
f 1208/1457/2757 1207/1456/2756 1210/1448/2748
f 1209/1458/2758 1208/1457/2757 1210/1448/2748
f 1198/1447/2747 1209/1458/2758 1210/1448/2748
s 41
f 1198/1447/2759 1199/1446/2760 1215/1508/2761 1212/1459/2762
f 1199/1446/2763 1200/1507/2764 1218/1512/2765 1215/1508/2761
f 1200/1449/2764 1201/1450/2766 1221/1461/2767 1218/1460/2765
f 1201/1450/2768 1202/1451/2769 1224/1462/2770 1221/1461/2767
f 1202/1451/2769 1203/1452/2771 1227/1463/2772 1224/1462/2770
f 1203/1452/2773 1204/1453/2774 1230/1464/2775 1227/1463/2772
f 1204/1453/2774 1205/1454/2776 1233/1465/2777 1230/1464/2775
f 1205/1454/2778 1206/1455/2779 1236/1466/2780 1233/1465/2777
f 1206/1455/2779 1207/1456/2781 1239/1467/2782 1236/1466/2780
f 1207/1456/2783 1208/1457/2784 1242/1468/2785 1239/1467/2782
f 1208/1457/2784 1209/1458/2786 1245/1469/2787 1242/1468/2785
f 1209/1458/2786 1198/1447/2759 1212/1459/2762 1245/1469/2787
s 47
f 1214/1470/2788 1217/1471/2789 1211/1472/2790
f 1217/1471/2789 1220/1509/2791 1211/1472/2790
f 1220/1473/2791 1223/1474/2792 1211/1472/2790
f 1223/1474/2792 1226/1475/2793 1211/1472/2790
f 1226/1475/2793 1229/1476/2794 1211/1472/2790
f 1229/1476/2794 1232/1477/2795 1211/1472/2790
f 1232/1477/2795 1235/1478/2796 1211/1472/2790
f 1235/1478/2796 1238/1479/2797 1211/1472/2790
f 1238/1479/2797 1241/1480/2798 1211/1472/2790
f 1241/1480/2798 1244/1481/2799 1211/1472/2790
f 1244/1481/2799 1247/1482/2800 1211/1472/2790
f 1247/1482/2800 1214/1470/2788 1211/1472/2790
s 41
f 1212/1459/2762 1213/1483/2801 1246/1484/2802 1245/1469/2787
s 47
f 1213/1483/2803 1214/1470/2788 1247/1482/2800 1246/1484/2804
f 1214/1470/2788 1213/1483/2803 1216/1510/2805 1217/1471/2789
s 41
f 1213/1483/2801 1212/1459/2762 1215/1508/2761 1216/1510/2806
s 47
f 1217/1471/2789 1216/1510/2805 1219/1511/2807 1220/1509/2791
s 41
f 1216/1510/2806 1215/1508/2761 1218/1512/2765 1219/1511/2808
s 47
f 1220/1473/2791 1219/1485/2807 1222/1486/2809 1223/1474/2792
s 41
f 1219/1485/2808 1218/1460/2765 1221/1461/2767 1222/1486/2810
s 47
f 1223/1474/2792 1222/1486/2809 1225/1487/2811 1226/1475/2793
s 41
f 1222/1486/2810 1221/1461/2767 1224/1462/2770 1225/1487/2812
s 47
f 1226/1475/2793 1225/1487/2811 1228/1488/2813 1229/1476/2794
s 41
f 1225/1487/2812 1224/1462/2770 1227/1463/2772 1228/1488/2814
s 47
f 1229/1476/2794 1228/1488/2813 1231/1489/2815 1232/1477/2795
s 41
f 1228/1488/2814 1227/1463/2772 1230/1464/2775 1231/1489/2816
s 47
f 1232/1477/2795 1231/1489/2815 1234/1490/2817 1235/1478/2796
s 41
f 1231/1489/2816 1230/1464/2775 1233/1465/2777 1234/1490/2818
s 47
f 1235/1478/2796 1234/1490/2817 1237/1491/2819 1238/1479/2797
s 41
f 1234/1490/2818 1233/1465/2777 1236/1466/2780 1237/1491/2820
s 47
f 1238/1479/2797 1237/1491/2819 1240/1492/2821 1241/1480/2798
s 41
f 1237/1491/2820 1236/1466/2780 1239/1467/2782 1240/1492/2822
s 47
f 1241/1480/2798 1240/1492/2821 1243/1493/2823 1244/1481/2799
s 41
f 1240/1492/2822 1239/1467/2782 1242/1468/2785 1243/1493/2824
s 47
f 1244/1481/2799 1243/1493/2823 1246/1484/2804 1247/1482/2800
s 41
f 1243/1493/2824 1242/1468/2785 1245/1469/2787 1246/1484/2802
s 48
f 1249/1402/2825 1260/1498/2826 1248/1404/2827
f 1250/1405/2828 1260/1498/2826 1249/1402/2825
f 1251/1406/2829 1260/1403/2826 1250/1405/2828
f 1252/1407/2830 1260/1403/2826 1251/1406/2829
f 1253/1408/2831 1260/1403/2826 1252/1407/2830
f 1254/1409/2832 1260/1403/2826 1253/1408/2831
f 1255/1410/2833 1260/1403/2826 1254/1409/2832
f 1256/1411/2834 1260/1403/2826 1255/1410/2833
f 1257/1412/2835 1260/1498/2826 1256/1500/2834
f 1258/1413/2836 1260/1498/2826 1257/1412/2835
f 1259/1414/2837 1260/1498/2826 1258/1413/2836
f 1248/1404/2827 1260/1498/2826 1259/1414/2837
s 49
f 1248/1404/2838 1262/1415/2839 1265/1416/2840 1249/1402/2841
f 1249/1402/2842 1265/1416/2840 1268/1417/2843 1250/1405/2844
f 1250/1405/2844 1268/1417/2843 1271/1418/2845 1251/1406/2846
f 1251/1406/2847 1271/1418/2845 1274/1419/2848 1252/1407/2849
f 1252/1407/2849 1274/1419/2848 1277/1420/2850 1253/1408/2851
f 1253/1408/2852 1277/1420/2850 1280/1421/2853 1254/1409/2854
f 1254/1409/2854 1280/1421/2853 1283/1422/2855 1255/1410/2856
f 1255/1410/2857 1283/1422/2855 1286/1423/2858 1256/1411/2859
f 1256/1500/2859 1286/1494/2858 1289/1499/2860 1257/1412/2861
f 1257/1412/2862 1289/1499/2860 1292/1424/2863 1258/1413/2864
f 1258/1413/2864 1292/1424/2863 1295/1425/2865 1259/1414/2866
f 1259/1414/2866 1295/1425/2865 1262/1415/2839 1248/1404/2838
s 55
f 1264/1501/2867 1261/1497/2868 1267/1502/2869
f 1267/1502/2869 1261/1497/2868 1270/1503/2870
f 1270/1427/2870 1261/1426/2868 1273/1428/2871
f 1273/1428/2871 1261/1426/2868 1276/1429/2872
f 1276/1429/2872 1261/1426/2868 1279/1430/2873
f 1279/1430/2873 1261/1426/2868 1282/1431/2874
f 1282/1431/2874 1261/1426/2868 1285/1432/2875
f 1285/1432/2875 1261/1426/2868 1288/1433/2876
f 1288/1504/2876 1261/1497/2868 1291/1505/2877
f 1291/1505/2877 1261/1497/2868 1294/1506/2878
f 1294/1506/2878 1261/1497/2868 1297/1496/2879
f 1297/1496/2879 1261/1497/2868 1264/1501/2867
s 49
f 1262/1415/2839 1295/1425/2865 1296/1434/2880 1263/1435/2881
s 55
f 1263/1435/2882 1296/1434/2883 1297/1496/2879 1264/1501/2867
f 1264/1501/2867 1267/1502/2869 1266/1436/2884 1263/1435/2882
s 49
f 1263/1435/2881 1266/1436/2885 1265/1416/2840 1262/1415/2839
s 55
f 1267/1502/2869 1270/1427/2870 1269/1437/2886 1266/1436/2884
s 49
f 1266/1436/2885 1269/1437/2887 1268/1417/2843 1265/1416/2840
s 55
f 1270/1427/2870 1273/1428/2871 1272/1438/2888 1269/1437/2886
s 49
f 1269/1437/2887 1272/1438/2889 1271/1418/2845 1268/1417/2843
s 55
f 1273/1428/2871 1276/1429/2872 1275/1439/2890 1272/1438/2888
s 49
f 1272/1438/2889 1275/1439/2891 1274/1419/2848 1271/1418/2845
s 55
f 1276/1429/2872 1279/1430/2873 1278/1440/2892 1275/1439/2890
s 49
f 1275/1439/2891 1278/1440/2893 1277/1420/2850 1274/1419/2848
s 55
f 1279/1430/2873 1282/1431/2874 1281/1441/2894 1278/1440/2892
s 49
f 1278/1440/2893 1281/1441/2895 1280/1421/2853 1277/1420/2850
s 55
f 1282/1431/2874 1285/1432/2875 1284/1442/2896 1281/1441/2894
s 49
f 1281/1441/2895 1284/1442/2897 1283/1422/2855 1280/1421/2853
s 55
f 1285/1432/2875 1288/1433/2876 1287/1443/2898 1284/1442/2896
s 49
f 1284/1442/2897 1287/1443/2899 1286/1423/2858 1283/1422/2855
s 55
f 1288/1504/2876 1291/1505/2877 1290/1444/2900 1287/1495/2898
s 49
f 1287/1495/2899 1290/1444/2901 1289/1499/2860 1286/1494/2858
s 55
f 1291/1505/2877 1294/1506/2878 1293/1445/2902 1290/1444/2900
s 49
f 1290/1444/2901 1293/1445/2903 1292/1424/2863 1289/1499/2860
s 55
f 1294/1506/2878 1297/1496/2879 1296/1434/2883 1293/1445/2902
s 49
f 1293/1445/2903 1296/1434/2880 1295/1425/2865 1292/1424/2863
s 56
f 1298/1519/2904 1299/1520/2905 1311/1521/2906 1310/1522/2907
f 1299/1520/2905 1300/1523/2908 1312/1524/2909 1311/1521/2906
f 1300/1523/2908 1301/1525/2910 1313/1526/2911 1312/1524/2909
f 1301/1525/2910 1302/1527/2912 1314/1528/2913 1313/1526/2911
f 1302/1527/2912 1303/1529/2914 1315/1530/2915 1314/1528/2913
f 1303/1529/2914 1304/1531/2916 1316/1532/2917 1315/1530/2915
f 1304/1531/2916 1305/1533/2918 1317/1534/2919 1316/1532/2917
f 1305/1533/2918 1306/1535/2920 1318/1536/2921 1317/1534/2919
f 1306/1535/2920 1307/1537/2922 1319/1538/2923 1318/1536/2921
f 1307/1537/2922 1308/1539/2924 1320/1540/2925 1319/1538/2923
f 1308/1539/2924 1309/1541/2926 1321/1542/2927 1320/1540/2925
f 1309/1541/2926 1298/1519/2904 1310/1522/2907 1321/1542/2927
f 1310/1522/2907 1311/1521/2906 1323/1543/2928 1322/1544/2929
f 1311/1521/2906 1312/1524/2909 1324/1545/2930 1323/1543/2928
f 1312/1524/2909 1313/1526/2911 1325/1546/2931 1324/1545/2930
f 1313/1526/2911 1314/1528/2913 1326/1547/2932 1325/1546/2931
f 1314/1528/2913 1315/1530/2915 1327/1548/2933 1326/1547/2932
f 1315/1530/2915 1316/1532/2917 1328/1549/2934 1327/1548/2933
f 1316/1532/2917 1317/1534/2919 1329/1550/2935 1328/1549/2934
f 1317/1534/2919 1318/1536/2921 1330/1551/2936 1329/1550/2935
f 1318/1536/2921 1319/1538/2923 1331/1552/2937 1330/1551/2936
f 1319/1538/2923 1320/1540/2925 1332/1553/2938 1331/1552/2937
f 1320/1540/2925 1321/1542/2927 1333/1554/2939 1332/1553/2938
f 1321/1542/2927 1310/1522/2907 1322/1544/2929 1333/1554/2939
f 1322/1544/2929 1323/1543/2928 1335/1555/2940 1334/1556/2941
f 1323/1543/2928 1324/1545/2930 1336/1557/2942 1335/1555/2940
f 1324/1545/2930 1325/1546/2931 1337/1558/2943 1336/1557/2942
f 1325/1546/2931 1326/1547/2932 1338/1559/2944 1337/1558/2943
f 1326/1547/2932 1327/1548/2933 1339/1560/2945 1338/1559/2944
f 1327/1548/2933 1328/1549/2934 1340/1561/2946 1339/1560/2945
f 1328/1549/2934 1329/1550/2935 1341/1562/2947 1340/1561/2946
f 1329/1550/2935 1330/1551/2936 1342/1563/2948 1341/1562/2947
f 1330/1551/2936 1331/1552/2937 1343/1564/2949 1342/1563/2948
f 1331/1552/2937 1332/1553/2938 1344/1565/2950 1343/1564/2949
f 1332/1553/2938 1333/1554/2939 1345/1566/2951 1344/1565/2950
f 1333/1554/2939 1322/1544/2929 1334/1556/2941 1345/1566/2951
f 1334/1556/2941 1335/1555/2940 1347/1567/2952 1346/1568/2953
f 1335/1555/2940 1336/1557/2942 1348/1569/2954 1347/1567/2952
f 1336/1557/2942 1337/1558/2943 1349/1570/2955 1348/1569/2954
f 1337/1558/2943 1338/1559/2944 1350/1571/2956 1349/1570/2955
f 1338/1559/2944 1339/1560/2945 1351/1572/2957 1350/1571/2956
f 1339/1560/2945 1340/1561/2946 1352/1573/2958 1351/1572/2957
f 1340/1561/2946 1341/1562/2947 1353/1574/2959 1352/1573/2958
f 1341/1562/2947 1342/1563/2948 1354/1575/2960 1353/1574/2959
f 1342/1563/2948 1343/1564/2949 1355/1576/2961 1354/1575/2960
f 1343/1564/2949 1344/1565/2950 1356/1577/2962 1355/1576/2961
f 1344/1565/2950 1345/1566/2951 1357/1578/2963 1356/1577/2962
f 1345/1566/2951 1334/1556/2941 1346/1568/2953 1357/1578/2963
f 1346/1568/2953 1347/1567/2952 1359/1579/2964 1358/1580/2965
f 1347/1567/2952 1348/1569/2954 1360/1581/2966 1359/1579/2964
f 1348/1569/2954 1349/1570/2955 1361/1582/2967 1360/1581/2966
f 1349/1570/2955 1350/1571/2956 1362/1583/2968 1361/1582/2967
f 1350/1571/2956 1351/1572/2957 1363/1584/2969 1362/1583/2968
f 1351/1572/2957 1352/1573/2958 1364/1585/2970 1363/1584/2969
f 1352/1573/2958 1353/1574/2959 1365/1586/2971 1364/1585/2970
f 1353/1574/2959 1354/1575/2960 1366/1587/2972 1365/1586/2971
f 1354/1575/2960 1355/1576/2961 1367/1588/2973 1366/1587/2972
f 1355/1576/2961 1356/1577/2962 1368/1589/2974 1367/1588/2973
f 1356/1577/2962 1357/1578/2963 1369/1590/2975 1368/1589/2974
f 1357/1578/2963 1346/1568/2953 1358/1580/2965 1369/1590/2975
f 1358/1580/2965 1359/1579/2964 1371/1591/2976 1370/1592/2977
f 1359/1579/2964 1360/1581/2966 1372/1593/2978 1371/1591/2976
f 1360/1581/2966 1361/1582/2967 1373/1594/2979 1372/1593/2978
f 1361/1582/2967 1362/1583/2968 1374/1595/2980 1373/1594/2979
f 1362/1583/2968 1363/1584/2969 1375/1596/2981 1374/1595/2980
f 1363/1584/2969 1364/1585/2970 1376/1597/2982 1375/1596/2981
f 1364/1585/2970 1365/1586/2971 1377/1598/2983 1376/1597/2982
f 1365/1586/2971 1366/1587/2972 1378/1599/2984 1377/1598/2983
f 1366/1587/2972 1367/1588/2973 1379/1600/2985 1378/1599/2984
f 1367/1588/2973 1368/1589/2974 1380/1601/2986 1379/1600/2985
f 1368/1589/2974 1369/1590/2975 1381/1602/2987 1380/1601/2986
f 1369/1590/2975 1358/1580/2965 1370/1592/2977 1381/1602/2987
f 1370/1592/2977 1371/1591/2976 1383/1603/2988 1382/1604/2989
f 1371/1591/2976 1372/1593/2978 1384/1605/2990 1383/1603/2988
f 1372/1593/2978 1373/1594/2979 1385/1606/2991 1384/1605/2990
f 1373/1594/2979 1374/1595/2980 1386/1607/2992 1385/1606/2991
f 1374/1595/2980 1375/1596/2981 1387/1608/2993 1386/1607/2992
f 1375/1596/2981 1376/1597/2982 1388/1609/2994 1387/1608/2993
f 1376/1597/2982 1377/1598/2983 1389/1610/2995 1388/1609/2994
f 1377/1598/2983 1378/1599/2984 1390/1611/2996 1389/1610/2995
f 1378/1599/2984 1379/1600/2985 1391/1612/2997 1390/1611/2996
f 1379/1600/2985 1380/1601/2986 1392/1613/2998 1391/1612/2997
f 1380/1601/2986 1381/1602/2987 1393/1614/2999 1392/1613/2998
f 1381/1602/2987 1370/1592/2977 1382/1604/2989 1393/1614/2999
f 1382/1604/2989 1383/1603/2988 1395/1615/3000 1394/1616/3001
f 1383/1603/2988 1384/1605/2990 1396/1617/3002 1395/1615/3000
f 1384/1605/2990 1385/1606/2991 1397/1618/3003 1396/1617/3002
f 1385/1606/2991 1386/1607/2992 1398/1619/3004 1397/1618/3003
f 1386/1607/2992 1387/1608/2993 1399/1620/3005 1398/1619/3004
f 1387/1608/2993 1388/1609/2994 1400/1621/3006 1399/1620/3005
f 1388/1609/2994 1389/1610/2995 1401/1622/3007 1400/1621/3006
f 1389/1610/2995 1390/1611/2996 1402/1623/3008 1401/1622/3007
f 1390/1611/2996 1391/1612/2997 1403/1624/3009 1402/1623/3008
f 1391/1612/2997 1392/1613/2998 1404/1625/3010 1403/1624/3009
f 1392/1613/2998 1393/1614/2999 1405/1626/3011 1404/1625/3010
f 1393/1614/2999 1382/1604/2989 1394/1616/3001 1405/1626/3011
f 1394/1616/3001 1395/1615/3000 1407/1627/3012 1406/1628/3013
f 1395/1615/3000 1396/1617/3002 1408/1629/3014 1407/1627/3012
f 1396/1617/3002 1397/1618/3003 1409/1630/3015 1408/1629/3014
f 1397/1618/3003 1398/1619/3004 1410/1631/3016 1409/1630/3015
f 1398/1619/3004 1399/1620/3005 1411/1632/3017 1410/1631/3016
f 1399/1620/3005 1400/1621/3006 1412/1633/3018 1411/1632/3017
f 1400/1621/3006 1401/1622/3007 1413/1634/3019 1412/1633/3018
f 1401/1622/3007 1402/1623/3008 1414/1635/3020 1413/1634/3019
f 1402/1623/3008 1403/1624/3009 1415/1636/3021 1414/1635/3020
f 1403/1624/3009 1404/1625/3010 1416/1637/3022 1415/1636/3021
f 1404/1625/3010 1405/1626/3011 1417/1638/3023 1416/1637/3022
f 1405/1626/3011 1394/1616/3001 1406/1628/3013 1417/1638/3023
f 1406/1628/3013 1407/1627/3012 1419/1639/3024 1418/1640/3025
f 1407/1627/3012 1408/1629/3014 1420/1641/3026 1419/1639/3024
f 1408/1629/3014 1409/1630/3015 1421/1642/3027 1420/1641/3026
f 1409/1630/3015 1410/1631/3016 1422/1643/3028 1421/1642/3027
f 1410/1631/3016 1411/1632/3017 1423/1644/3029 1422/1643/3028
f 1411/1632/3017 1412/1633/3018 1424/1645/3030 1423/1644/3029
f 1412/1633/3018 1413/1634/3019 1425/1646/3031 1424/1645/3030
f 1413/1634/3019 1414/1635/3020 1426/1647/3032 1425/1646/3031
f 1414/1635/3020 1415/1636/3021 1427/1648/3033 1426/1647/3032
f 1415/1636/3021 1416/1637/3022 1428/1649/3034 1427/1648/3033
f 1416/1637/3022 1417/1638/3023 1429/1650/3035 1428/1649/3034
f 1417/1638/3023 1406/1628/3013 1418/1640/3025 1429/1650/3035
f 1299/1520/2905 1298/1519/2904 1430/1651/3036
f 1300/1523/2908 1299/1520/2905 1430/1651/3036
f 1301/1525/2910 1300/1523/2908 1430/1651/3036
f 1302/1527/2912 1301/1525/2910 1430/1651/3036
f 1303/1529/2914 1302/1527/2912 1430/1651/3036
f 1304/1531/2916 1303/1529/2914 1430/1651/3036
f 1305/1533/2918 1304/1531/2916 1430/1651/3036
f 1306/1535/2920 1305/1533/2918 1430/1651/3036
f 1307/1537/2922 1306/1535/2920 1430/1651/3036
f 1308/1539/2924 1307/1537/2922 1430/1651/3036
f 1309/1541/2926 1308/1539/2924 1430/1651/3036
f 1298/1519/2904 1309/1541/2926 1430/1651/3036
f 1418/1640/3025 1419/1639/3024 1431/1652/3037
f 1419/1639/3024 1420/1641/3026 1431/1652/3037
f 1420/1641/3026 1421/1642/3027 1431/1652/3037
f 1421/1642/3027 1422/1643/3028 1431/1652/3037
f 1422/1643/3028 1423/1644/3029 1431/1652/3037
f 1423/1644/3029 1424/1645/3030 1431/1652/3037
f 1424/1645/3030 1425/1646/3031 1431/1652/3037
f 1425/1646/3031 1426/1647/3032 1431/1652/3037
f 1426/1647/3032 1427/1648/3033 1431/1652/3037
f 1427/1648/3033 1428/1649/3034 1431/1652/3037
f 1428/1649/3034 1429/1650/3035 1431/1652/3037
f 1429/1650/3035 1418/1640/3025 1431/1652/3037
